NAME	# MATCHING PROBE SETS	MATCHING PROBE SET(S)	
CRHBP	1	CRHBP	
HTR7	1	HTR7	
LURAP1L	1	C9orf150	
BBX	1	BBX	
SPATA31G1	1	C9orf131	
EXOC3-AS1	1	C5orf55	
WDR83OS	1	C19orf56	
GSTK1	1	GSTK1	
DHDH	1	DHDH	
INSYN1	1	C15orf59	
BCR	1	BCR	
ORAI3	1	ORAI3	
AGTR1	1	AGTR1	
ORAI2	1	ORAI2	
ORAI1	1	ORAI1	
VOPP1	1	VOPP1	
HOATZ	1	C11orf88	
SPATA31H1	1	C2orf16	
COL13A1	1	COL13A1	
SHMT2	1	SHMT2	
SHMT1	1	SHMT1	
B3GLCT	1	B3GALTL	
RDH12	1	RDH12	
RDH11	1	RDH11	
RDH10	1	RDH10	
RDH16	1	RDH16	
RDH14	1	RDH14	
RDH13	1	RDH13	
GTF2IRD2B	1	GTF2IRD2B	
GSTM4	1	GSTM4	
GSTM3	1	GSTM3	
GSTM2	1	GSTM2	
GSTM1	1	GSTM1	
NEBL	1	NEBL	
TMEM254-AS1	1	LOC219347	
DHFR	1	DHFR	
PKIB	1	PKIB	
STRC	1	STRC	
PKIA	1	PKIA	
L1TD1	1	L1TD1	
STRN	1	STRN	
PKIG	1	PKIG	
GSTM5	1	GSTM5	
GTF2H2C	1	GTF2H2C	
KCNC1	1	KCNC1	
KCNC3	1	KCNC3	
KCNC4	1	KCNC4	
BBC3	1	BBC3	
GLT1D1	1	GLT1D1	
NEFL	1	NEFL	
NEFM	1	NEFM	
NEFH	1	NEFH	
STUM	1	C1orf95	
MYBPC3	1	MYBPC3	
MYBPC1	1	MYBPC1	
KCND1	1	KCND1	
MYBPC2	1	MYBPC2	
GSTO2	1	GSTO2	
KCND2	1	KCND2	
GSTO1	1	GSTO1	
KCND3	1	KCND3	
BGN	1	BGN	
TMEFF1	1	TMEFF1	
TMEFF2	1	TMEFF2	
GTF2H2B	1	GTF2H2B	
PKN3	1	PKN3	
GSTP1	1	GSTP1	
KCNA1	1	KCNA1	
SYNPO2	1	SYNPO2	
PTAFR	1	PTAFR	
ADAM22	1	ADAM22	
KCNA3	1	KCNA3	
ADAM21	1	ADAM21	
ADAM20	1	ADAM20	
KCNA5	1	KCNA5	
KCNA6	1	KCNA6	
KCNA7	1	KCNA7	
SDAD1	1	SDAD1	
ADAM28	1	ADAM28	
ADAM23	1	ADAM23	
STX6	1	STX6	
STX5	1	STX5	
STX4	1	STX4	
STX3	1	STX3	
BID	1	BID	
STX2	1	STX2	
SPDEF	1	SPDEF	
MBD3	1	MBD3	
MBD4	1	MBD4	
MBD5	1	MBD5	
MBD6	1	MBD6	
BIK	1	BIK	
KCNB1	1	KCNB1	
KCNB2	1	KCNB2	
MBD1	1	MBD1	
MBD2	1	MBD2	
ADAM33	1	ADAM33	
ADAM32	1	ADAM32	
KIAA2013	1	KIAA2013	
MITD1	1	MITD1	
PKN2	1	PKN2	
PKN1	1	PKN1	
KCNG1	1	KCNG1	
KCNG2	1	KCNG2	
KCNG3	1	KCNG3	
RASL11B	1	RASL11B	
FBXO27	1	FBXO27	
FBXO28	1	FBXO28	
RASL11A	1	RASL11A	
FBXO25	1	FBXO25	
GOLIM4	1	GOLIM4	
FBXO24	1	FBXO24	
FBXO21	1	FBXO21	
FBXO22	1	FBXO22	
FADS3	1	FADS3	
FADS2	1	FADS2	
POTEM	1	P704P	
POFUT2	1	POFUT2	
PTAR1	1	PTAR1	
FNTA	1	FNTA	
POFUT1	1	POFUT1	
FNTB	1	FNTB	
NEK1	1	NEK1	
POTEE	1	POTEE	
TNFRSF8	1	TNFRSF8	
NEK2	1	NEK2	
POTEF	1	POTEF	
NEK3	1	NEK3	
TNFRSF4	1	TNFRSF4	
FADS1	1	FADS1	
KCNH1	1	KCNH1	
KCNH2	1	KCNH2	
PIAS4	1	PIAS4	
KCNH3	1	KCNH3	
PIAS3	1	PIAS3	
KCNH4	1	KCNH4	
DGAT2	1	DGAT2	
DGAT1	1	DGAT1	
KCNH6	1	KCNH6	
KCNH7	1	KCNH7	
FBXO16	1	FBXO16	
KCNH8	1	KCNH8	
STX8	1	STX8	
FBXO17	1	FBXO17	
STX7	1	STX7	
FBXO15	1	FBXO15	
FBXO10	1	FBXO10	
NEAT1	1	NEAT1	
FBXO11	1	FBXO11	
PIAS2	1	PIAS2	
PIAS1	1	PIAS1	
LENG1	1	LENG1	
NPAS4	1	NPAS4	
MINPP1	1	MINPP1	
DMTF1	1	DMTF1	
PKP2	1	PKP2	
PKP1	1	PKP1	
PKP4	1	PKP4	
PKP3	1	PKP3	
BLK	1	BLK	
BLM	1	BLM	
KCNE1	1	KCNE1	
KCNE2	1	KCNE2	
KCNE3	1	KCNE3	
KCNE4	1	KCNE4	
KCNE5	1	KCNE1L	
ZC4H2	1	ZC4H2	
IREB2	1	IREB2	
FBXO48	1	FBXO48	
GSTT2	1	GSTT2	
FBXO45	1	FBXO45	
GSTT1	1	GSTT1	
FBXO46	1	FBXO46	
FBXO43	1	FBXO43	
FBXO44	1	FBXO44	
NPAS1	1	NPAS1	
CCDC144A	1	CCDC144A	
FBXO41	1	FBXO41	
NPAS2	1	NPAS2	
FBXO42	1	FBXO42	
NPAS3	1	NPAS3	
MBIP	1	MBIP	
BMF	1	BMF	
NEK8	1	NEK8	
KCNF1	1	KCNF1	
NEK9	1	NEK9	
SDF2L1	1	SDF2L1	
NEK4	1	NEK4	
RASL10A	1	RASL10A	
HTR1F	1	HTR1F	
NEK5	1	NEK5	
RASL10B	1	RASL10B	
FBXO38	1	FBXO38	
NEK6	1	NEK6	
TNFRSF9	1	TNFRSF9	
FBXO39	1	FBXO39	
HTR1D	1	HTR1D	
NEK7	1	NEK7	
STYX	1	STYX	
FBXO36	1	FBXO36	
HTR1B	1	HTR1B	
FBXO34	1	FBXO34	
BMX	1	BMX	
C6orf15	1	C6orf15	
FBXO32	1	FBXO32	
FBXO33	1	FBXO33	
FBXO30	1	FBXO30	
FAM90A1	1	FAM90A1	
FBXO31	1	FBXO31	
DRAP1	1	DRAP1	
VNN3P	1	VNN3	
SLC49A4	1	DIRC2	
MNAT1	1	MNAT1	
SLC49A3	1	MFSD7	
BCAR3	1	BCAR3	
KCNK5	1	KCNK5	
PIWIL2	1	PIWIL2	
KCNK6	1	KCNK6	
PIWIL1	1	PIWIL1	
KCNK7	1	KCNK7	
PIWIL4	1	PIWIL4	
ALAS1	1	ALAS1	
KCNK9	1	KCNK9	
ONECUT2	1	ONECUT2	
LRRC37BP1	1	LRRC37B2	
ONECUT3	1	ONECUT3	
ONECUT1	1	ONECUT1	
HTR2B	1	HTR2B	
PPWD1	1	PPWD1	
HTR2A	1	HTR2A	
NENF	1	NENF	
TNFSF13B	1	TNFSF13B	
BOC	1	BOC	
SPDL1	1	CCDC99	
NEO1	1	NEO1	
BCAS2	1	BCAS2	
BCAS1	1	BCAS1	
BOK	1	BOK	
BCAS4	1	BCAS4	
SLC36A1	1	SLC36A1	
BCAS3	1	BCAS3	
PIANP	1	C12orf53	
HTR3E	1	HTR3E	
VPS13C	1	VPS13C	
DHPS	1	DHPS	
VPS13D	1	VPS13D	
HTR3C	1	HTR3C	
VPS13A	1	VPS13A	
VPS13B	1	VPS13B	
HTR3A	1	HTR3A	
CCDC183-AS1	1	LOC100131193	
RABGGTB	1	RABGGTB	
RABGGTA	1	RABGGTA	
NEMF	1	SDCCAG1	
C1D	1	C1D	
BPI	1	BPI	
BCAT1	1	BCAT1	
BCAT2	1	BCAT2	
C1S	1	C1S	
C1R	1	C1R	
LENG9	1	LENG9	
LENG8	1	LENG8	
U2AF1	1	U2AF1	
IL2RG	1	IL2RG	
DRAM1	1	DRAM1	
U2AF2	1	U2AF2	
DRAM2	1	DRAM2	
TSPOAP1	1	BZRAP1	
BBLN	1	C9orf16	
KCNJ1	1	KCNJ1	
SLC36A4	1	SLC36A4	
KCNJ2	1	KCNJ2	
KCNJ3	1	KCNJ3	
KCNJ4	1	KCNJ4	
KCNJ5	1	KCNJ5	
COL26A1	1	EMID2	
KCNJ6	1	KCNJ6	
GPKOW	1	GPKOW	
KCNJ8	1	KCNJ8	
GSTZ1	1	GSTZ1	
IL2RA	1	IL2RA	
IL2RB	1	IL2RB	
KCNK1	1	KCNK1	
KCNK2	1	KCNK2	
BCAR1	1	BCAR1	
KCNK3	1	KCNK3	
SLC23A3	1	SLC23A3	
SLC23A2	1	SLC23A2	
CERK	1	CERK	
SLC23A1	1	SLC23A1	
LGALSL	1	HSPC159	
CCP110	1	CP110	
PEX26	1	PEX26	
LGALS4	1	LGALS4	
C4A	1	C4A	
LGALS3	1	LGALS3	
LGALS2	1	LGALS2	
HMGN2P46	1	C15orf21	
LGALS1	1	LGALS1	
BSG	1	BSG	
ATXN7L1	1	ATXN7L1	
LGALS9	1	LGALS9	
ATXN7L2	1	ATXN7L2	
BSN	1	BSN	
LGALS8	1	LGALS8	
ATXN7L3	1	ATXN7L3	
LGALS7	1	LGALS7	
INHBA-AS1	1	LOC285954	
LIMCH1	1	LIMCH1	
GOLPH3L	1	GOLPH3L	
DRAIC	1	LOC145837	
BTC	1	BTC	
ZNF542P	1	ZNF542	
BTD	1	BTD	
CFDP1	1	CFDP1	
CRISPLD1	1	CRISPLD1	
SOAT1	1	SOAT1	
CRISPLD2	1	CRISPLD2	
SOAT2	1	SOAT2	
KCNQ1	1	KCNQ1	
NINJ2	1	NINJ2	
SUB1	1	SUB1	
KCNQ2	1	KCNQ2	
NINJ1	1	NINJ1	
BTK	1	BTK	
KCNQ3	1	KCNQ3	
KCNQ4	1	KCNQ4	
KCNQ5	1	KCNQ5	
CES3	1	CES3	
CES2	1	CES2	
CES1	1	CES1	
CETP	1	CETP	
GRB7	1	GRB7	
DHX8	1	DHX8	
DHX9	1	DHX9	
RRAD	1	RRAD	
ZBTB1	1	ZBTB1	
ZBTB5	1	ZBTB5	
ZBTB4	1	ZBTB4	
CFAP126	1	C1orf192	
ZBTB3	1	ZBTB3	
ZBTB2	1	ZBTB2	
NKAIN2	1	NKAIN2	
PKHD1	1	PKHD1	
NEU3	1	NEU3	
NKAIN1	1	NKAIN1	
MC2R	1	MC2R	
NEU4	1	NEU4	
NKAIN4	1	NKAIN4	
MRNIP	1	C5orf45	
NKAIN3	1	LOC643763	
RACGAP1	1	RACGAP1	
RRAS	1	RRAS	
NEU1	1	NEU1	
KCNN1	1	KCNN1	
KCNN2	1	KCNN2	
KCNN3	1	KCNN3	
KCNN4	1	KCNN4	
H3C4	1	HIST1H3D	
H3C6	1	HIST1H3E	
BBS2	1	BBS2	
NTNG1	1	NTNG1	
SLC10A4	1	SLC10A4	
BBS1	1	BBS1	
NTNG2	1	NTNG2	
SLC10A5	1	SLC10A5	
SLC10A6	1	SLC10A6	
XBP1	1	XBP1	
SLC10A7	1	SLC10A7	
YES1	1	YES1	
SLC10A3	1	SLC10A3	
SUCO	1	C1orf9	
CFAP119	1	C16orf93	
CPLANE1	1	C5orf42	
CPLANE2	1	C1orf89	
NET1	1	NET1	
ZBTB9	1	ZBTB9	
PEX5L	1	PEX5L	
MC1R	1	MC1R	
ZBTB6	1	ZBTB6	
FAM30A	1	KIAA0125	
SPDYA	1	SPDYA	
GRB2	1	GRB2	
GRAP	1	GRAP	
C8B	1	C8B	
TFB1M	1	TFB1M	
C8A	1	C8A	
C8G	1	C8G	
KCNT1	1	KCNT1	
KCNT2	1	KCNT2	
SUFU	1	SUFU	
BBS9	1	BBS9	
FCER1A	1	FCER1A	
BBS7	1	BBS7	
BBS5	1	BBS5	
BBS4	1	BBS4	
EIF5AL1	1	EIF5AL1	
PCYT1B	1	PCYT1B	
ZHX2	1	ZHX2	
FCER1G	1	FCER1G	
PCYT1A	1	PCYT1A	
ZHX3	1	ZHX3	
AGTRAP	1	AGTRAP	
CACYBP	1	CACYBP	
TFB2M	1	TFB2M	
ZHX1	1	ZHX1	
RNF144A	1	RNF144A	
RNF144B	1	RNF144B	
PITPNM1	1	PITPNM1	
CFAP184	1	CCDC96	
PITPNM3	1	PITPNM3	
PITPNM2	1	PITPNM2	
ERCC6L2-AS1	1	C9orf130	
TAX1BP1	1	TAX1BP1	
FAM193B	1	FAM193B	
FAM32A	1	FAM32A	
TAX1BP3	1	TAX1BP3	
FAM193A	1	FAM193A	
SSNA1	1	SSNA1	
NEXN	1	NEXN	
PEX16	1	PEX16	
PEX19	1	PEX19	
KLHL2	1	KLHL2	
KLHL3	1	KLHL3	
PEX10	1	PEX10	
KCNRG	1	KCNRG	
KLHL4	1	KLHL4	
CFAP157	1	C9orf117	
PEX12	1	PEX12	
PEX13	1	PEX13	
PEX14	1	PEX14	
KLHL9	1	KLHL9	
ETAA1	1	ETAA1	
TFAP4	1	TFAP4	
KCNS1	1	KCNS1	
KLHL5	1	KLHL5	
KCNS2	1	KCNS2	
KLHL6	1	KLHL6	
KCNS3	1	KCNS3	
KLHL7	1	KLHL7	
KLHL8	1	KLHL8	
ANP32AP1	1	LOC723972	
INPPL1	1	INPPL1	
PLAT	1	PLAT	
PLB1	1	PLB1	
IGF1R	1	IGF1R	
TXN2	1	TXN2	
PPIP5K1	1	PPIP5K1	
PLAU	1	PLAU	
PPIP5K2	1	PPIP5K2	
ENPP2	1	ENPP2	
ENPP1	1	ENPP1	
RXYLT1	1	TMEM5	
ENPP4	1	ENPP4	
ENPP3	1	ENPP3	
ENPP6	1	ENPP6	
ENPP5	1	ENPP5	
CARD10	1	CARD10	
ADAM11	1	ADAM11	
ADAM10	1	ADAM10	
DHDDS	1	DHDDS	
ADAM19	1	ADAM19	
ADAM17	1	ADAM17	
BRMS1	1	BRMS1	
ADAM15	1	ADAM15	
CARD19	1	C9orf89	
ADAM12	1	ADAM12	
PLAA	1	PLAA	
CARD16	1	CARD16	
CARD14	1	CARD14	
CARD11	1	CARD11	
HTRA3	1	HTRA3	
HTRA4	1	HTRA4	
HTRA1	1	HTRA1	
PLD5	1	PLD5	
DAPP1	1	DAPP1	
HTRA2	1	HTRA2	
PLD4	1	PLD4	
PLD6	1	PLD6	
PLD1	1	PLD1	
PLD3	1	PLD3	
PLD2	1	PLD2	
NME1-NME2	1	NME1-NME2	
GRK3	1	ADRBK2	
GRK2	1	ADRBK1	
GRK5	1	GRK5	
GRK4	1	GRK4	
GRK6	1	GRK6	
PIBF1	1	PIBF1	
CHCHD10	1	CHCHD10	
FAM199X	1	FAM199X	
IGF2R	1	IGF2R	
BSPRY	1	BSPRY	
SPINK13	1	SPINK13	
ZMYND15	1	ZMYND15	
ZMYND19	1	ZMYND19	
PLEK	1	PLEK	
GRM1	1	GRM1	
PITPNC1	1	PITPNC1	
GRM3	1	GRM3	
GRM2	1	GRM2	
GRM5	1	GRM5	
GRM4	1	GRM4	
CA3	1	CA3	
ZNF473CR	1	FLJ26850	
GRM7	1	GRM7	
ZIC2	1	ZIC2	
CA2	1	CA2	
GRM6	1	GRM6	
CA4	1	CA4	
GRM8	1	GRM8	
CA7	1	CA7	
CA9	1	CA9	
MYBL2	1	MYBL2	
CA8	1	CA8	
MYBL1	1	MYBL1	
SUN2	1	SUN2	
SUN1	1	SUN1	
ATP6AP1	1	ATP6AP1	
ATP6AP2	1	ATP6AP2	
CAD	1	CAD	
HUNK	1	HUNK	
SEPTIN7P2	1	SEPT7P2	
ELF1	1	ELF1	
ELF2	1	ELF2	
GFOD1	2	GFOD1:C6orf114	
ELF3	1	ELF3	
ELF4	1	ELF4	
ELF5	1	ELF5	
CAT	1	CAT	
GFOD2	1	GFOD2	
ZMYND10	1	ZMYND10	
ZMYND11	1	ZMYND11	
SHANK3	1	SHANK3	
ZMYND12	1	ZMYND12	
SHANK2	1	SHANK2	
PLEC	1	PLEC	
SHANK1	1	SHANK1	
RRN3	1	RRN3	
DAPL1	1	DAPL1	
CBL	1	CBL	
SV2C	1	SV2C	
SV2B	1	SV2B	
CBS	1	CBS	
SV2A	1	SV2A	
TBX21	1	TBX21	
CLVS1	1	CLVS1	
RRM1	1	RRM1	
RRM2	2	RRM2:C2orf48	
CCK	1	CCK	
HS3ST5	1	HS3ST5	
SUOX	1	SUOX	
TBX19	1	TBX19	
HS3ST1	1	HS3ST1	
TBX18	1	TBX18	
HS3ST2	1	HS3ST2	
CD2	1	CD2	
TBX15	1	TBX15	
CCS	1	CCS	
CD4	1	CD4	
NOPCHAP1	1	C12orf45	
CD6	1	CD6	
CD5	1	CD5	
CD7	1	CD7	
CD9	1	CD9	
CDA	1	CDA	
VPS29	1	VPS29	
CLEC10A	1	CLEC10A	
FRMPD1	1	FRMPD1	
RRP1	1	RRP1	
GRPR	1	GRPR	
ELK1	1	ELK1	
RRP8	1	RRP8	
ELK3	1	ELK3	
RRP9	1	RRP9	
ELK4	1	ELK4	
ALCAM	1	ALCAM	
SCN11A	1	SCN11A	
VPS35	1	VPS35	
VPS36	1	VPS36	
VPS39	1	VPS39	
VPS18	1	VPS18	
SSTR5-AS1	1	LOC146336	
CLEC11A	1	CLEC11A	
HUS1	1	HUS1	
CEL	1	CEL	
NUP93	1	NUP93	
BCAN	1	BCAN	
BCAM	1	BCAM	
HECW2	1	HECW2	
HECW1	1	HECW1	
SRFBP1	1	SRFBP1	
TARS2	1	TARS2	
NUP98	1	NUP98	
TARS3	1	TARSL2	
TARS1	1	TARS	
VPS25	1	VPS25	
CFB	1	CFB	
VPS28	1	VPS28	
RNF216P1	1	RNF216L	
CFD	1	CFD	
CFH	1	CFH	
PLEKHA8P1	1	PLEKHA9	
CFI	1	CFI	
METTL25B	1	C1orf66	
CFP	1	CFP	
RRP7A	1	RRP7A	
NUP85	1	NUP85	
RRS1	1	RRS1	
ST3GAL4	1	ST3GAL4	
VPS11	1	VPS11	
ST3GAL5	1	ST3GAL5	
NUP88	1	NUP88	
ST3GAL6	1	ST3GAL6	
HOXA11-AS	1	HOXA11AS	
ST3GAL1	1	ST3GAL1	
ST3GAL2	1	ST3GAL2	
ST3GAL3	1	ST3GAL3	
VPS16	1	VPS16	
C3orf18	1	C3orf18	
LRRC37A3	1	LRRC37A3	
PLK4	1	PLK4	
ARL14EP	1	C11orf46	
LRRC37A2	1	LRRC37A2	
NFE2	1	NFE2	
PLK3	1	PLK3	
APOOL	1	APOOL	
GTF2IRD2	1	GTF2IRD2	
MCAM	1	MCAM	
PLK2	1	PLK2	
PLK1	1	PLK1	
KLF3-AS1	1	FLJ13197	
CGN	1	CGN	
ELL2	1	ELL2	
MCAT	1	MCAT	
ELL3	1	ELL3	
GTF2IRD1	1	GTF2IRD1	
MOCS2	1	MOCS2	
MOCS3	1	MOCS3	
STON1	1	STON1	
CHM	1	CHM	
STON2	1	STON2	
MCEE	1	MCEE	
ELOA	1	TCEB3	
ELOB	1	TCEB2	
RRP12	1	RRP12	
ELOC	1	TCEB1	
CIC	1	CIC	
RRP15	1	RRP15	
ZIK1	1	ZIK1	
EDARADD	1	EDARADD	
RPS6KL1	1	RPS6KL1	
EXOC8	1	EXOC8	
EXOC7	1	EXOC7	
PLLP	1	PLLP	
C10orf88B	1	LOC399815	
ECRG4	1	C2orf40	
CIT	1	CIT	
PCOTH	1	PCOTH	
EXOC4	1	EXOC4	
PLIN4	1	PLIN4	
EXOC3	1	EXOC3	
PLIN3	1	PLIN3	
EXOC6	1	EXOC6	
PLIN2	1	PLIN2	
EXOC5	1	EXOC5	
PLIN1	1	PLIN1	
RCCD1	1	RCCD1	
MOCS1	1	MOCS1	
EXOC2	1	EXOC2	
EXOC1	1	EXOC1	
PLIN5	1	PLIN5	
NFIX	1	NFIX	
C1orf198	1	C1orf198	
PRUNE2	1	PRUNE2	
PRUNE1	1	PRUNE	
METTL21A	1	FAM119A	
APOL4	1	APOL4	
APOL6	1	APOL6	
RASSF10	1	RASSF10	
RRP36	1	C6orf153	
CKB	1	CKB	
APOL1	1	APOL1	
PAIP2	1	PAIP2	
APOL3	1	APOL3	
APOL2	1	APOL2	
PAIP1	1	PAIP1	
BCHE	1	BCHE	
HIPK4	1	HIPK4	
CKM	1	CKM	
MCF2	1	MCF2	
MOCOS	1	MOCOS	
RFLNB	1	FAM101B	
ELP1	1	IKBKAP	
ELP2	1	ELP2	
G0S2	1	G0S2	
ELP3	1	ELP3	
ELP4	1	ELP4	
RRP1B	1	RRP1B	
ELP5	1	C17orf81	
HIPK1	1	HIPK1	
ELP6	1	C3orf75	
HIPK3	1	HIPK3	
RFLNA	1	FAM101A	
HIPK2	1	HIPK2	
NFIA	1	NFIA	
NFIB	1	NFIB	
NFIC	1	NFIC	
PLP1	1	PLP1	
FOSB	1	FOSB	
PLP2	1	PLP2	
TMEM229A	1	TMEM229A	
MSX2P1	1	MSX2P1	
TMEM229B	1	TMEM229B	
C1orf174	1	C1orf174	
CLU	1	CLU	
LCLAT1	1	LCLAT1	
THG1L	1	THG1L	
MT1DP	1	MT1DP	
PODNL1	1	PODNL1	
CFL2	1	CFL2	
CFL1	1	CFL1	
PLS3	1	PLS3	
OIP5	1	OIP5	
IL13RA2	1	IL13RA2	
IL13RA1	1	IL13RA1	
PLS1	1	PLS1	
KCMF1	1	KCMF1	
COL27A1	1	COL27A1	
FKBPL	1	FKBPL	
DIO1	1	DIO1	
DIO2	1	DIO2	
DIO3	1	DIO3	
FAM91A1	1	FAM91A1	
LEMD3	1	LEMD3	
LEMD2	1	LEMD2	
LEMD1	1	LEMD1	
TOM1L1	1	TOM1L1	
TOM1L2	1	TOM1L2	
OBSCN	1	OBSCN	
FKBP8	1	FKBP8	
FKBP7	1	FKBP7	
FKBP9	1	FKBP9	
FKBP4	1	FKBP4	
FKBP3	1	FKBP3	
FKBP5	1	FKBP5	
FKBP2	1	FKBP2	
CNP	1	CNP	
CD300LB	1	CD300LB	
CD300LF	1	CD300LF	
CD300LG	1	CD300LG	
PLTP	1	PLTP	
MCL1	1	MCL1	
C1orf162	1	C1orf162	
TCEANC	1	TCEANC	
BCL9	1	BCL9	
UBOX5	1	UBOX5	
BCL6	1	BCL6	
CPD	1	CPD	
BCL3	1	BCL3	
BCL2	1	BCL2	
CPE	1	CPE	
C1orf159	1	C1orf159	
OSCP1	1	OSCP1	
SLC48A1	1	SLC48A1	
CPM	1	CPM	
CPO	1	CPO	
MCM7	1	MCM7	
C1orf131	1	C1orf131	
COL14A1	1	COL14A1	
MCM8	1	MCM8	
CPQ	1	PGCP	
ZC3H4	1	ZC3H4	
MCM9	1	MCM9	
ZC3H3	1	ZC3H3	
ZC3H8	1	ZC3H8	
ZC3H6	1	ZC3H6	
CPZ	1	CPZ	
KBTBD12	1	KBTBD12	
VPS72	1	VPS72	
CEP170B	1	KIAA0284	
EVI5L	1	EVI5L	
OIT3	1	OIT3	
C1orf127	1	C1orf127	
DPRXP4	1	DPRXP4	
CR2	1	CR2	
CR1	1	CR1	
GGPS1	1	GGPS1	
DIS3	1	DIS3	
SGIP1	1	SGIP1	
APOA1	1	APOA1	
DRC12	1	CCDC153	
SAPCD2	1	C9orf140	
SAPCD1	1	C6orf26	
MCM3	1	MCM3	
XCL2	1	XCL2	
MCM4	1	MCM4	
XCL1	1	XCL1	
MCM5	1	MCM5	
MCM6	1	MCM6	
CRK	1	CRK	
MCM2	1	MCM2	
CRP	1	CRP	
HDAC4	1	HDAC4	
CEBPA	1	CEBPA	
HDAC5	1	HDAC5	
CEBPB	1	CEBPB	
HDAC2	1	HDAC2	
HDAC3	1	HDAC3	
CEBPD	1	CEBPD	
CEBPE	1	CEBPE	
HDAC1	1	HDAC1	
VPS4B	1	VPS4B	
CEBPG	1	CEBPG	
VPS4A	1	VPS4A	
TULP4	1	TULP4	
TULP3	1	TULP3	
C1RL-AS1	1	LOC283314	
TULP1	1	TULP1	
HDAC8	1	HDAC8	
HDAC9	1	HDAC9	
HDAC6	1	HDAC6	
HDAC7	1	HDAC7	
STOX2	1	STOX2	
NFS1	1	NFS1	
HECTD1	1	HECTD1	
VPS51	1	C11orf2	
HECTD2	1	HECTD2	
VPS50	1	CCDC132	
HECTD3	1	HECTD3	
HECTD4	1	C12orf51	
SVBP	1	CCDC23	
VPS53	1	VPS53	
VPS52	1	VPS52	
IL21R	1	IL21R	
XIRP1	1	XIRP1	
VPS54	1	VPS54	
CSK	1	CSK	
BCO2	1	BCO2	
BCO1	1	BCMO1	
STOX1	1	STOX1	
SLC35A2	1	SLC35A2	
MGME1	1	C20orf72	
SLC35A1	1	SLC35A1	
SLC35A4	1	SLC35A4	
C1orf122	1	C1orf122	
SLC35A3	1	SLC35A3	
APOBR	1	APOB48R	
CPPED1	1	CPPED1	
KBTBD11	1	KBTBD11	
ASXL1	1	ASXL1	
MAB21L3	1	C1orf161	
MAB21L4	1	C2orf54	
EVI2A	1	EVI2A	
APOC2	1	APOC2	
ASXL3	1	ASXL3	
CTH	1	CTH	
MAB21L1	1	MAB21L1	
APOC1	1	APOC1	
ASXL2	1	ASXL2	
MAB21L2	1	MAB21L2	
VPS41	1	VPS41	
MAP3K14-AS1	1	LOC100133991	
CEBPZ	1	CEBPZ	
BCOR	1	BCOR	
VPS45	1	VPS45	
EVI2B	1	EVI2B	
C1orf116	1	C1orf116	
C1orf115	1	C1orf115	
SLC35B3	1	SLC35B3	
SLC35B2	1	SLC35B2	
IL1RN	1	IL1RN	
SLC35B4	1	SLC35B4	
DCAF4L1	1	DCAF4L1	
MISP3	1	LOC113230	
IL23R	1	IL23R	
SLC35B1	1	SLC35B1	
C6orf89	1	C6orf89	
NFU1	1	NFU1	
NIPAL4	1	NIPAL4	
RPS6KA4	1	RPS6KA4	
RPS6KA3	1	RPS6KA3	
RPS6KA6	1	RPS6KA6	
RPS6KA5	1	RPS6KA5	
NIPAL1	1	NIPAL1	
NIPAL2	1	NIPAL2	
RPS6KA2	1	RPS6KA2	
NIPAL3	1	NIPAL3	
RPS6KA1	1	RPS6KA1	
ARFIP2	1	ARFIP2	
ARFIP1	1	ARFIP1	
SLC35A5	1	SLC35A5	
FAM41C	1	FAM41C	
H4C5	1	HIST1H4E	
TANGO6	1	TMCO7	
IL1R1	1	IL1R1	
TANGO2	1	C22orf25	
IL1R2	1	IL1R2	
SLC35C2	1	SLC35C2	
SLC35C1	1	SLC35C1	
CFAP263	1	CCDC113	
TWSG1	1	TWSG1	
IL23A	1	IL23A	
GSAP	1	PION	
OBSL1	1	OBSL1	
CFTR	1	CFTR	
SLC22A4	1	SLC22A4	
SLC22A3	1	SLC22A3	
SLC22A5	1	SLC22A5	
SLC35D1	1	SLC35D1	
SH2D2A	1	SH2D2A	
SLC22A2	1	SLC22A2	
SLC35D3	1	SLC35D3	
SLC22A1	1	SLC22A1	
SLC35D2	1	SLC35D2	
CRHR1	1	CRHR1	
CFAP251	1	WDR66	
GSE1	1	KIAA0182	
FAM43A	1	FAM43A	
FAM43B	1	FAM43B	
SPRR2A	1	SPRR2A	
ARGLU1	1	ARGLU1	
H4C8	1	HIST1H4H	
H4C9	1	HIST1H4I	
XCR1	1	XCR1	
SLC35E1	1	SLC35E1	
SLC35E4	1	SLC35E4	
SH2D1A	1	SH2D1A	
SLC35E3	1	SLC35E3	
SH2D1B	1	SH2D1B	
MPHOSPH10	1	MPHOSPH10	
SPRR1A	1	SPRR1A	
TECPR2	1	TECPR2	
SPRR1B	1	SPRR1B	
TECPR1	1	TECPR1	
SLC35F6	1	C2orf18	
SLC35F3	1	SLC35F3	
CAB39L	1	CAB39L	
SLC35F2	1	SLC35F2	
SLC35F5	1	SLC35F5	
MCUB	1	CCDC109B	
SLC35F4	1	SLC35F4	
RSF1	1	RSF1	
SLC35F1	1	SLC35F1	
C6orf47	1	C6orf47	
SIPA1L2	1	SIPA1L2	
SIPA1L3	1	SIPA1L3	
SIPA1L1	1	SIPA1L1	
SLC35G5	1	AMAC1L2	
SLC35G2	1	TMEM22	
SLC35G1	1	TMEM20	
TYK2	1	TYK2	
MTSS1	1	MTSS1	
MTSS2	1	MTSS1L	
NFX1	1	NFX1	
C1QTNF12	1	FAM132A	
AMER1	1	FAM123B	
AMER3	1	FAM123C	
MEGF6	1	MEGF6	
RGPD6	1	RGPD6	
RGPD5	1	RGPD5	
TYMS	1	TYMS	
AGAP2-AS1	1	LOC100130776	
RGPD1	1	RGPD1	
RGPD4	1	RGPD4	
BEGAIN	1	BEGAIN	
RGPD3	1	RGPD3	
TYMP	1	TYMP	
TCEAL8	1	TCEAL8	
TCEAL7	1	TCEAL7	
CFAP298	1	C21orf59	
TCEAL6	1	TCEAL6	
TCEAL5	1	TCEAL5	
C6orf62	1	C6orf62	
TCEAL4	1	TCEAL4	
TCEAL3	1	TCEAL3	
EMC1	1	KIAA0090	
TCEAL2	1	TCEAL2	
TCEAL1	1	TCEAL1	
EMC2	1	TTC35	
SUSD4	1	SUSD4	
EMC3	1	TMEM111	
SUSD3	1	SUSD3	
EMC4	1	TMEM85	
FAM47E	1	FAM47E	
SUSD6	1	KIAA0247	
SUSD5	1	SUSD5	
EMC6	1	TMEM93	
EMC7	1	C15orf24	
EMC8	1	COX4NB	
EMC9	1	FAM158A	
TCEAL9	1	WBP5	
SVIL	1	SVIL	
NFYA	1	NFYA	
NFYB	1	NFYB	
NFYC	1	NFYC	
SUSD2	1	SUSD2	
SUSD1	1	SUSD1	
SVIP	1	SVIP	
SPCS3	1	SPCS3	
SPCS2	1	SPCS2	
SPCS1	1	SPCS1	
GSTA4	1	GSTA4	
C6orf52	1	C6orf52	
LRRN4CL	1	LRRN4CL	
GSTA2	1	GSTA2	
QPCT	1	QPCT	
GSTA1	1	GSTA1	
MEGF8	1	MEGF8	
SIPA1	1	SIPA1	
MEGF9	1	MEGF9	
SPPL2B	1	SPPL2B	
PMCH	1	PMCH	
ROGDI	1	ROGDI	
SPPL2A	1	SPPL2A	
CLEC18B	1	CLEC18B	
CLEC18A	1	CLEC18A	
PAIP2B	1	PAIP2B	
EME1	1	EME1	
C3orf62	1	C3orf62	
EME2	1	EME2	
CSKMT	1	METTL12	
FPGT	1	FPGT	
FPGS	1	FPGS	
POSTN	1	POSTN	
TRPC4AP	1	TRPC4AP	
EMCN	1	EMCN	
C3orf70	1	C3orf70	
SPECC1L	1	CYTSA	
MYADM	1	MYADM	
TIMELESS	1	TIMELESS	
NUPR2	1	LOC389493	
NUPR1	1	NUPR1	
PMEL	1	SILV	
ISYNA1	1	ISYNA1	
GSTCD	1	GSTCD	
CLEC16A	1	CLEC16A	
PMF1	1	PMF1	
CAMSAP1	1	CAMSAP1	
CAMSAP2	1	CAMSAP1L1	
EMG1	1	EMG1	
NPC1L1	1	NPC1L1	
TASOR	1	C3orf63	
TASP1	1	TASP1	
PNPT1	1	PNPT1	
CLEC17A	1	CLEC17A	
CAMSAP3	1	KIAA1543	
DIAPH1	1	DIAPH1	
DAP	1	DAP	
DIAPH2	1	DIAPH2	
DIAPH3	1	DIAPH3	
PXMP2	1	PXMP2	
PXMP4	1	PXMP4	
COLGALT2	1	GLT25D2	
CGB8	1	CGB8	
CGB7	1	CGB7	
CGB5	1	CGB5	
CGAS	1	C6orf150	
CGB3	1	CGB	
CLEC14A	1	CLEC14A	
DBI	1	DBI	
DBH	1	DBH	
DBP	1	DBP	
NTMT1	1	METTL11A	
DBT	1	DBT	
NTMT2	1	METTL11B	
COLGALT1	1	GLT25D1	
STPG1	1	C1orf201	
C3orf38	1	C3orf38	
STPG3	1	C9orf173	
SVOP	1	SVOP	
STPG4	1	C2orf61	
C3orf33	1	C3orf33	
OXSR1	1	OXSR1	
C3orf36	1	C3orf36	
DCK	1	DCK	
C1QTNF9B	1	C1QTNF9B	
DCN	1	DCN	
ZAP70	1	ZAP70	
CFAP221	1	PCDP1	
DCX	1	DCX	
DNASE2	1	DNASE2	
DNASE1	1	DNASE1	
DTHD1	1	DTHD1	
DDC	1	DDC	
CLEC12A	1	CLEC12A	
CLEC12B	1	CLEC12B	
CFAP206	1	C6orf165	
DDO	1	DDO	
DDN	1	DDN	
CFAP210	1	C2orf77	
PDE11A	1	PDE11A	
DDT	1	DDT	
RPS6KC1	1	RPS6KC1	
TYW1	1	TYW1	
PDSS2	1	PDSS2	
PDSS1	1	PDSS1	
ATP13A1	1	ATP13A1	
C3orf52	1	C3orf52	
DEK	1	DEK	
DES	1	DES	
PDE10A	1	PDE10A	
RPS6KB1	1	RPS6KB1	
RPS6KB2	1	RPS6KB2	
ATP13A4	1	ATP13A4	
ATP13A2	1	ATP13A2	
ATP13A3	1	ATP13A3	
FBXW10B	1	CDRT1	
MDC1	1	MDC1	
NEXMIF	1	KIAA2022	
SCAMP5	1	SCAMP5	
IL4I1	1	IL4I1	
LACTB	1	LACTB	
SCAMP4	1	SCAMP4	
CYP2D7	1	CYP2D7P1	
CYP2D6	1	CYP2D6	
IGLON5	1	IGLON5	
MIRLET7BHG	1	LOC400931	
TYW5	1	C2orf60	
TYW3	1	TYW3	
FIBCD1	1	FIBCD1	
NGDN	1	NGDN	
SCAMP1	1	SCAMP1	
EML1	1	EML1	
HSPG2	1	HSPG2	
EML2	1	EML2	
SCAMP3	1	SCAMP3	
EML3	1	EML3	
SCAMP2	1	SCAMP2	
EML4	1	EML4	
AR	1	AR	
EML5	1	EML5	
PAK6-AS1	1	C15orf56	
EML6	1	EML6	
PRKAR1B	1	PRKAR1B	
PRKAR1A	1	PRKAR1A	
CYP2E1	1	CYP2E1	
RBCK1	1	RBCK1	
CGGBP1	1	CGGBP1	
NGEF	1	NGEF	
GRID2IP	1	GRID2IP	
DHH	1	DHH	
SHOX2	1	SHOX2	
FPR1	1	FPR1	
FPR3	1	FPR3	
FPR2	1	FPR2	
AAAS	1	AAAS	
C2CD4D-AS1	1	LOC100132111	
C2	1	C2	
C3	1	C3	
DYNC2LI1	1	DYNC2LI1	
C5	1	C5	
GRIN2A	1	GRIN2A	
C6	1	C6	
CYP2B6	1	CYP2B6	
HSPH1	1	HSPH1	
C7	1	C7	
PRKAR2B	1	PRKAR2B	
PRKAR2A	1	PRKAR2A	
RSU1	1	RSU1	
EXPH5	1	EXPH5	
SNORA53	1	SNORA53	
NGFR	1	NGFR	
GLYATL2	1	GLYATL2	
GLYATL1	1	GLYATL1	
PMM1	1	PMM1	
PMM2	1	PMM2	
GRIN2C	1	GRIN2C	
CP	1	CP	
GRIN2D	1	GRIN2D	
CS	1	CS	
CYP2C9	1	CYP2C9	
CYP2C8	1	CYP2C8	
GRIN3B	1	GRIN3B	
GRIN3A	1	GRIN3A	
DMRTC1B	1	DMRTC1B	
LAD1	1	LAD1	
LRSAM1	1	LRSAM1	
DCAF13P3	1	LOC100132724	
RPLP1	1	RPLP1	
QPRT	1	QPRT	
RPLP0	1	RPLP0	
ECSIT	1	ECSIT	
AACS	1	AACS	
SNORA7B	1	SNORA7B	
NIPBL	1	NIPBL	
RPLP2	1	RPLP2	
ADGRF2P	1	GPR111	
APPL2	1	APPL2	
APPL1	1	APPL1	
DIO3OS	1	DIO3OS	
ACTL6B	1	ACTL6B	
ACTL6A	1	ACTL6A	
NIPA1	1	NIPA1	
SIRT4	1	SIRT4	
EMP1	1	EMP1	
SIRT5	1	SIRT5	
EMP2	1	EMP2	
SIRT6	1	SIRT6	
EMP3	1	EMP3	
NIPA2	1	NIPA2	
SIRT7	1	SIRT7	
F3	1	F3	
SIRT1	1	SIRT1	
FAHD2A	1	FAHD2A	
ELAPOR2	1	KIAA1324L	
SIRT2	1	SIRT2	
F5	1	F5	
FAHD2B	1	FAHD2B	
ELAPOR1	1	KIAA1324	
SIRT3	1	SIRT3	
F7	1	F7	
F8	1	F8	
BDH2	1	BDH2	
BDH1	1	BDH1	
CDC42EP5	1	CDC42EP5	
CDC42EP4	1	CDC42EP4	
CDC42EP3	1	CDC42EP3	
CDC42EP2	1	CDC42EP2	
CDC42EP1	1	CDC42EP1	
PICK1	1	PICK1	
PMP2	1	PMP2	
DLD	1	DLD	
MDFI	1	MDFI	
FH	1	FH	
TOB2P1	1	LOC222699	
CCNDBP1	1	CCNDBP1	
HLA-DMA	1	HLA-DMA	
MYCT1	1	MYCT1	
HLA-DMB	1	HLA-DMB	
PMS2	1	PMS2	
DMD	1	DMD	
CSMD2	1	CSMD2	
GC	1	GC	
ZNF407-AS1	1	LOC400657	
CSMD1	1	CSMD1	
PMS1	1	PMS1	
GK	1	GK	
MDH1	1	MDH1	
AADAT	1	AADAT	
MDH2	1	MDH2	
RPL31P11	1	RPL31P11	
TTLL7	1	TTLL7	
TTLL6	1	TTLL6	
TTLL5	1	TTLL5	
TTLL4	1	TTLL4	
AADAC	1	AADAC	
TTLL3	1	TTLL3	
TTLL2	1	TTLL2	
TTLL1	1	TTLL1	
RIMBP2	1	RIMBP2	
RIMBP3	1	RIMBP3	
GGT3P	1	GGT3P	
TTLL9	1	TTLL9	
HDDC2	1	HDDC2	
FAM13B	1	FAM13B	
UBE2D4	1	UBE2D4	
FAM13C	1	FAM13C	
UBE2D2	1	UBE2D2	
FAM13A	1	FAM13A	
UBE2D3	1	UBE2D3	
HP	1	HP	
PTPRVP	1	PTPRVP	
UBE2D1	1	UBE2D1	
HR	1	HR	
HDDC3	1	HDDC3	
HPGDS	1	HPGDS	
PABPC4L	1	PABPC4L	
PMPCB	1	PMPCB	
PMPCA	1	PMPCA	
HLA-DOA	1	HLA-DOA	
HLA-DOB	1	HLA-DOB	
IK	1	IK	
LAG3	1	LAG3	
UBE2E3	1	UBE2E3	
VPS33A	1	VPS33A	
VPS33B	1	VPS33B	
UBE2E1	1	UBE2E1	
UBE2E2	1	UBE2E2	
EMSY	1	C11orf30	
NSMAF	1	NSMAF	
FBLIM1	1	FBLIM1	
ECSCR	1	ECSCR	
DPT	1	DPT	
TNFRSF11B	1	TNFRSF11B	
NTPCR	1	C1orf57	
TNFRSF11A	1	TNFRSF11A	
SOCS2	1	SOCS2	
SOCS3	1	SOCS3	
SOCS1	1	SOCS1	
PMVK	1	PMVK	
SOCS6	1	SOCS6	
SOCS7	1	SOCS7	
MDN1	1	MDN1	
SOCS4	1	SOCS4	
SOCS5	1	SOCS5	
COL28A1	1	COL28A1	
KL	1	KL	
DR1	1	DR1	
BRPF1	1	BRPF1	
BDNF	1	BDNF	
BRPF3	1	BRPF3	
GFPT2	1	GFPT2	
GFPT1	1	GFPT1	
TNFRSF10C	1	TNFRSF10C	
BCDIN3D	1	BCDIN3D	
TNFRSF10B	1	TNFRSF10B	
TNFRSF10A	1	TNFRSF10A	
KY	1	KY	
TNFRSF10D	1	TNFRSF10D	
ZC3HC1	1	ZC3HC1	
TFCP2	1	TFCP2	
MFSD4A-AS1	1	LOC284578	
AAK1	1	AAK1	
ANXA2P1	1	ANXA2P1	
MDM2	1	MDM2	
HLA-DRA	1	HLA-DRA	
ANXA2P3	1	ANXA2P3	
MDM4	1	MDM4	
ANXA2P2	1	ANXA2P2	
MYD88	1	MYD88	
MDM1	1	MDM1	
DRAXIN	1	C1orf187	
ST6GALNAC1	1	ST6GALNAC1	
ST6GALNAC2	1	ST6GALNAC2	
SH2D4A	1	SH2D4A	
SH2D4B	1	SH2D4B	
GGT8P	1	GGT8P	
ATRAID	1	C2orf28	
MRPL4	1	MRPL4	
MRPL3	1	MRPL3	
NGRN	1	NGRN	
MRPL2	1	MRPL2	
MRPL1	1	MRPL1	
MB	1	MB	
DSE	1	DSE	
DGCR8	1	DGCR8	
DGCR6	1	DGCR6	
MRPL9	1	MRPL9	
DGCR5	3	DGCR10:DGCR9:DGCR5	
MDP1	1	MDP1	
SPG11	1	SPG11	
EID2B	1	EID2B	
SLFN12L	1	SLFN12L	
DGCR2	1	DGCR2	
DSP	1	DSP	
PTCRA	1	PTCRA	
EMX2	1	EMX2	
DST	1	DST	
SH2D3A	1	SH2D3A	
SH2D3C	1	SH2D3C	
VPS37C	1	VPS37C	
VPS37D	1	VPS37D	
RAD23A	1	RAD23A	
VPS37A	1	VPS37A	
VPS37B	1	VPS37B	
RAD23B	1	RAD23B	
IL1RAPL2	1	IL1RAPL2	
BDP1	1	BDP1	
ST6GALNAC3	1	ST6GALNAC3	
DTL	1	DTL	
ST6GALNAC4	1	ST6GALNAC4	
ST6GALNAC5	1	ST6GALNAC5	
ST6GALNAC6	1	ST6GALNAC6	
RNFT2	1	RNFT2	
SLC47A2	1	SLC47A2	
COL15A1	1	COL15A1	
SLC47A1	1	SLC47A1	
HSD17B14	1	HSD17B14	
HSD17B13	1	HSD17B13	
HSD17B12	1	HSD17B12	
HSD17B11	1	HSD17B11	
HSD17B10	1	HSD17B10	
RNFT1	1	RNFT1	
CECR2	1	CECR2	
PTPRZ1	1	PTPRZ1	
SLITRK2	1	SLITRK2	
SLITRK1	1	SLITRK1	
CECR7	1	CECR7	
SLITRK4	1	SLITRK4	
SLITRK3	1	SLITRK3	
SLITRK6	1	SLITRK6	
SLITRK5	1	SLITRK5	
AAMP	1	AAMP	
C1orf226	1	C1orf226	
LINGO2	1	LINGO2	
LINGO1	1	LINGO1	
DUT	1	DUT	
LINGO4	1	LINGO4	
BAIAP2	1	BAIAP2	
BAIAP3	1	BAIAP3	
PC	1	PC	
VIPAS39	1	VIPAR	
PABPC1L	1	PABPC1L	
MDGA1	1	MDGA1	
SPG21	1	SPG21	
VPS35L	1	C16orf62	
DHFR2	1	DHFRL1	
C1orf210	1	C1orf210	
RETREG3	1	FAM134C	
TCF12-DT	1	LOC145783	
RTCA	1	RTCD1	
RTCB	1	C22orf28	
TXNDC11	1	TXNDC11	
TXNDC12	1	TXNDC12	
UBE2L6	1	UBE2L6	
TXNDC15	1	TXNDC15	
TXNDC16	1	TXNDC16	
TXNDC17	1	TXNDC17	
UBE2L3	1	UBE2L3	
SLC34A3	1	SLC34A3	
SLC34A2	1	SLC34A2	
ENTPD1	1	ENTPD1	
ENTPD2	1	ENTPD2	
C1orf220	1	C1orf220	
ENTPD3	1	ENTPD3	
ENTPD4	1	ENTPD4	
ENTPD5	1	ENTPD5	
ENTPD6	1	ENTPD6	
ENTPD7	1	ENTPD7	
ENTPD8	1	ENTPD8	
TIMD4	1	TIMD4	
VWA5B2	1	VWA5B2	
VWA5B1	1	VWA5B1	
ASRGL1	1	ASRGL1	
DXO	1	DOM3Z	
LAP3	1	LAP3	
C1orf216	1	C1orf216	
EPHA10	1	EPHA10	
RTF2	1	C20orf43	
MST1R	1	MST1R	
RTF1	1	RTF1	
AARD	1	C8orf85	
UBE2J2	1	UBE2J2	
OSGEP	1	OSGEP	
UBE2J1	1	UBE2J1	
SWI5	1	C9orf119	
DYM	1	DYM	
AAR2	1	C20orf4	
WAPL	1	WAPAL	
TF	1	TF	
TG	1	TG	
TH	1	TH	
HDHD5-AS1	1	CECR4	
RETREG2	1	FAM134A	
RETREG1	1	FAM134B	
PCSK2	1	PCSK2	
PCSK1	1	PCSK1	
TNFRSF13B	1	TNFRSF13B	
SLC7A14	1	SLC7A14	
AATK	1	AATK	
PCSK9	1	PCSK9	
PCSK7	1	PCSK7	
SLC7A11	1	SLC7A11	
TNFRSF13C	1	TNFRSF13C	
WASL	1	WASL	
AATF	1	AATF	
IER3IP1	1	IER3IP1	
PCSK6	1	PCSK6	
PCSK5	1	PCSK5	
CLYBL	1	CLYBL	
GGTA1	1	GGTA1	
PCSK4	1	PCSK4	
MYDGF	1	C19orf10	
IMMP2L	1	IMMP2L	
GNGT2	1	GNGT2	
HYAL1	1	HYAL1	
HYAL2	1	HYAL2	
ENC1	1	ENC1	
HYAL3	1	HYAL3	
HYAL4	1	HYAL4	
L3HYPDH	1	C14orf149	
AASS	1	AASS	
THUMPD3-AS1	1	LOC440944	
TNFRSF12A	1	TNFRSF12A	
MRPS2	1	MRPS2	
MRPS7	1	MRPS7	
MRPS6	1	MRPS6	
MRPS5	1	MRPS5	
ENAH	1	ENAH	
LAT2	1	LAT2	
IMMP1L	1	IMMP1L	
MRPS9	1	MRPS9	
ENAM	1	ENAM	
G2E3	1	G2E3	
PNCK	1	PNCK	
GREB1L	1	GREB1L	
IGHMBP2	1	IGHMBP2	
FAAP24	1	C19orf40	
NEDD9	1	NEDD9	
CRIP2	1	CRIP2	
NEDD8	1	NEDD8	
CRIP3	1	CRIP3	
FAAP20	1	C1orf86	
CRIP1	1	CRIP1	
ARVCF	1	ARVCF	
ALS2CL	1	ALS2CL	
PLEKHG4B	1	PLEKHG4B	
SCAND1	1	SCAND1	
SCAND3	1	SCAND3	
NPDC1	1	NPDC1	
YIPF1	1	YIPF1	
YIPF2	1	YIPF2	
YIPF3	1	YIPF3	
MIR99AHG	1	C21orf34	
YIPF4	1	YIPF4	
YIPF5	1	YIPF5	
CRIPT	1	CRIPT	
HUWE1	1	HUWE1	
KLK13	1	KLK13	
KLK14	1	KLK14	
UBE2G1	1	UBE2G1	
UBE2G2	1	UBE2G2	
KLK10	1	KLK10	
KLK11	1	KLK11	
XG	1	XG	
NEDD1	1	NEDD1	
GRIK1-AS1	1	NCRNA00110	
XK	1	XK	
THEMIS2	1	C1orf38	
GLB1L	1	GLB1L	
NEDD4	1	NEDD4	
LBX2-AS1	1	LOC151534	
YIPF6	1	YIPF6	
FAM171B	1	FAM171B	
RTKN	1	RTKN	
BCCIP	1	BCCIP	
RTL9	1	RGAG1	
RTL6	1	LDOC1L	
OGDHL	1	OGDHL	
CFAP300	1	C11orf70	
RTL5	1	RGAG4	
RTL3	1	ZCCHC5	
FAM174C	1	C19orf24	
FAM174B	1	FAM174B	
FAM174A	1	FAM174A	
PAMR1	1	PAMR1	
SH3GL2	1	SH3GL2	
SLC12A2-DT	1	FLJ33630	
SH3GL1	1	SH3GL1	
LAX1	1	LAX1	
DKC1	1	DKC1	
UBE2V2	1	UBE2V2	
UBE2V1	1	UBE2V1	
PHAF1	1	C16orf70	
RTN2	1	RTN2	
RTN3	1	RTN3	
RTN1	1	RTN1	
RTN4	1	RTN4	
ENHO	1	ENHO	
HCAR2	1	GPR109A	
HCAR3	1	GPR109B	
EBP	1	EBP	
HCAR1	1	GPR81	
CHAD	1	CHAD	
ECD	1	ECD	
CRIM1	1	CRIM1	
LAYN	1	LAYN	
SSPOP	1	SSPO	
PGM5P2	1	PGM5P2	
STT3A	1	STT3A	
ACTL10	1	C20orf134	
STT3B	1	STT3B	
RTP4	1	RTP4	
EDA	1	EDA	
CHD9	1	CHD9	
CHD8	1	CHD8	
CHD7	1	CHD7	
CHD6	1	CHD6	
CHD5	1	CHD5	
CHD4	1	CHD4	
CHD3	1	CHD3	
CHD2	1	CHD2	
MEA1	1	MEA1	
CHD1	1	CHD1	
FAM178B	1	FAM178B	
PIDD1	1	LRDD	
UBE2Q1	1	UBE2Q1	
UBE2Q2	1	UBE2Q2	
EED	1	EED	
RFPL2	1	RFPL2	
DARS2	1	DARS2	
CIP2A	1	KIAA1524	
DARS1	1	DARS	
FAM177B	1	FAM177B	
PDPR2P	1	LOC283922	
UBE2R2	1	UBE2R2	
CHDH	1	CHDH	
PNKP	1	PNKP	
TGFBRAP1	1	TGFBRAP1	
ACVR1B	1	ACVR1B	
ACVR1C	1	ACVR1C	
EFS	1	EFS	
UBE2NL	1	UBE2NL	
MDH1B	1	MDH1B	
CHGA	1	CHGA	
EGF	1	EGF	
SWT1	1	C1orf26	
LSP1P5	1	LOC645166	
LSP1P4	1	LOC654342	
LRWD1	1	LRWD1	
ACVR2B	1	ACVR2B	
ACVR2A	1	ACVR2A	
CHFR	1	CHFR	
PNKD	1	PNKD	
INAFM1	1	PRR24	
ACIN1	1	ACIN1	
PNMT	1	PNMT	
EHF	1	EHF	
RPL30	1	RPL30	
RPL32	1	RPL32	
TMEM200B	1	TMEM200B	
DPY19L2P4	1	DPY19L2P4	
RPL31	1	RPL31	
TMEM200A	1	TMEM200A	
DPY19L2P1	1	DPY19L2P1	
RPL34	1	RPL34	
DPY19L2P2	1	DPY19L2P2	
GBA1LP	1	GBAP1	
TMEM200C	1	TMEM200C	
ABAT	1	ABAT	
MICOS13	1	C19orf70	
ENO1	1	ENO1	
ABCA12	1	ABCA12	
MICOS10	1	C1orf151	
ENO2	1	ENO2	
ABCA13	1	ABCA13	
ENO3	1	ENO3	
GPR174	1	GPR174	
GPR173	1	GPR173	
RNF112	1	RNF112	
GPR176	1	GPR176	
RNF115	1	RNF115	
RNF114	1	RNF114	
GPR171	1	GPR171	
RPL36	1	RPL36	
ADNP2	1	ADNP2	
CYP1B1	1	CYP1B1	
RPL35	1	RPL35	
RPL38	1	RPL38	
RTTN	1	RTTN	
RPL37	1	RPL37	
ANKS1A	1	ANKS1A	
RPL39	1	RPL39	
ADGRE4P	1	EMR4P	
RNF111	1	RNF111	
ANKS1B	1	ANKS1B	
CHGB	1	CHGB	
GPR179	1	GPR179	
MED1	1	MED1	
MECR	1	MECR	
RPL21	1	RPL21	
RPL23	1	RPL23	
RPL22	1	RPL22	
MED8	1	MED8	
MED9	1	MED9	
AARSD1	1	AARSD1	
MED4	1	MED4	
DKK1	1	DKK1	
DKK2	1	DKK2	
MED6	1	MED6	
DKK3	1	DKK3	
MED7	1	MED7	
CPED1	1	C7orf58	
DKK4	1	DKK4	
GPR162	1	GPR162	
RNF123	1	RNF123	
ABCA10	1	ABCA10	
RNF126	1	RNF126	
RNF125	1	RNF125	
RNF128	1	RNF128	
GPR161	1	GPR161	
GPR160	1	GPR160	
RPL24	1	RPL24	
RPL27	1	RPL27	
RPL26	1	RPL26	
ANKK1	1	ANKK1	
RPL29	1	RPL29	
ALG10B	1	ALG10B	
RPL28	1	RPL28	
GPLD1	1	GPLD1	
RNF122	1	RNF122	
RNF121	1	RNF121	
OSER1	1	C20orf111	
MEG3	1	MEG3	
VPS26C	1	DSCR3	
VPS26A	1	VPS26A	
VPS26B	1	VPS26B	
MEFV	1	MEFV	
PNPO	1	PNPO	
KATNBL1P6	1	LOC729176	
RPL41	1	RPL41	
CHKB	1	CHKB	
CHKA	1	CHKA	
PNO1	1	PNO1	
SLC16A12	1	SLC16A12	
PRRC2C	1	BAT2L2	
SLC16A11	1	SLC16A11	
SLC16A10	1	SLC16A10	
PRRC2B	1	BAT2L1	
GPR137B	1	GPR137B	
SLC16A14	1	SLC16A14	
PRRC2A	1	BAT2	
GPR137C	1	GPR137C	
SLC16A13	1	SLC16A13	
CPEB1	1	CPEB1	
RNF103	1	RNF103	
GPR180	1	GPR180	
GPR183	1	GPR183	
GPR182	1	GPR182	
PNOC	1	PNOC	
CPEB3	1	CPEB3	
CPEB2	1	CPEB2	
CPEB4	1	CPEB4	
SPEF2	1	SPEF2	
ELL	1	ELL	
MEI1	1	MEI1	
SPEF1	1	SPEF1	
ELN	1	ELN	
VSIG10L	1	VSIG10L	
RNF157	1	RNF157	
ZCWPW2	1	ZCWPW2	
ZCWPW1	1	ZCWPW1	
GPR132	1	GPR132	
CHL1	1	CHL1	
ENSA	1	ENSA	
GPR137	1	GPR137	
EMB	1	EMB	
RNF150	1	RNF150	
EMD	1	EMD	
RNF152	1	RNF152	
GPR135	1	GPR135	
ZC3H10	1	ZC3H10	
EN2	1	EN2	
EN1	1	EN1	
RNF168	1	RNF168	
GCFC2	1	C2orf3	
RNF167	1	RNF167	
AFTPH	1	AFTPH	
RNF169	1	RNF169	
RNF166	1	RNF166	
CCDC90B	1	CCDC90B	
ENG	1	ENG	
PCYOX1	1	PCYOX1	
RPL10	1	RPL10	
RPL12	1	RPL12	
RPL11	1	RPL11	
GPR152	1	GPR152	
RNF135	1	RNF135	
SNORA71E	1	SNORA39	
GPR153	1	GPR153	
RNF139	1	RNF139	
RNF138	1	RNF138	
CHN2	1	CHN2	
CHN1	1	CHN1	
RPL14	1	RPL14	
RPL13	1	RPL13	
CHML	1	CHML	
RPL15	1	RPL15	
GPR156	1	GPR156	
RPL18	1	RPL18	
GPR155	1	GPR155	
RNF130	1	RNF130	
RPL17	1	RPL17	
GPR158	1	GPR158	
GPR157	1	GPR157	
RPL19	1	RPL19	
TIMMDC1	1	C3orf1	
F10	1	F10	
F12	1	F12	
F11	1	F11	
PDCD6P1	1	LOC728613	
NMNAT3	1	NMNAT3	
NMNAT2	1	NMNAT2	
GPR141	1	GPR141	
RNF146	1	RNF146	
RNF145	1	RNF145	
GPR143	1	GPR143	
RNF148	1	RNF148	
GPR142	1	GPR142	
ABI2	1	ABI2	
NMNAT1	1	NMNAT1	
ABI3	1	ABI3	
RNF149	1	RNF149	
ABI1	1	ABI1	
MSRB2	1	MSRB2	
MSRB3	1	MSRB3	
ANKS4B	1	ANKS4B	
RNF141	1	RNF141	
GPR146	1	GPR146	
MSRB1	1	SEPX1	
COL16A1	1	COL16A1	
CHPF	1	CHPF	
EPO	1	EPO	
HJURP	1	HJURP	
RNF19B	1	RNF19B	
SERTM1	1	C13orf36	
RNF19A	1	RNF19A	
CHP2	1	CHP2	
CHP1	1	CHP	
MEN1	1	MEN1	
RNF43	1	RNF43	
RNF44	1	RNF44	
FAM24B	1	FAM24B	
F2R	1	F2R	
RNF40	1	RNF40	
RNF41	1	RNF41	
MELK	1	MELK	
ERF	1	ERF	
GAPDHS	1	GAPDHS	
NHP2	1	NHP2	
ERH	1	ERH	
ERG	1	ERG	
IQCA1	1	IQCA1	
ENY2	1	ENY2	
ABHD4	1	ABHD4	
ABHD3	1	ABHD3	
GPR119	1	GPR119	
ABHD2	1	ABHD2	
FAM27C	2	FAM27A:FAM27C	
RNF180	1	RNF180	
ABHD1	1	ABHD1	
ABHD8	1	ABHD8	
ACTMAP	1	C19orf54	
CHRD	1	CHRD	
ABHD6	1	ABHD6	
ABHD5	1	ABHD5	
MACROH2A2	1	H2AFY2	
MACROH2A1	1	H2AFY	
OARD1	1	C6orf130	
TBXA2R	1	TBXA2R	
GFOD3P	1	KIAA0495	
ESD	1	ESD	
ABL1	1	ABL1	
ABL2	1	ABL2	
RNF170	1	RNF170	
PPIAL4C	1	PPIAL4C	
RNF175	1	RNF175	
PPIAL4D	1	PPIAL4D	
PPIAL4G	1	PPIAL4G	
STRA6	1	STRA6	
GPR108	1	GPR108	
TVP23A	1	FAM18A	
TVP23B	1	FAM18B	
TVP23C	1	FAM18B2	
PALB2	1	PALB2	
RNF182	1	RNF182	
RNF181	1	RNF181	
GPR107	1	GPR107	
TDRD10	1	TDRD10	
RNF183	1	RNF183	
RNF186	1	RNF186	
RNF185	1	RNF185	
RNF187	1	RNF187	
RNF10	1	RNF10	
CALCOCO1	1	CALCOCO1	
RNF11	1	RNF11	
SFT2D3	1	SFT2D3	
RNF13	1	RNF13	
CALCOCO2	1	CALCOCO2	
RNF14	1	RNF14	
ADRA1D	1	ADRA1D	
TREM2	1	TREM2	
ADRA1B	1	ADRA1B	
ADRA1A	1	ADRA1A	
TREM1	1	TREM1	
FKBP9P1	1	FKBP9L	
PTBP1	1	PTBP1	
RPL7A	1	RPL7A	
DNMT3B	1	DNMT3B	
IQCB1	1	IQCB1	
PDCD6IP	1	PDCD6IP	
CHUK	1	CHUK	
DNMT3A	1	DNMT3A	
KCNAB1	1	KCNAB1	
KCNAB2	1	KCNAB2	
ADRA2C	1	ADRA2C	
KCNAB3	1	KCNAB3	
RANGAP1	1	RANGAP1	
ADRA2B	1	ADRA2B	
ADRA2A	1	ADRA2A	
COASY	1	COASY	
PTBP2	1	PTBP2	
PTBP3	1	ROD1	
EVC	1	EVC	
IL3RA	1	IL3RA	
EVL	1	EVL	
SFT2D2	1	SFT2D2	
TRHDE-AS1	1	LOC283392	
SFT2D1	1	SFT2D1	
SSX2IP	1	SSX2IP	
CX3CR1	1	CX3CR1	
RNF31	1	RNF31	
RNF32	1	RNF32	
SMARCD1	1	SMARCD1	
SMARCD2	1	SMARCD2	
RNF34	1	RNF34	
SMARCD3	1	SMARCD3	
WBP1	1	WBP1	
WBP2	1	WBP2	
RNF38	1	RNF38	
WBP4	1	WBP4	
ITLN1	1	ITLN1	
MESD	1	MESDC2	
MROH1	1	HEATR7A	
PUF60	1	PUF60	
RBBP4	1	RBBP4	
RBBP5	1	RBBP5	
ANKAR	1	ANKAR	
RBBP8	1	RBBP8	
RNF39	1	RNF39	
MROH8	1	C20orf132	
RBBP9	1	RBBP9	
MROH7	1	C1orf175	
RBBP6	1	RBBP6	
MROH6	1	C8orf73	
RBBP7	1	RBBP7	
MEST	1	MEST	
FDXACB1	1	FDXACB1	
RNF20	1	RNF20	
SMARCE1	1	SMARCE1	
RNF24	1	RNF24	
RNF25	1	RNF25	
RNF26	1	RNF26	
PNRC1	1	PNRC1	
PNRC2	1	PNRC2	
RPL13AP3	1	RPL13AP3	
RPL13AP6	1	RPL13AP6	
TRMT61A	1	TRMT61A	
TRMT61B	1	TRMT61B	
BET1	1	BET1	
SLC46A3	1	SLC46A3	
SLC46A1	1	SLC46A1	
SLC46A2	1	SLC46A2	
GEMIN8P4	1	GEMIN8P4	
GOLGA2	1	GOLGA2	
GOLGA3	1	GOLGA3	
GOLGA4	1	GOLGA4	
GOLGA5	1	GOLGA5	
GOLGA1	1	GOLGA1	
GOLGA7	1	GOLGA7	
EYS	1	EYS	
ABT1	1	ABT1	
MCCC2	1	MCCC2	
RRP7BP	1	RRP7B	
MCCC1	1	MCCC1	
MTUS1	1	MTUS1	
MTUS2	1	MTUS2	
OVOL1	1	OVOL1	
MTURN	1	C7orf41	
OVOL2	1	OVOL2	
AFG3L2	1	AFG3L2	
COX7A2L	1	COX7A2L	
AKAP9	1	AKAP9	
GUF1	1	GUF1	
RELCH	1	KIAA1468	
ANKRA2	1	ANKRA2	
EZR	1	EZR	
BEX4	1	BEX4	
GPM6A	1	GPM6A	
BEX3	1	NGFRAP1	
BEX2	1	BEX2	
BEX1	1	BEX1	
TSHZ3	1	TSHZ3	
C17orf107	1	C17orf107	
TSHZ1	1	TSHZ1	
TSHZ2	1	TSHZ2	
GMCL1	1	GMCL1	
C17orf100	1	C17orf100	
GMCL2	1	GMCL1L	
GNG10	1	GNG10	
NHLH1	1	NHLH1	
FAM180B	1	FAM180B	
FAM180A	1	FAM180A	
BTN2A3P	1	BTN2A3	
GPM6B	1	GPM6B	
PTPRN2	1	PTPRN2	
STK11IP	1	STK11IP	
TREX1	1	TREX1	
SLC33A1	1	SLC33A1	
TREX2	1	TREX2	
KNOP1	1	C16orf88	
IGFL2	1	IGFL2	
IGFL1	1	IGFL1	
C21orf91	1	C21orf91	
GNG12	1	GNG12	
GNG11	1	GNG11	
CCDC88B	1	CCDC88B	
LACC1	1	C13orf31	
CCDC88A	1	CCDC88A	
CDAN1	1	CDAN1	
GOLGB1	1	GOLGB1	
CCDC88C	1	CCDC88C	
MEIS3P1	1	MEIS3P1	
ITM2A	1	ITM2A	
ITM2B	1	ITM2B	
RAB40AL	1	RAB40AL	
BEX5	1	BEX5	
ITM2C	1	ITM2C	
ACVRL1	1	ACVRL1	
OLA1	1	OLA1	
QRFP	1	QRFP	
CX3CL1	1	CX3CL1	
ANKRD9	1	ANKRD9	
C21orf58	1	C21orf58	
EPM2AIP1	1	EPM2AIP1	
GLIPR1	1	GLIPR1	
GLIPR2	1	GLIPR2	
GUK1	1	GUK1	
ANKRD1	1	ANKRD1	
TNFAIP8L1	1	TNFAIP8L1	
GNPNAT1	1	GNPNAT1	
FAM182B	1	FAM182B	
TNFAIP8L3	1	TNFAIP8L3	
ANKRD2	1	ANKRD2	
DLAT	1	DLAT	
TNFAIP8L2	1	TNFAIP8L2	
ANKRD6	1	ANKRD6	
RSPRY1	1	RSPRY1	
AVPR1B	1	AVPR1B	
STRBP	1	STRBP	
AVPR1A	1	AVPR1A	
IGFN1	1	IGFN1	
MSS51	1	ZMYND17	
PALD1	1	KIAA1274	
RPUSD4	1	RPUSD4	
B3GNT9	1	B3GNT9	
B3GNT8	1	B3GNT8	
B3GNT7	1	B3GNT7	
MDFIC	1	MDFIC	
POC5	1	POC5	
B3GNT6	1	B3GNT6	
RPUSD1	1	RPUSD1	
B3GNT5	1	B3GNT5	
RPUSD2	1	RPUSD2	
B3GNT4	1	B3GNT4	
FRG1	1	FRG1	
RPUSD3	1	RPUSD3	
B3GNT3	1	B3GNT3	
FAM20B	1	FAM20B	
B3GNT2	2	B3GNT2:B3GNT1	
FAM181B	1	FAM181B	
FAM20C	1	FAM20C	
STRAP	1	STRAP	
ALDOC	1	ALDOC	
ALDOB	1	ALDOB	
FAM20A	1	FAM20A	
ALDOA	1	ALDOA	
MYCBP	1	MYCBP	
SLC20A2	1	SLC20A2	
SLC20A1	1	SLC20A1	
AKAP8	1	AKAP8	
AKAP7	1	AKAP7	
AKAP6	1	AKAP6	
AKAP5	1	AKAP5	
AKAP3	1	AKAP3	
AKAP1	1	AKAP1	
FAM184A	1	FAM184A	
NCR3LG1	1	DKFZp686O24166	
SHOC2	1	SHOC2	
SHOC1	1	C9orf84	
OLAH	1	OLAH	
PCP4L1	1	PCP4L1	
FAH	1	FAH	
PDZK1IP1	1	PDZK1IP1	
PODN	1	PODN	
LBX2	1	LBX2	
FAP	1	FAP	
PDXDC2P	1	PDXDC2	
DLC1	1	DLC1	
FAS	1	FAS	
BMAL2	1	ARNTL2	
FAU	1	FAU	
BMAL1	1	ARNTL	
POGK	1	POGK	
SIRPG	1	SIRPG	
CIB2	1	CIB2	
CIB1	1	CIB1	
TNFRSF14-AS1	1	LOC115110	
FBL	1	FBL	
FAM186B	1	FAM186B	
FAM186A	1	FAM186A	
POGZ	1	POGZ	
MEIOC	1	C17orf104	
NUSAP1	1	NUSAP1	
SIRPA	1	SIRPA	
TBCCD1	1	TBCCD1	
CFAP418	1	C8orf37	
ANGEL2	1	ANGEL2	
ANGEL1	1	ANGEL1	
PAM16	1	TIMM16	
CFAP410	1	C21orf2	
ILVBL	1	ILVBL	
VESTAR	1	MGC23270	
RGS9BP	1	RGS9BP	
TBL1XR1	1	TBL1XR1	
FAM185A	1	FAM185A	
RPL7L1	1	RPL7L1	
EOGT	1	C3orf64	
ELMO1	1	ELMO1	
ELMO2	1	ELMO2	
ELMO3	1	ELMO3	
RELL1	1	RELL1	
RELL2	1	RELL2	
H6PD	1	H6PD	
NID1	1	NID1	
NID2	1	NID2	
SDCBP	1	SDCBP	
ANTKMT	1	FAM173A	
ZC3H18	1	ZC3H18	
ZC3H13	1	ZC3H13	
ZC3H14	1	ZC3H14	
ZC3H15	1	ZC3H15	
HSPA9	1	HSPA9	
XRCC6P5	1	LOC442459	
HSPA8	1	HSPA8	
TGFB2	1	TGFB2	
TGFB1	1	TGFB1	
LRRC75B	1	C22orf36	
HSPA5	1	HSPA5	
LRRC75A	1	C17orf76	
HSPA4	1	HSPA4	
TGFB3	1	TGFB3	
HSPA7	1	HSPA7	
PTCH1	1	PTCH1	
HSPA6	1	HSPA6	
PTCH2	1	PTCH2	
BFAR	1	BFAR	
HSPA2	1	HSPA2	
NFKBIA	1	NFKBIA	
DLG1	1	DLG1	
FER	1	FER	
DLG2	1	DLG2	
DLG3	1	DLG3	
DLG4	1	DLG4	
FES	1	FES	
DLG5	1	DLG5	
FEV	1	FEV	
CLASRP	1	SFRS16	
TGFBI	1	TGFBI	
GRSF1	1	GRSF1	
PALS2	1	MPP6	
NFKBIE	1	NFKBIE	
NFKBID	1	NFKBID	
PALS1	1	MPP5	
NFKBIB	1	NFKBIB	
HSPB9	1	HSPB9	
HSPB6	1	HSPB6	
HSPB8	1	HSPB8	
HSPB7	1	HSPB7	
HSPB2	1	HSPB2	
HSPB1	1	HSPB1	
DHTKD1	1	DHTKD1	
POLB	1	POLB	
ALDH2	1	ALDH2	
ZC3H7A	1	ZC3H7A	
ZC3H7B	1	ZC3H7B	
NFKBIZ	1	NFKBIZ	
POLI	1	POLI	
POLL	1	POLL	
POLK	1	POLK	
GUSB	1	GUSB	
POLE	1	POLE	
POLH	1	POLH	
POLG	1	POLG	
FGB	1	FGB	
FGA	1	FGA	
FGG	1	FGG	
CENATAC	1	CCDC84	
CTPS2	1	CTPS2	
RNF208	1	RNF208	
CTPS1	1	CTPS	
FGR	1	FGR	
PALLD	1	PALLD	
RNF207	1	RNF207	
GCSAML	1	C1orf150	
CHMP3	1	VPS24	
CHMP6	1	CHMP6	
ECT2L	1	ECT2L	
CHMP7	1	CHMP7	
CHMP5	1	CHMP5	
RGS18	1	RGS18	
PON3	1	PON3	
RGS17	1	RGS17	
RGS19	1	RGS19	
RGS14	1	RGS14	
RGS13	1	RGS13	
PON2	1	PON2	
RGS16	1	RGS16	
PALM3	1	PALM3	
POMP	1	POMP	
PON1	1	PON1	
LCAT	1	LCAT	
DLL1	1	DLL1	
STRN4	1	STRN4	
DLL3	1	DLL3	
HSPD1	1	HSPD1	
STRN3	1	STRN3	
DLL4	1	DLL4	
ACAN	1	ACAN	
IGFBPL1	1	IGFBPL1	
PALMD	1	PALMD	
NRIP2	1	NRIP2	
NRIP1	1	NRIP1	
NRIP3	1	NRIP3	
RGS20	1	RGS20	
RGS22	1	RGS22	
CLASP1	1	CLASP1	
CLASP2	1	CLASP2	
PTCD3	1	PTCD3	
POLQ	1	POLQ	
PTCD1	1	PTCD1	
PTCD2	1	PTCD2	
NIFK	1	MKI67IP	
POLN	1	POLN	
POLM	1	POLM	
LCA5	1	LCA5	
TSPEAR	1	C21orf29	
HSPE1	1	HSPE1	
MEIS3	1	MEIS3	
MEIS2	1	MEIS2	
DLK1	1	DLK1	
DLK2	1	DLK2	
POMC	1	POMC	
MEIS1	1	MEIS1	
PMP22	1	PMP22	
RGS10	1	RGS10	
RGS12	1	RGS12	
RGS11	1	RGS11	
POP5	1	POP5	
POP7	1	POP7	
POP1	1	POP1	
POP4	1	POP4	
FLJ12825	1	FLJ12825	
ACCS	1	ACCS	
F11R	1	F11R	
NOC2L	1	NOC2L	
FRS2	1	FRS2	
LDOC1	1	LDOC1	
FRS3	1	FRS3	
ACE2	1	ACE2	
RABL3	1	RABL3	
RABL6	1	C9orf86	
FLG	1	FLG	
CDCA2	1	CDCA2	
CDCA3	1	CDCA3	
CDCA4	1	CDCA4	
CDCA5	1	CDCA5	
CDCA7	1	CDCA7	
CDCA8	1	CDCA8	
YWHAEP7	1	LOC284100	
FUCA1	1	FUCA1	
LCDR	1	LOC100270804	
FUCA2	1	FUCA2	
FN1	1	FN1	
MAGOHB	1	MAGOHB	
CILP	1	CILP	
ACHE	1	ACHE	
MTMR10	1	MTMR10	
MTMR12	1	MTMR12	
CATSPER2P1	1	CATSPER2P1	
MTMR11	1	MTMR11	
MTMR14	1	MTMR14	
GGTLC2	1	GGTLC2	
PANX1	1	PANX1	
PCMTD2	1	PCMTD2	
GGTLC1	1	GGTLC1	
PANX2	1	PANX2	
CHAF1B	1	CHAF1B	
CHAF1A	1	CHAF1A	
CEP83-DT	1	LOC144486	
OLR1	1	OLR1	
NINL	1	NINL	
PCMTD1	1	PCMTD1	
SPHK2	1	SPHK2	
SPHK1	1	SPHK1	
OR7E91P	1	OR7E91P	
EPS15L1	1	EPS15L1	
FOS	1	FOS	
SLC7A4	1	SLC7A4	
SLC7A5	1	SLC7A5	
SLC7A6	1	SLC7A6	
SLC7A7	1	SLC7A7	
SLC7A8	1	SLC7A8	
SLC7A9	1	SLC7A9	
CINP	1	CINP	
POT1	1	POT1	
ACSBG1	1	ACSBG1	
NUP62CL	1	NUP62CL	
CACUL1	1	C10orf46	
ELOF1	1	ELOF1	
CIPC	1	KIAA1737	
NIP7	1	NIP7	
DLST	1	DLST	
NOC4L	1	NOC4L	
SLC7A1	1	SLC7A1	
SLC7A2	1	SLC7A2	
SLC7A3	1	SLC7A3	
FRZB	1	FRZB	
MFN1	1	MFN1	
MFN2	1	MFN2	
P4HTM	1	P4HTM	
GOLM2	1	CASC4	
GOLM1	1	GOLM1	
TRAPPC10	1	TRAPPC10	
NOC3L	1	NOC3L	
RABIF	1	RABIF	
YPEL1	1	YPEL1	
CRLF3	1	CRLF3	
YPEL5	1	YPEL5	
YPEL4	1	YPEL4	
CRLF1	1	CRLF1	
FRK	1	FRK	
FRYL	1	FRYL	
YPEL3	1	YPEL3	
YPEL2	1	YPEL2	
HYCC1	1	FAM126A	
HYCC2	1	FAM126B	
SLC27A1	1	SLC27A1	
PLOD3	1	PLOD3	
HIKESHI	1	C11orf73	
PLOD2	1	PLOD2	
PLOD1	1	PLOD1	
FRY	1	FRY	
ADORA3	1	ADORA3	
GARIN2	1	FAM71D	
ADORA1	1	ADORA1	
CIR1	1	CIR1	
SYBU	1	SYBU	
BNIP3L	1	BNIP3L	
CISH	1	CISH	
FST	1	FST	
ATXN2L	1	ATXN2L	
ACLY	1	ACLY	
CLUHP3	1	KIAA0664P3	
MFNG	1	MFNG	
SLC27A6	1	SLC27A6	
IL6ST	1	IL6ST	
SLC27A3	1	SLC27A3	
SLC27A2	1	SLC27A2	
SLC27A5	1	SLC27A5	
FTL	1	FTL	
SLC27A4	1	SLC27A4	
CHODL	1	CHODL	
COL17A1	1	COL17A1	
FTO	1	FTO	
DLX1	1	DLX1	
DLX3	1	DLX3	
DLX4	1	DLX4	
DLX5	1	DLX5	
FTX	1	NCRNA00182	
CYP2C19	1	CYP2C19	
CORO1A	1	CORO1A	
CYP2C18	1	CYP2C18	
CORO1B	1	CORO1B	
CORO1C	1	CORO1C	
HSP90B1	1	HSP90B1	
IGSF22	1	IGSF22	
IGSF21	1	IGSF21	
FKBP6P2	1	LOC541473	
DHRS4-AS1	1	C14orf167	
SLC14A1	1	SLC14A1	
FUS	1	FUS	
FUZ	1	FUZ	
CORO2A	1	CORO2A	
CORO2B	1	CORO2B	
NDC80	1	NDC80	
IGSF11	1	IGSF11	
IGSF10	1	IGSF10	
AURKAP1	1	AURKAPS1	
DMXL1	1	DMXL1	
SYCN	1	SYCN	
DMXL2	1	DMXL2	
LCN2	1	LCN2	
ACO1	1	ACO1	
ACO2	1	ACO2	
NIT1	1	NIT1	
NIT2	1	NIT2	
MCFD2	1	MCFD2	
CDC73	1	CDC73	
ACP6	1	ACP6	
ACP7	1	PAPL	
ACP5	1	ACP5	
ACP2	1	ACP2	
ACP3	1	ACPP	
ACP1	1	ACP1	
EIF5A	1	EIF5A	
EIF5B	1	EIF5B	
COMMD10	1	COMMD10	
MFRP	1	MFRP	
APRG1	1	C3orf35	
SYF2	1	SYF2	
RPL21P44	1	RPL21P44	
LCOR	2	C10orf12:LCOR	
LCP2	1	LCP2	
LCP1	1	LCP1	
YJU2B	1	CCDC130	
FXN	1	FXN	
ANKRD13C-DT	1	HHLA3	
MGRN1	1	MGRN1	
SLC5A12	1	SLC5A12	
SLC5A10	1	SLC5A10	
RCHY1	1	RCHY1	
EHBP1	1	EHBP1	
CDC42	1	CDC42	
CDC45	1	CDC45	
ATXN1L	1	ATXN1L	
EIF4H	1	EIF4H	
FYN	1	FYN	
FSD1	1	FSD1	
EIF4E	1	EIF4E	
EIF4B	1	EIF4B	
GADD45GIP1	1	GADD45GIP1	
NTRK1	1	NTRK1	
NTRK2	1	NTRK2	
CIZ1	1	CIZ1	
NTRK3	1	NTRK3	
CDC5L	1	CDC5L	
FGF7P3	1	KGFLP2	
TTC39C	1	TTC39C	
TTC39A	1	TTC39A	
TTC39B	1	TTC39B	
EIF3M	1	EIF3M	
MCM3AP	1	MCM3AP	
EIF3K	1	EIF3K	
EIF3L	1	EIF3L	
EIF3I	1	EIF3I	
EIF3J	1	EIF3J	
EIF3G	1	EIF3G	
EIF3H	1	EIF3H	
EIF3E	1	EIF3E	
STUB1	1	STUB1	
ATXN10	1	ATXN10	
EIF3F	1	EIF3F	
EIF3C	1	EIF3C	
EIF3D	1	EIF3D	
EIF3A	1	EIF3A	
EIF3B	1	EIF3B	
ANKRD20A3P	1	ANKRD20A3	
PPAN	1	PPAN	
LCTL	1	LCTL	
ACTB	1	ACTB	
NRADDP	1	NRADDP	
CDC20	1	CDC20	
HYKK	1	AGPHD1	
CDC23	1	CDC23	
CDC26	1	CDC26	
PPAT	1	PPAT	
CDC27	1	CDC27	
PIEZO2	1	FAM38B	
EPC1	1	EPC1	
PIEZO1	1	FAM38A	
EPC2	1	EPC2	
ATP6V1E1	1	ATP6V1E1	
ATP6V1E2	1	ATP6V1E2	
EIF2A	1	EIF2A	
ATP6V1G1	1	ATP6V1G1	
ATP6V1G2	1	ATP6V1G2	
CTRB2	1	CTRB2	
CTRB1	1	CTRB1	
CIRBP	1	CIRBP	
ISLR2	1	ISLR2	
CSNK1D	1	CSNK1D	
CSNK1E	1	CSNK1E	
CDC40	1	CDC40	
CDC34	1	CDC34	
PPA2	1	PPA2	
PPA1	1	PPA1	
CDC37	1	CDC37	
CSNK2B	1	CSNK2B	
TRIB3	1	TRIB3	
TRIB1	1	TRIB1	
EIF1B	1	EIF1B	
TRIB2	1	TRIB2	
ZNF324B	1	ZNF324B	
OMA1	1	OMA1	
KALRN	1	KALRN	
CDKN2AIP	1	CDKN2AIP	
PPCS	1	PPCS	
PRSS45P	1	PRSS45	
XRRA1	1	XRRA1	
ATP6V1C1	1	ATP6V1C1	
ATP6V1C2	1	ATP6V1C2	
SMIM10L2B	1	NCRNA00087	
SMIM10L2A	1	NCRNA00086	
BMS1P2	1	LOC642826	
BMS1P1	1	BMS1P5	
IFFO2	1	IFFO2	
RAB27A	1	RAB27A	
RAB27B	1	RAB27B	
PPBP	1	PPBP	
BMS1P4	1	BMS1P4	
FTH1P3	1	FTHL3	
IFFO1	1	IFFO1	
CDC16	1	CDC16	
IGSF9B	2	IGSF9B:LOC283174	
CIBAR1	1	FAM92A1	
CIBAR2	1	FAM92B	
SLC2A4RG	1	SLC2A4RG	
ACY3	1	ACY3	
SYNM	1	SYNM	
ACY1	1	ACY1	
ZNF321P	1	ZNF321	
RAB22A	1	RAB22A	
CRTAC1	1	CRTAC1	
ERMARD	1	C6orf70	
EPG5	1	KIAA1632	
PBRM1	1	PBRM1	
GAA	1	GAA	
PRSS3P2	1	TRY6	
SYN3	1	SYN3	
SYN2	1	SYN2	
SYN1	1	SYN1	
GAK	1	GAK	
GAL	1	GAL	
GAN	1	GAN	
DMC1	1	DMC1	
SNRPGP15	1	LOC100130932	
ANKRD20A8P	1	ANKRD20B	
SYNC	1	SYNC	
NFIL3	1	NFIL3	
FAM177A1	1	FAM177A1	
ZNF585B	1	ZNF585B	
ANKRD20A9P	1	LOC284232	
ZNF585A	1	ZNF585A	
GCA	1	GCA	
GCG	1	GCG	
HYPK	1	C15orf63	
GCK	1	GCK	
CFHR3	1	CFHR3	
SRP19	1	SRP19	
SYS1	1	SYS1	
AMHR2	1	AMHR2	
GDA	1	GDA	
RPP30	1	RPP30	
WASHC2C	1	FAM21C	
SRP14	1	SRP14	
WASHC2A	2	FAM21A:FAM21B	
BORCS8	1	LOC729991	
BORCS7	1	C10orf32	
BORCS6	1	C17orf59	
RPP38	1	RPP38	
BORCS5	1	LOH12CR1	
SLX4IP	1	C20orf94	
GEM	1	GEM	
SPOCD1	1	SPOCD1	
SCNN1G	1	SCNN1G	
DLGAP1-AS1	1	FLJ35776	
SCNN1D	1	SCNN1D	
SCNN1B	1	SCNN1B	
SCNN1A	1	SCNN1A	
HHIPL2	1	HHIPL2	
PPIF	1	PPIF	
RPP21	1	RPP21	
ANKS6	1	ANKS6	
HHIPL1	1	HHIPL1	
PPIE	1	PPIE	
PPIH	1	PPIH	
PPIG	1	PPIG	
PPIB	1	PPIB	
RPP25	1	RPP25	
PPIA	1	PPIA	
ST13P4	1	FAM10A4	
PPID	1	PPID	
PPIC	1	PPIC	
HIGD1A	1	HIGD1A	
HIGD1B	1	HIGD1B	
SYCE3	1	C22orf41	
NCKIPSD	1	NCKIPSD	
SYCE2	1	SYCE2	
SYCE1	1	SYCE1	
PRR5-ARHGAP8	1	PRR5-ARHGAP8	
SYT5	1	SYT5	
SYT4	1	SYT4	
MGAM	1	MGAM	
SYT3	1	SYT3	
SYT2	1	SYT2	
SYT1	1	SYT1	
RPP40	1	RPP40	
GGH	1	GGH	
ADA2	1	CECR1	
RACGAP1P1	1	RACGAP1P	
SYT9	1	SYT9	
SYT8	1	SYT8	
MANBAL	1	MANBAL	
SYT7	1	SYT7	
GGN	1	GGN	
HIGD2A	1	HIGD2A	
SYT6	1	SYT6	
MELTF	1	MFI2	
CUEDC2	1	CUEDC2	
LDB1	1	LDB1	
MS4A8	1	MS4A8B	
MS4A7	1	MS4A7	
NGLY1	1	NGLY1	
ADAR	1	ADAR	
LDB3	1	LDB3	
LDB2	1	LDB2	
DMKN	1	DMKN	
GHR	1	GHR	
TGIF1	1	TGIF1	
TGIF2	1	TGIF2	
SPIDR	1	KIAA0146	
EPN1	1	EPN1	
EPN2	1	EPN2	
EPN3	1	EPN3	
ATP6V1B2	1	ATP6V1B2	
LDAH	1	C2orf43	
MS4A2	1	MS4A2	
CUEDC1	1	CUEDC1	
MS4A1	1	MS4A1	
ATP6V1B1	1	ATP6V1B1	
AGPAT5	1	AGPAT5	
REP15	1	REP15	
ANKS3	1	ANKS3	
ADD3	1	ADD3	
AGPAT1	1	AGPAT1	
PPOX	1	PPOX	
AGPAT2	1	AGPAT2	
ADD1	1	ADD1	
AGPAT3	1	AGPAT3	
GK3	1	GK3P	
ADD2	1	ADD2	
AGPAT4	1	AGPAT4	
GK5	1	GK5	
WDCP	1	C2orf44	
SPOCK2	1	SPOCK2	
SPOCK3	1	SPOCK3	
SPOCK1	1	SPOCK1	
ENTR1	1	SDCCAG3	
RPP14	1	RPP14	
ATF7IP	1	ATF7IP	
FAHD1	1	FAHD1	
KICS2	1	C12orf66	
SSRP1	1	SSRP1	
EPOP	1	C17orf96	
EPOR	1	EPOR	
ACKR4	1	CCRL1	
ACKR3	1	CXCR7	
BCDIN3D-AS1	1	LOC100286844	
ACKR2	1	CCBP2	
ACKR1	1	DARC	
GLA	1	GLA	
ANKLE2	1	ANKLE2	
ANKLE1	1	ANKLE1	
ARPC5L	1	ARPC5L	
FAM95B1	1	FAM95B1	
GLS	1	GLS	
EPS8	1	EPS8	
CSPP1	1	CSPP1	
AP1S2	1	AP1S2	
AP1S1	1	AP1S1	
AP1S3	1	AP1S3	
ADPRH	1	ADPRH	
ADPRS	1	ADPRHL2	
ADPRM	1	C17orf48	
FAHD2CP	1	LOC729234	
GNE	1	GNE	
ANAPC13	1	ANAPC13	
ANAPC15	1	C11orf51	
SEH1L	1	SEH1L	
ANAPC16	1	ANAPC16	
TPTE2P6	1	LOC374491	
TPTE2P1	1	TPTE2P1	
GNS	1	GNS	
ADH5	1	ADH5	
ANAPC10	1	ANAPC10	
ACMSD	1	ACMSD	
ADH6	1	ADH6	
ANAPC11	1	ANAPC11	
DICER1-AS1	1	FLJ45244	
ADH4	1	ADH4	
LDHB	1	LDHB	
LDHA	1	LDHA	
LDHD	1	LDHD	
C10orf55	1	C10orf55	
DMPK	1	DMPK	
GRTP1	1	GRTP1	
SNAI3	1	SNAI3	
GP2	1	GP2	
RMDN3	1	FAM82A2	
RMDN2	1	FAM82A1	
RMDN1	1	FAM82B	
GP6	1	GP6	
GP5	1	GP5	
FOSL2	1	FOSL2	
FOSL1	1	FOSL1	
H19	1	H19	
ADI1	1	ADI1	
TOLLIP	1	TOLLIP	
PPT1	1	PPT1	
SNAI1	1	SNAI1	
SNAI2	1	SNAI2	
PPT2	1	PPT2	
GPI	1	GPI	
GMEB1	1	GMEB1	
GMEB2	1	GMEB2	
YJEFN3	1	YJEFN3	
ARPC1B	1	ARPC1B	
ARPC1A	1	ARPC1A	
GPT	1	GPT	
TIMP2	1	TIMP2	
TIMP3	1	TIMP3	
TIMP1	1	TIMP1	
TEAD1	1	TEAD1	
TEAD2	1	TEAD2	
TIMP4	1	TIMP4	
TEAD3	1	TEAD3	
TEAD4	1	TEAD4	
SHPRH	1	SHPRH	
NUTF2	1	NUTF2	
GCHFR	1	GCHFR	
TMSB15A	1	TMSB15A	
TMSB15B	1	TMSB15B	
C10orf67	1	C10orf67	
CACTIN	1	C19orf29	
MGLL	1	MGLL	
GRN	1	GRN	
GRP	1	GRP	
SGMS1	1	SGMS1	
TIMM9	1	TIMM9	
SGMS2	1	SGMS2	
APOLD1	1	APOLD1	
SCAF8	1	RBM16	
GPNMB	1	GPNMB	
EPYC	1	EPYC	
GSC	1	GSC	
TP53TG1	1	TP53TG1	
FBXL9P	1	LRRC29	
LDLR	1	LDLR	
DMTN	1	EPB49	
GSN	1	GSN	
MGMT	1	MGMT	
GSS	1	GSS	
C10orf95	1	C10orf95	
GSR	1	GSR	
SCAF1	1	SCAF1	
SLC8B1	1	SLC24A6	
SCAF4	1	SFRS15	
SLC8A3	1	SLC8A3	
ADM5	1	C19orf76	
ADM2	1	ADM2	
C10orf88	1	C10orf88	
KLKB1	1	KLKB1	
ANKRD13C	1	ANKRD13C	
RAB3B	1	RAB3B	
ANKRD13B	1	ANKRD13B	
RAB3C	1	RAB3C	
ANKRD13D	1	ANKRD13D	
RAB3A	1	RAB3A	
RAB3D	1	RAB3D	
SYAP1	1	SYAP1	
IL5RA	1	IL5RA	
RPL10A	1	RPL10A	
SLC8A1	1	SLC8A1	
SLC8A2	1	SLC8A2	
RAB43	1	RAB43	
RAB41	1	RAB41	
RAB42	1	RAB42	
SLC39A9	1	SLC39A9	
SLC39A6	1	SLC39A6	
SLC39A5	1	SLC39A5	
SLC39A8	1	SLC39A8	
SLC39A7	1	SLC39A7	
SLC39A1	1	SLC39A1	
ANKRD13A	1	ANKRD13A	
SLC39A4	1	SLC39A4	
SLC39A3	1	SLC39A3	
RAB2A	1	RAB2A	
RAB2B	1	RAB2B	
MIX23	1	CCDC58	
TTC21A	1	TTC21A	
RAB32	1	RAB32	
LBHD1	1	C11orf48	
RAB30	1	RAB30	
RAB31	1	RAB31	
RAB36	1	RAB36	
RAB37	1	RAB37	
DMWD	1	DMWD	
RAB34	1	RAB34	
RAB35	1	RAB35	
AAGAB	1	AAGAB	
RAB38	1	RAB38	
ADNP	1	ADNP	
BRSK1	1	BRSK1	
BRSK2	1	BRSK2	
RAB5B	1	RAB5B	
SLC26A2	1	SLC26A2	
RAB5C	1	RAB5C	
SLC26A1	1	SLC26A1	
HSPBP1	1	HSPBP1	
TTC21B	1	TTC21B	
SRGAP3	1	SRGAP3	
RAB6A	1	RAB6A	
SRGAP2	1	SRGAP2	
RAB6B	1	RAB6B	
SRGAP1	1	SRGAP1	
AP1M2	1	AP1M2	
AP1M1	1	AP1M1	
RAB4A	1	RAB4A	
RAB4B	1	RAB4B	
YJU2	1	CCDC94	
SLC7A6OS	1	SLC7A6OS	
P4HA1	1	P4HA1	
P4HA2	1	P4HA2	
P4HA3	1	P4HA3	
SLC26A8	1	SLC26A8	
CSPG5	1	CSPG5	
SLC26A7	1	SLC26A7	
CSPG4	1	CSPG4	
SLC26A9	1	SLC26A9	
SLC26A4	1	SLC26A4	
RAB5A	1	RAB5A	
SLC26A6	1	SLC26A6	
SLC26A5	1	SLC26A5	
WDR1	1	WDR1	
ADPGK	1	ADPGK	
WDR3	1	WDR3	
WDR4	1	WDR4	
FTCD	1	FTCD	
H1-10	1	H1FX	
AP1G2	1	AP1G2	
AP1G1	1	AP1G1	
URAHP	1	LOC100130015	
WDR5	1	WDR5	
WDR6	1	WDR6	
WDR7	1	WDR7	
HPN-AS1	1	LOC100128675	
TTC23L	1	TTC23L	
CIMAP3	1	C1orf88	
CIMAP2	1	C1orf177	
SLC13A2	1	SLC13A2	
ADSL	1	ADSL	
SLC13A3	1	SLC13A3	
SLC13A4	1	SLC13A4	
CHPF2	1	CHPF2	
RPL13A	1	RPL13A	
ZMIZ1-AS1	1	LOC283050	
TFDP1	1	TFDP1	
AOPEP	1	C9orf3	
TFDP2	1	TFDP2	
RAB1A	1	RAB1A	
NUTM1	1	C15orf55	
RAB1B	1	RAB1B	
HERC2P2	1	HERC2P2	
HERC2P4	1	HERC2P4	
FBXL22	1	FBXL22	
FBXL20	2	FBXL20:LOC90110	
RAB21	1	RAB21	
RAB20	1	RAB20	
MSTO1	1	MSTO1	
RAB25	1	RAB25	
RAB26	1	RAB26	
RAB23	1	RAB23	
RAB24	1	RAB24	
RAB29	1	RAB7L1	
RAB28	1	RAB28	
SLC13A5	1	SLC13A5	
RNGTT	1	RNGTT	
FBXL19	1	FBXL19	
FBXL17	1	FBXL17	
FBXL18	1	FBXL18	
FBXL15	1	FBXL15	
FBXL16	1	FBXL16	
FBXL13	1	FBXL13	
FBXL14	1	FBXL14	
FBXL12	1	FBXL12	
RAB10	1	RAB10	
TNRC6C	1	TNRC6C	
RAB14	1	RAB14	
VAPA	1	VAPA	
PSAT1	1	PSAT1	
RAB15	1	RAB15	
VAPB	1	VAPB	
RAB12	1	RAB12	
RAB13	1	RAB13	
RAB18	1	RAB18	
RAB19	1	RAB19	
RAB17	1	RAB17	
TNRC6A	1	TNRC6A	
TNRC6B	1	TNRC6B	
PANK4	1	PANK4	
PANK2	1	PANK2	
PANK3	1	PANK3	
TRAF3IP3	1	TRAF3IP3	
TRAF3IP2	1	TRAF3IP2	
CALML6	1	CALML6	
PANK1	1	PANK1	
TRAF3IP1	1	TRAF3IP1	
CISD1	1	CISD1	
CISD2	1	CISD2	
PPP2R2A	1	PPP2R2A	
CALML4	1	CALML4	
CISD3	1	CISD3	
TP53AIP1	1	TP53AIP1	
ZNF204P	1	ZNF204P	
KAT5	1	KAT5	
PPP2R1B	1	PPP2R1B	
RPL18A	1	RPL18A	
PPP2R1A	1	PPP2R1A	
FTH1	1	FTH1	
LONP1	1	LONP1	
LONP2	1	LONP2	
KAT8	1	MYST1	
KAT7	1	MYST2	
SEPHS1	1	SEPHS1	
SPDYE7P	1	SPDYE7P	
SEPHS2	1	SEPHS2	
ICOSLG	1	ICOSLG	
TKTL1	1	TKTL1	
ATP6V0E1	1	ATP6V0E1	
ESCO1	1	ESCO1	
TINF2	1	TINF2	
AP1B1	1	AP1B1	
AP1AR	1	AP1AR	
ESCO2	1	ESCO2	
GPR37L1	1	GPR37L1	
LEISA1	1	LOC100126784	
MAPK8IP2	1	MAPK8IP2	
MAPK8IP3	1	MAPK8IP3	
MAPK8IP1	1	MAPK8IP1	
DNA2	1	DNA2	
ATP6V0D1	1	ATP6V0D1	
ATP6V0D2	1	ATP6V0D2	
TWIST2	1	TWIST2	
TWIST1	1	TWIST1	
MYL12A	1	MYL12A	
MYL12B	1	MYL12B	
DND1	1	DND1	
ATP6V0A2	1	ATP6V0A2	
ATP6V0A4	1	ATP6V0A4	
TNRC18	1	TNRC18	
ATP6V0A1	1	ATP6V0A1	
USP32P2	1	LOC220594	
FUT8-AS1	1	LOC645431	
VASP	1	VASP	
VAT1	1	VAT1	
USP32P1	1	LOC162632	
TINCR	1	PLAC2	
TYMSOS	1	C18orf56	
VASN	1	VASN	
HAL	1	HAL	
FUBP3	1	FUBP3	
FUBP1	1	FUBP1	
CYP2B7P	1	CYP2B7P1	
TOP6BL	1	C11orf80	
COL18A1	1	COL18A1	
ZFAS1	1	C20orf199	
BASP1-AS1	1	LOC285696	
ZFAND2A	1	ZFAND2A	
ZFAND2B	1	ZFAND2B	
NKAP	1	NKAP	
HBB	1	HBB	
DNER	1	DNER	
TINAG	1	TINAG	
GABPA	1	GABPA	
RAB8A	1	RAB8A	
RALGPS1	1	RALGPS1	
RAB8B	1	RAB8B	
RALGPS2	1	RALGPS2	
VAV3	1	VAV3	
RAB6C	1	RAB6C	
RAB6D	1	LOC150786	
GPBAR1	1	GPBAR1	
GFRA1	1	GFRA1	
GFRA3	1	GFRA3	
GFRA2	1	GFRA2	
RENBP	1	RENBP	
VAV1	1	VAV1	
VAV2	1	VAV2	
HCK	1	HCK	
CDCP1	1	CDCP1	
CDCP2	1	CDCP2	
CNEP1R1	1	TMEM188	
RAB7A	1	RAB7A	
HDC	1	HDC	
ZNF2	1	ZNF2	
ZNF3	1	ZNF3	
ZNF8	1	ZNF8	
NKD1	1	NKD1	
NKD2	1	NKD2	
ZNF7	1	ZNF7	
PSMC3IP	1	PSMC3IP	
DUOX1	1	DUOX1	
UBTD2	1	UBTD2	
UBTD1	1	UBTD1	
SPTSSB	1	C3orf57	
SPTSSA	1	C14orf147	
ATP6V0E2	1	ATP6V0E2	
KANSL1L	1	C2orf67	
GABRE	1	GABRE	
GABRD	1	GABRD	
HDX	1	HDX	
DUOX2	1	DUOX2	
SH3BGR	1	SH3BGR	
ATP5PF	1	ATP5J	
GABRP	1	GABRP	
ATP5PD	1	ATP5H	
MYEF2	1	MYEF2	
ATP5PB	1	ATP5F1	
PLAC8L1	1	PLAC8L1	
VAX2	1	VAX2	
RAB11A	1	RAB11A	
RAB11B	1	RAB11B	
CAPZA1	1	CAPZA1	
CAPZA2	1	CAPZA2	
ATP5PO	1	ATP5O	
RAB9A	1	RAB9A	
RAB9B	1	RAB9B	
ITPRIP	1	ITPRIP	
HFE	1	HFE	
FAIM2	1	FAIM2	
TRAPPC12	1	TTC15	
TRAPPC11	1	C4orf41	
TRAPPC14	1	C7orf43	
TRAPPC13	1	C5orf44	
NANOS1	1	NANOS1	
SZT2	2	C1orf84:KIAA0467	
TRAPPC2L	1	TRAPPC2L	
HGD	1	HGD	
HGF	1	HGF	
NANOS3	1	NANOS3	
ALG14	1	ALG14	
ALG13	1	ALG13	
TRAPPC2B	1	TRAPPC2P1	
ALG12	1	ALG12	
ALG11	1	ALG11	
ALG10	1	ALG10	
HGS	1	HGS	
FBLN7	1	FBLN7	
FBLN1	1	FBLN1	
FBLN2	1	FBLN2	
TRHDE	1	TRHDE	
FBLN5	1	FBLN5	
SCUBE2	1	SCUBE2	
SCUBE3	1	SCUBE3	
SCUBE1	1	SCUBE1	
A2M-AS1	1	LOC144571	
UAP1L1	1	UAP1L1	
ATP5MK	1	USMG5	
ATP5MJ	1	C14orf2	
RPRD1B	1	RPRD1B	
RPRD1A	1	RPRD1A	
ATP5MG	1	ATP5L	
ATP5MF	1	ATP5J2	
ATP5ME	1	ATP5I	
RPL26L1-AS1	1	LOC100268168	
HAND2-AS1	1	NBLA00301	
RHBDD3	1	RHBDD3	
RHBDD2	1	RHBDD2	
RHBDD1	1	RHBDD1	
NKG7	1	NKG7	
CRLS1	1	CRLS1	
SEPSECS	1	SEPSECS	
SOWAHB	1	ANKRD56	
SOWAHC	1	ANKRD57	
SOWAHD	1	ANKRD58	
FBLL1	1	FBLL1	
HAPLN3	1	HAPLN3	
HAPLN4	1	HAPLN4	
HAPLN1	1	HAPLN1	
HK2	1	HK2	
HK1	1	HK1	
HK3	1	HK3	
PPP2R5E	1	PPP2R5E	
MCF2L	1	MCF2L	
RHBDF1	1	RHBDF1	
MYEOV	1	MYEOV	
RHBDF2	1	RHBDF2	
AXIN1	1	AXIN1	
PPP2R5B	1	PPP2R5B	
PPP2R5A	1	PPP2R5A	
PPP2R5D	1	PPP2R5D	
AXIN2	1	AXIN2	
PPP2R5C	1	PPP2R5C	
DNM1	1	DNM1	
DNM2	1	DNM2	
CETN4P	1	CETN4P	
DNM3	1	DNM3	
TRAPPC6A	1	TRAPPC6A	
TRAPPC6B	1	TRAPPC6B	
DNLZ	1	DNLZ	
SOWAHA	1	ANKRD43	
STOML2	1	STOML2	
HLF	1	HLF	
STOML1	1	STOML1	
ABRAXAS1	1	FAM175A	
LEF1	1	LEF1	
ETFDH	1	ETFDH	
ABRAXAS2	1	FAM175B	
RNF113A	1	RNF113A	
HLX	1	HLX	
PPP2R3C	1	PPP2R3C	
LEPROTL1	1	LEPROTL1	
PDIA3P1	1	PDIA3P	
PPP2R3B	1	PPP2R3B	
PPP2R3A	1	PPP2R3A	
WEE1	1	WEE1	
PPP2R2C	1	PPP2R2C	
PPP2R2B	1	PPP2R2B	
PPP2R2D	1	PPP2R2D	
CKLF	1	CKLF	
MAPKBP1	1	MAPKBP1	
CYBC1	1	C17orf62	
PGAP1	1	PGAP1	
PGAP2	1	PGAP2	
PGAP3	1	PGAP3	
PGAP4	1	C9orf125	
SNORA8	1	SNORA8	
EPB41L4A-AS1	1	NCRNA00219	
PGAP6	1	TMEM8A	
CCBE1	1	CCBE1	
MRTFB	1	MKL2	
MRTFA	1	MKL1	
HDHD5	1	CECR5	
PDZK1	1	PDZK1	
HDHD2	1	HDHD2	
HDHD3	1	HDHD3	
PRAP1	1	PRAP1	
CNBD2	1	C20orf152	
ETHE1	1	ETHE1	
UQCRC1	1	UQCRC1	
SPARCL1	1	SPARCL1	
UQCRC2	1	UQCRC2	
HPD	1	HPD	
NYAP1	1	C7orf51	
HPN	1	HPN	
FIGNL2	1	FIGNL2	
NCAPG	1	NCAPG	
HPR	1	HPR	
NYAP2	1	KIAA1486	
SLC30A10	1	SLC30A10	
GIGYF2	1	GIGYF2	
NCAPH	1	NCAPH	
HPX	1	HPX	
FIGNL1	1	FIGNL1	
ENSG00000237250	1	LOC100130331	
RHBDL3	1	RHBDL3	
RHBDL2	1	RHBDL2	
RHBDL1	1	RHBDL1	
GPR17	1	GPR17	
MYH7B	1	MYH7B	
EXOC6B	1	EXOC6B	
BHMT	1	BHMT	
HRC	1	HRC	
GPR18	1	GPR18	
GPR19	1	GPR19	
GPR27	1	GPR27	
LRRC36	1	LRRC36	
LRRC34	1	LRRC34	
GPR21	1	GPR21	
LRRC39	1	LRRC39	
GPR20	1	GPR20	
PTH1R	1	PTH1R	
LRRC32	1	LRRC32	
LETM2	1	LETM2	
LRRC31	1	LRRC31	
LRRC37A4P	1	LRRC37A4	
NKRF	1	NKRF	
SH3BGRL2	1	SH3BGRL2	
SH3BGRL3	1	SH3BGRL3	
CGNL1	1	CGNL1	
LRRC47	1	LRRC47	
GPR39	1	GPR39	
LRRC45	1	LRRC45	
GPR37	1	GPR37	
LRRC46	1	LRRC46	
GPR34	1	GPR34	
GPR35	1	GPR35	
LRRC49	1	LRRC49	
PGAM1	1	PGAM1	
PGAM2	1	PGAM2	
LRRC40	1	LRRC40	
PTH2R	1	PTH2R	
PTGR3	1	ZADH2	
MANEAL	1	MANEAL	
LRRC43	1	LRRC43	
PTGR1	1	PTGR1	
PTGR2	1	PTGR2	
LRRC41	1	LRRC41	
LRRC42	1	LRRC42	
VAMP8	1	VAMP8	
VAMP7	1	VAMP7	
CKS2	1	CKS2	
VN1R1	1	VN1R1	
PGAM4	1	PGAM4	
VAMP1	1	VAMP1	
PGAM5	1	PGAM5	
VAMP4	1	VAMP4	
VAMP5	1	VAMP5	
LYPLAL1	1	LYPLAL1	
VAMP2	1	VAMP2	
VAMP3	1	VAMP3	
KANK2	1	KANK2	
LRRC14	1	LRRC14	
KANK1	1	KANK1	
LRRC15	1	LRRC15	
ERVFRD-1	1	ERVFRDE1	
LRRC18	1	LRRC18	
LRRC19	1	LRRC19	
LRRC17	1	LRRC17	
HTT	1	HTT	
PTGS2	1	PTGS2	
PRAM1	1	PRAM1	
PTGS1	1	PTGS1	
EXTL2	1	EXTL2	
EXTL1	1	EXTL1	
SRPX2	1	SRPX2	
MICALL1	1	MICALL1	
AP2S1	1	AP2S1	
LEO1	1	LEO1	
MICALL2	1	MICALL2	
ANO10	1	ANO10	
PRAME	1	PRAME	
EXTL3	1	EXTL3	
SRSF10	1	SFRS13A	
YKT6	1	YKT6	
SRSF11	1	SFRS11	
NKTR	1	NKTR	
SRSF12	1	SFRS13B	
LRRC25	1	LRRC25	
LRRC23	1	LRRC23	
LRRC24	1	LRRC24	
SMAGP	1	SMAGP	
LRRC27	1	LRRC27	
GPR55	1	GPR55	
LRRC28	1	LRRC28	
LRRC20	1	LRRC20	
LETM1	1	LETM1	
BEND3P3	1	LOC650623	
HSD17B7P2	1	HSD17B7P2	
SH2D7	1	SH2D7	
GPR68	1	GPR68	
GPR65	1	GPR65	
GPR63	1	GPR63	
LRRC73	1	C6orf154	
CRAMP1	1	CRAMP1L	
LRRC70	1	LRRC70	
GPR62	1	GPR62	
SLC9C1	1	SLC9A10	
LCNL1	1	LCNL1	
LEPR	1	LEPR	
SH2D6	1	SH2D6	
SH2D5	1	SH2D5	
AP2M1	1	AP2M1	
SH3GLB1	1	SH3GLB1	
SH3GLB2	1	SH3GLB2	
SLC38A1	1	SLC38A1	
ANAPC7	1	ANAPC7	
N4BP2L2-IT2	1	CG030	
ILF3-DT	1	LOC147727	
AKR1E2	1	AKR1E2	
GPR75	1	GPR75	
SLC9B1	1	NHEDC1	
SLC9B2	1	NHEDC2	
SLC9A2	1	SLC9A2	
SLC9A3	1	SLC9A3	
SLC9A4	1	SLC9A4	
SLC9A5	1	SLC9A5	
SLC9A6	1	SLC9A6	
SLC9A7	1	SLC9A7	
SLC9A8	1	SLC9A8	
MRTO4	1	MRTO4	
SLC9A9	1	SLC9A9	
ANAPC4	1	ANAPC4	
ANAPC5	1	ANAPC5	
IGFALS	1	IGFALS	
SNRNP200	1	SNRNP200	
ANAPC1	1	ANAPC1	
KANK4	1	KANK4	
ANAPC2	1	ANAPC2	
KANK3	1	KANK3	
LRRC58	1	LRRC58	
LRRC59	1	LRRC59	
LRRC56	1	LRRC56	
LRRC57	1	LRRC57	
GPR87	1	GPR87	
GPR88	1	GPR88	
GPR85	1	GPR85	
GPR83	1	GPR83	
GPR84	1	GPR84	
GPR82	1	GPR82	
LRRC55	1	LRRC55	
GSTM2P1	1	GSTM2P1	
SLC9A1	1	SLC9A1	
SLC38A7	1	SLC38A7	
HYI	1	HYI	
SLC38A6	1	SLC38A6	
SLC38A9	1	SLC38A9	
LRRC4C	1	LRRC4C	
SLC38A3	1	SLC38A3	
SLC38A2	1	SLC38A2	
SLC38A5	1	SLC38A5	
LRRC4B	1	LRRC4B	
SLC38A4	1	SLC38A4	
LRRC69	1	LRRC69	
LRRC61	1	LRRC61	
LRRC66	1	LRRC66	
NFKB1	1	NFKB1	
NFKB2	1	NFKB2	
GNL3L	1	GNL3L	
UBLCP1	1	UBLCP1	
NUTM2A-AS1	1	LOC728190	
NFE2L3	1	NFE2L3	
NFE2L1	1	NFE2L1	
NFE2L2	1	NFE2L2	
SLC25A1	1	SLC25A1	
SLC25A3	1	SLC25A3	
SLC25A2	1	SLC25A2	
FCGR3A	1	FCGR3A	
FCGR3B	1	FCGR3B	
ERC1	1	ERC1	
ERC2	1	ERC2	
VBP1	1	VBP1	
VEZF1	1	VEZF1	
GIGYF1	1	GIGYF1	
SLC25A5	1	SLC25A5	
L3MBTL4	1	L3MBTL4	
SLC25A4	1	SLC25A4	
SLC25A6	1	SLC25A6	
GTF3C1	1	GTF3C1	
GTF3C2	1	GTF3C2	
GTF3C3	1	GTF3C3	
GTF3C4	1	GTF3C4	
GTF3C5	1	GTF3C5	
GTF3C6	1	GTF3C6	
PRCD	1	PRCD	
PRCC	1	PRCC	
USH1C	1	USH1C	
PRCP	1	PRCP	
IFI16	1	IFI16	
SH3BP1	1	SH3BP1	
SH3BP2	1	SH3BP2	
BEND3	1	BEND3	
LRRC8C	1	LRRC8C	
SH3BP5	1	SH3BP5	
BEND4	1	BEND4	
LRRC8D	1	LRRC8D	
SH3BP4	1	SH3BP4	
D2HGDH	1	D2HGDH	
LRRC8A	1	LRRC8A	
LRRC8B	1	LRRC8B	
BEND7	1	BEND7	
FCGR1A	1	FCGR1A	
SH2B3	1	SH2B3	
BEND5	1	BEND5	
LRRC8E	1	LRRC8E	
SH2B2	1	SH2B2	
BEND6	1	BEND6	
SH2B1	1	SH2B1	
CYB5B	1	CYB5B	
SLC12A2	1	SLC12A2	
CYB5A	1	CYB5A	
SLC12A3	1	SLC12A3	
SLC12A4	1	SLC12A4	
SLC12A5	1	SLC12A5	
ERAP2	1	ERAP2	
MBOAT7	1	MBOAT7	
ERAP1	1	ERAP1	
MBOAT1	1	MBOAT1	
MBOAT2	1	MBOAT2	
RPL23A	1	RPL23A	
MBOAT4	1	MBOAT4	
USH2A	1	USH2A	
FCGR2A	1	FCGR2A	
PRC1	1	PRC1	
FCGR2B	1	FCGR2B	
SMAP2	1	SMAP2	
FCGR2C	1	FCGR2C	
SMAP1	1	SMAP1	
AHCYL2	1	AHCYL2	
AHCYL1	1	AHCYL1	
PREP	1	PREP	
PRF1	1	PRF1	
IFI35	1	IFI35	
IFI30	1	IFI30	
CCAR2	1	KIAA1967	
CCAR1	1	CCAR1	
SLC12A6	1	SLC12A6	
SLC12A7	1	SLC12A7	
SLC12A8	1	SLC12A8	
SLC12A9	1	SLC12A9	
PAQR8	1	PAQR8	
PAQR6	1	PAQR6	
PAQR7	1	PAQR7	
PAQR4	1	PAQR4	
PAQR5	1	PAQR5	
PAQR3	1	PAQR3	
HNF1B	1	HNF1B	
TM4SF5	1	TM4SF5	
HNF1A	1	HNF1A	
TM4SF4	1	TM4SF4	
TM4SF1	1	TM4SF1	
EREG	1	EREG	
PPP1R3G	1	PPP1R3G	
SHTN1	1	KIAA1598	
PPP1R3F	1	PPP1R3F	
STX1B	1	STX1B	
IFI27	1	IFI27	
PPP1R3C	1	PPP1R3C	
PPP1R3B	1	PPP1R3B	
PPP1R3E	1	PPP1R3E	
PPP1R3D	1	PPP1R3D	
PREB	1	PREB	
STX1A	1	STX1A	
L3MBTL1	1	L3MBTL	
PPP1R36	1	C14orf50	
L3MBTL3	1	L3MBTL3	
L3MBTL2	1	L3MBTL2	
PPP1R35	1	C7orf47	
ANKRD19P	1	ANKRD19	
PRH2	1	PRH2	
PRH1	1	PRH1	
PGBD1	1	PGBD1	
PGBD2	1	PGBD2	
PGBD4	1	PGBD4	
PGBD5	1	PGBD5	
PPP1R2B	1	PPP1R2P3	
TSPAN8	1	TSPAN8	
ERI1	1	ERI1	
TSPAN9	1	TSPAN9	
ERI2	1	ERI2	
TSPAN6	1	TSPAN6	
ERI3	1	ERI3	
TSPAN7	1	TSPAN7	
TSPAN4	1	TSPAN4	
TSPAN5	1	TSPAN5	
TSPAN2	1	TSPAN2	
TSPAN3	1	TSPAN3	
HMGCLL1	1	HMGCLL1	
TSPAN1	1	TSPAN1	
GTF2A1L	1	GTF2A1L	
PPP1R26	1	KIAA0649	
PPP1R21	1	KLRAQ1	
PRG2	1	PRG2	
IFI44	1	IFI44	
PRG4	1	PRG4	
ERAL1	1	ERAL1	
BPIFB1	1	C20orf114	
PPP1R1A	1	PPP1R1A	
ID2	1	ID2	
PPP1R1C	1	PPP1R1C	
RPL27A	1	RPL27A	
ID1	1	ID1	
PPP1R1B	1	PPP1R1B	
ID4	1	ID4	
ID3	1	ID3	
ENSG00000286190	1	LOC728392	
GASK1A	1	FAM198A	
GASK1B	1	FAM198B	
PPP1R11	1	PPP1R11	
PPP1R10	1	PPP1R10	
HNF4G	1	HNF4G	
KIF14	1	KIF14	
AKR1B1	1	AKR1B1	
MIA2	2	CTAGE5:MIA2	
AP2A1	1	AP2A1	
KIF12	1	KIF12	
MIA3	1	MIA3	
IDE	1	IDE	
KIF11	1	KIF11	
AP2A2	1	AP2A2	
PPP1R18	1	KIAA1949	
KIF17	1	KIF17	
KIF15	1	KIF15	
KIF19	1	KIF19	
HNF4A	1	HNF4A	
IDS	1	IDS	
KIF1C	1	KIF1C	
KIF1B	1	KIF1B	
KIF1A	1	KIF1A	
NDEL1	1	NDEL1	
TLCD3A	1	FAM57A	
LYNX1	1	LYNX1	
AKR1A1	1	AKR1A1	
KIF25	1	KIF25	
KIF24	1	KIF24	
KIF23	1	KIF23	
KIF22	1	KIF22	
MMEL1	1	MMEL1	
TLCD3B	1	FAM57B	
KIF27	1	KIF27	
AJAP1	1	AJAP1	
KIF2A	1	KIF2A	
KIF2C	1	KIF2C	
CFL1P1	1	CFLP1	
PDZRN3	1	PDZRN3	
PDZRN4	1	PDZRN4	
PRKN	1	PARK2	
TMPRSS9	1	TMPRSS9	
STX12	1	STX12	
TMPRSS7	1	TMPRSS7	
STX17	1	STX17	
TMPRSS5	1	TMPRSS5	
STX16	1	STX16	
TMPRSS6	1	TMPRSS6	
STX19	1	STX19	
TMPRSS3	1	TMPRSS3	
STX18	1	STX18	
TMPRSS4	1	TMPRSS4	
TMPRSS2	1	TMPRSS2	
XIAP	1	XIAP	
PRKX	1	PRKX	
FUOM	1	C10orf125	
COL19A1	1	COL19A1	
STX11	1	STX11	
STX10	1	STX10	
RXRB	1	RXRB	
RXRA	1	RXRA	
PRKY	1	PRKY	
DGLUCY	1	C14orf159	
POLR1HASP	1	NCRNA00171	
RXRG	1	RXRG	
MICA	1	MICA	
MICB	1	MICB	
RFTN2	1	RFTN2	
TSNAX	1	TSNAX	
ERCC6L2	1	C9orf102	
AKR1C1	1	AKR1C1	
RFTN1	1	RFTN1	
AKR1C3	1	AKR1C3	
MIB2	1	MIB2	
AKR1C2	1	AKR1C2	
AKR1C4	1	AKR1C4	
AP2B1	1	AP2B1	
DOHH	1	DOHH	
MIAT	1	MIAT	
NLE1	1	NLE1	
MIB1	1	MIB1	
FOXD2-AS1	1	MGC12982	
ACTR2P2	1	LOC284441	
ERCC6L	1	ERCC6L	
MIDN	1	MIDN	
PLGLB2	1	PLGLB2	
IHH	1	IHH	
CLGN	1	CLGN	
TEPSIN	1	C17orf56	
KIF5C	1	KIF5C	
KIF5B	1	KIF5B	
KIF5A	1	KIF5A	
CHP1P2	1	LOC729603	
BAALC	1	BAALC	
PRND	1	PRND	
G6PD	1	G6PD	
DIMT1	1	DIMT1L	
SSU72	1	SSU72	
MID1	1	MID1	
PRLR	1	PRLR	
ERMN	1	ERMN	
MID2	1	MID2	
ERN1	1	ERN1	
PLA2G15	1	PLA2G15	
DOK1	1	DOK1	
ERN2	1	ERN2	
DOK2	1	DOK2	
DOK3	1	DOK3	
DOK4	1	DOK4	
DOK5	1	DOK5	
DOK6	1	DOK6	
DOK7	1	DOK7	
PLA2G10	1	PLA2G10	
TMED10	1	TMED10	
SEL1L	1	SEL1L	
PROZ	1	PROZ	
PSEN2	1	PSEN2	
PSEN1	1	PSEN1	
FUT2	1	FUT2	
FUT1	1	FUT1	
LRRC37A6P	1	LOC387646	
MCHR1	1	MCHR1	
FUT4	1	FUT4	
FUT3	1	FUT3	
FUT6	1	FUT6	
DBIL5P	1	ELP2P	
FUT8	1	FUT8	
FUT7	1	FUT7	
KIF3B	1	KIF3B	
DEAF1	1	DEAF1	
FUT9	1	FUT9	
KIF3A	1	KIF3A	
NPHP1	1	NPHP1	
ISOC1	1	ISOC1	
CAMTA1	1	CAMTA1	
NPHP3	1	NPHP3	
CAMTA2	1	CAMTA2	
NPHP4	1	NPHP4	
KIF3C	1	KIF3C	
ISOC2	1	ISOC2	
PRPH	1	PRPH	
PRNP	1	PRNP	
ITPRID2	1	SSFA2	
ITPRID1	1	CCDC129	
PHF10	1	PHF10	
PHF12	1	PHF12	
PHF11	1	PHF11	
DOLK	1	DOLK	
CLK4	1	CLK4	
CLK3	1	CLK3	
CLK2	1	CLK2	
CLK1	1	CLK1	
AFDN	1	MLLT4	
IL6	1	IL6	
PROC	1	PROC	
IL7	1	IL7	
KIF4B	1	KIF4B	
KIF4A	1	KIF4A	
PHF14	1	PHF14	
PHF13	1	PHF13	
PHF19	1	PHF19	
PRR5	1	PRR5	
PRR4	1	PRR4	
SNED1	1	SNED1	
PRR7	1	PRR7	
PRR3	1	PRR3	
ILK	1	ILK	
AFF3	1	AFF3	
PPP1R9A	1	PPP1R9A	
AFF4	1	AFF4	
AFF1	1	AFF1	
AFF2	1	AFF2	
PPP1R9B	1	PPP1R9B	
B3GALT5-AS1	1	C21orf88	
CNPPD1	1	C2orf24	
PLA2G4F	1	PLA2G4F	
NCBP1	1	NCBP1	
PLA2G4D	1	PLA2G4D	
NCBP2	1	NCBP2	
PLA2G4C	1	PLA2G4C	
PLA2G4A	1	PLA2G4A	
SSTR1	1	SSTR1	
ARHGAP27P2	1	LOC440461	
SSTR2	1	SSTR2	
SSTR3	1	SSTR3	
SSTR5	1	SSTR5	
LMBRD1	1	LMBRD1	
VCAN	1	VCAN	
LMBRD2	1	LMBRD2	
NCBP3	1	C17orf85	
INA	1	INA	
PLA2G1B	1	PLA2G1B	
CRMP1	1	CRMP1	
CLN8	1	CLN8	
CLN6	1	CLN6	
PTHLH	1	PTHLH	
CLN5	1	CLN5	
INS	1	INS	
PDLIM1	1	PDLIM1	
PRTG	1	PRTG	
CLN3	1	CLN3	
PDLIM3	1	PDLIM3	
CLMP	1	ASAM	
PDLIM2	1	PDLIM2	
CLMN	1	CLMN	
TAS1R1	1	TAS1R1	
PDLIM5	1	PDLIM5	
PDLIM4	1	PDLIM4	
TAS1R3	1	TAS1R3	
PDLIM7	1	PDLIM7	
PLA2G2F	1	PLA2G2F	
MBTPS1	1	MBTPS1	
PLA2G2D	1	PLA2G2D	
MIIP	1	MIIP	
PLA2G2A	1	PLA2G2A	
MAPK14	1	MAPK14	
S100B	1	S100B	
MAPK15	1	MAPK15	
MAPK12	1	MAPK12	
U2SURP	1	SR140	
UQCRHL	1	UQCRHL	
MAPK13	1	MAPK13	
MAPK10	1	MAPK10	
MAPK11	1	MAPK11	
NPHS1	1	NPHS1	
S100Z	1	S100Z	
CHPT1	1	CHPT1	
S100P	1	S100P	
PMFBP1	1	PMFBP1	
MBTPS2	1	MBTPS2	
CLPB	1	CLPB	
SERPINE2	1	SERPINE2	
SERPINE1	1	SERPINE1	
IPP	1	IPP	
RXFP4	1	RXFP4	
CHKB-CPT1B	1	CHKB-CPT1B	
BACH1	1	BACH1	
RXFP1	1	RXFP1	
BACH2	1	BACH2	
HENMT1	1	C1orf59	
DCANP1	1	C5orf20	
CLP1	1	CLP1	
DIP2A	1	DIP2A	
DIP2B	1	DIP2B	
DIP2C	1	DIP2C	
DUS4L	1	DUS4L	
EARS2	1	EARS2	
PRIMA1	1	PRIMA1	
ACOT9	1	ACOT9	
ACOT8	1	ACOT8	
ACOT7	1	ACOT7	
TRIQK	1	C8orf83	
SERPINF1	1	SERPINF1	
SERPINF2	1	SERPINF2	
HOGA1	1	DHDPSL	
CLPX	1	CLPX	
VCF1	1	FAM104A	
NISCH	1	NISCH	
DYNC1LI1	1	DYNC1LI1	
VCF2	1	FAM104B	
DYNC1LI2	1	DYNC1LI2	
BIN3	1	BIN3	
CLPS	1	CLPS	
BIN2	1	BIN2	
BIN1	1	BIN1	
CLPP	1	CLPP	
ACOT2	1	ACOT2	
ANOS1	1	KAL1	
ACOT1	1	ACOT1	
SERPING1	1	SERPING1	
YME1L1	1	YME1L1	
ACOT6	1	ACOT6	
DUS3L	1	DUS3L	
ACOT4	1	ACOT4	
SYCP2L	1	SYCP2L	
MAPKAP1	1	MAPKAP1	
HSPA4L	1	HSPA4L	
S100A16	1	S100A16	
RAD21	1	RAD21	
S100A13	1	S100A13	
SERPINH1	1	SERPINH1	
S100A12	1	S100A12	
S100A14	1	S100A14	
BICDL3P	1	WBSCR26	
S100A11	1	S100A11	
S100A10	1	S100A10	
SIVA1	1	SIVA1	
TRIP4	1	TRIP4	
NPLOC4	1	NPLOC4	
TRIP6	1	TRIP6	
SERPINI2	1	SERPINI2	
RAD17	1	RAD17	
DUS1L	1	DUS1L	
SERPINI1	1	SERPINI1	
RAD18	1	RAD18	
ITK	1	ITK	
SERPINA3	1	SERPINA3	
SERPINA1	1	SERPINA1	
SPIN4	1	SPIN4	
SPIN3	1	SPIN3	
CLTC	1	CLTC	
CLTB	1	CLTB	
LPCAT1	1	LPCAT1	
SRP54	1	SRP54	
CLTA	1	CLTA	
SERPINA6	1	SERPINA6	
SERPINA4	1	SERPINA4	
SERPINA5	1	SERPINA5	
FCRLA	1	FCRLA	
LFNG	1	LFNG	
TRIM8	1	TRIM8	
C17orf58	1	C17orf58	
FCRLB	1	FCRLB	
TRIM9	1	TRIM9	
PIP4P2	1	TMEM55A	
TRIM6	1	TRIM6	
CSRP2	1	CSRP2	
PIP4P1	1	TMEM55B	
TRIM7	1	TRIM7	
CSRP1	1	CSRP1	
TRIM4	1	TRIM4	
TRIM5	1	TRIM5	
TRIM2	1	TRIM2	
TRIM3	1	TRIM3	
RACK1	1	GNB2L1	
SPIN1	1	SPIN1	
C17orf50	1	C17orf50	
TNKS1BP1	1	TNKS1BP1	
AP3S2	1	AP3S2	
AP3S1	1	AP3S1	
FCRL1	1	FCRL1	
SERPINB3	1	SERPINB3	
FCRL2	1	FCRL2	
MIOX	1	MIOX	
SERPINB4	1	SERPINB4	
SERPINB1	1	SERPINB1	
CLUH	1	KIAA0664	
SERPINB2	1	SERPINB2	
FCRL5	1	FCRL5	
MIOS	1	MIOS	
FCRL6	1	FCRL6	
FCRL3	1	FCRL3	
FCRL4	1	FCRL4	
ITPK1	1	ITPK1	
SERPINB9	1	SERPINB9	
NUDT16L1	1	NUDT16L1	
SERPINB7	1	SERPINB7	
SERPINB8	1	SERPINB8	
SERPINB5	1	SERPINB5	
SERPINB6	1	SERPINB6	
BACE1	1	BACE1	
ITPKB	1	ITPKB	
BACE2	1	BACE2	
ITPKC	1	ITPKC	
C17orf49	1	C17orf49	
IVD	1	IVD	
ITPKA	1	ITPKA	
PHLPP2	1	PHLPP2	
PHLPP1	1	PHLPP1	
SERPINC1	1	SERPINC1	
TTC41P	1	LOC253724	
SLC22A20P	1	SLC22A20	
HSPA14	1	HSPA14	
HSPA13	1	HSPA13	
C17orf75	1	C17orf75	
SRP72	1	SRP72	
CHRNE	1	CHRNE	
PRDM16-DT	1	FLJ42875	
MISP	1	C19orf21	
HSPA1L	1	HSPA1L	
SEPTIN1	1	SEPT1	
SERPIND1	1	SERPIND1	
SEPTIN2	1	SEPT2	
ZFTRAF1	1	CYHR1	
SEPTIN5	1	SEPT5	
SEPTIN6	1	SEPT6	
GTF2H1	1	GTF2H1	
SEPTIN3	1	SEPT3	
SEPTIN4	2	C17orf47:SEPT4	
GTF2H2	1	GTF2H2	
SRP68	1	SRP68	
GTF2H3	1	GTF2H3	
SEPTIN9	1	SEPT9	
BLCAP	1	BLCAP	
GTF2H4	1	GTF2H4	
GTF2H5	1	GTF2H5	
SEPTIN7	1	SEPT7	
SEPTIN8	1	SEPT8	
RYBP	1	RYBP	
LPCAT4	1	LPCAT4	
LPCAT3	1	LPCAT3	
C17orf67	1	C17orf67	
LPCAT2	1	LPCAT2	
HSPA1B	1	HSPA1B	
HSPA1A	1	HSPA1A	
CLXN	1	EFCAB1	
SEMA5A	1	SEMA5A	
CHRM3	1	CHRM3	
SEMA5B	1	SEMA5B	
ATP8A2	1	ATP8A2	
CHRM1	1	CHRM1	
ATP8A1	1	ATP8A1	
TUSC3	1	TUSC3	
CHRM4	1	CHRM4	
TUSC2	1	TUSC2	
CHRM5	1	CHRM5	
TUSC1	1	TUSC1	
EPB41L4A-DT	1	FLJ11235	
IYD	1	IYD	
C17orf99	1	C17orf99	
GYG2	1	GYG2	
GYG1	1	GYG1	
TECTA	1	TECTA	
IGFBP1	1	IGFBP1	
SEMA6B	1	SEMA6B	
TPD52	1	TPD52	
BIVM	1	BIVM	
SEMA6C	1	SEMA6C	
SEMA6A	1	SEMA6A	
IGFBP5	1	IGFBP5	
IGFBP4	1	IGFBP4	
IGFBP3	1	IGFBP3	
ZBED3-AS1	1	LOC728723	
SEMA6D	1	SEMA6D	
IGFBP2	1	IGFBP2	
MITF	1	MITF	
GTF2F1	1	GTF2F1	
GTF2F2	1	GTF2F2	
XIST	1	XIST	
TTPAL	1	TTPAL	
ANKRD36B	1	ANKRD36B	
SEMA7A	1	SEMA7A	
OR2A9P	1	OR2A9P	
ITPR1	1	ITPR1	
RHOBTB3	1	RHOBTB3	
ITPR2	1	ITPR2	
ITPR3	1	ITPR3	
RASAL1	1	RASAL1	
RASAL2	1	RASAL2	
VTCN1	1	VTCN1	
RASAL3	1	RASAL3	
GTF2E1	1	GTF2E1	
GTF2E2	1	GTF2E2	
RHOBTB1	1	RHOBTB1	
RHOBTB2	1	RHOBTB2	
PSAP	1	PSAP	
IGFBP7	1	IGFBP7	
IGFBP6	1	IGFBP6	
ANKRD34A	1	ANKRD34A	
ATP8B4	1	ATP8B4	
SLC37A2	1	SLC37A2	
ANKRD34C	1	ANKRD34C	
ATP8B3	1	ATP8B3	
SLC37A1	1	SLC37A1	
ATP8B2	1	ATP8B2	
ATP8B1	1	ATP8B1	
WFS1	1	WFS1	
NSFL1C	1	NSFL1C	
GON4L	1	GON4L	
SCCPDH	1	SCCPDH	
ESAM	1	ESAM	
RAD9B	1	RAD9B	
RAD9A	1	RAD9A	
FCGR1BP	1	FCGR1B	
LMBR1L	1	LMBR1L	
PSCA	1	PSCA	
RNPEPL1	1	RNPEPL1	
SYCP2	1	SYCP2	
DNALI1	1	DNALI1	
OPA1	1	OPA1	
PSD2	1	PSD2	
OPA3	1	OPA3	
PSD4	1	PSD4	
PSD3	1	PSD3	
HYDIN	1	HYDIN	
SLC37A4	1	SLC37A4	
SLC37A3	1	SLC37A3	
SH3D19	1	SH3D19	
FCGR1CP	1	FCGR1C	
ALMS1P1	1	ALMS1P	
PLPBP	1	PROSC	
RTN4RL2	1	RTN4RL2	
NIPSNAP1	1	NIPSNAP1	
NIPSNAP2	1	GBAS	
PTP4A1	1	PTP4A1	
PTP4A2	1	PTP4A2	
PTP4A3	1	PTP4A3	
RTN4RL1	1	RTN4RL1	
RPL37A	1	RPL37A	
SLC24A2	1	SLC24A2	
GTF2A1	1	GTF2A1	
SLC24A1	1	SLC24A1	
GTF2A2	1	GTF2A2	
SLC24A4	1	SLC24A4	
SLC24A3	1	SLC24A3	
SEMA3C	1	SEMA3C	
SFTPA2	1	SFTPA2	
SEMA3D	1	SEMA3D	
UNC93B1	1	UNC93B1	
SEMA3A	1	SEMA3A	
SEMA3B	1	SEMA3B	
RPL36A	1	RPL36A	
SEMA3G	1	SEMA3G	
SEMA3E	1	SEMA3E	
SEMA3F	1	SEMA3F	
JAKMIP1	1	JAKMIP1	
DPCD	1	DPCD	
LAGE3	1	LAGE3	
JAKMIP3	1	JAKMIP3	
JAKMIP2	1	JAKMIP2	
AP3M2	1	AP3M2	
AP3M1	1	AP3M1	
EEF2KMT	1	FAM86A	
SEMA4A	1	SEMA4A	
SEMA4D	1	SEMA4D	
CDC42BPG	1	CDC42BPG	
SEMA4B	1	SEMA4B	
ADRM1	1	ADRM1	
SEMA4C	1	SEMA4C	
RPL35A	1	RPL35A	
SEMA4F	1	SEMA4F	
RNF32-DT	1	C7orf13	
CDC42BPB	1	CDC42BPB	
CFLAR	1	CFLAR	
SEMA4G	1	SEMA4G	
CDC42BPA	1	CDC42BPA	
TPCN2	1	TPCN2	
TRIT1	1	TRIT1	
TPCN1	1	TPCN1	
RAD52	1	RAD52	
RAD50	1	RAD50	
RAD51	1	RAD51	
SH3D21	1	C1orf113	
CROCC	1	CROCC	
ESF1	1	ESF1	
SFTPA1	1	SFTPA1	
SLC24A5	1	SLC24A5	
CMAS	1	CMAS	
DPH3P1	1	DPH3B	
DPF1	1	DPF1	
DPF2	1	DPF2	
DPF3	1	DPF3	
PTGDS	1	PTGDS	
PTGDR	1	PTGDR	
SLC6A19	1	SLC6A19	
TIPIN	1	TIPIN	
CMC4	1	MTCP1NB	
SLC6A17	1	SLC6A17	
SLC6A16	1	SLC6A16	
CMC2	1	C16orf61	
SLC11A1	1	SLC11A1	
SLC6A15	1	SLC6A15	
CMC1	1	CMC1	
SLC11A2	1	SLC11A2	
SLC6A14	1	SLC6A14	
BOLA1	1	BOLA1	
SLC6A12	1	SLC6A12	
ACTG1P4	1	LOC648740	
CMBL	1	CMBL	
GBGT1	1	GBGT1	
PLPP7	1	PPAPDC3	
PLPP6	1	PPAPDC2	
PLPP5	1	PPAPDC1B	
PLPP4	1	PPAPDC1A	
TCERG1L	1	TCERG1L	
BOLA3	1	BOLA3	
GRWD1	1	GRWD1	
PAPPA	1	PAPPA	
BOLA2	1	BOLA2	
WDPCP	1	C2orf86	
PLPP3	1	PPAP2B	
PLPP2	1	PPAP2C	
LLGL1	1	LLGL1	
PLPP1	1	PPAP2A	
LLGL2	1	LLGL2	
PTGES	1	PTGES	
PTGFR	1	PTGFR	
GYPC	1	GYPC	
LMAN2L	1	LMAN2L	
GYPE	1	GYPE	
MGST3	1	MGST3	
MGST1	1	MGST1	
MGST2	1	MGST2	
NMD3	1	NMD3	
SLC6A20	1	SLC6A20	
PTDSS2	1	PTDSS2	
PTDSS1	1	PTDSS1	
SGPL1	1	SGPL1	
DPH1	1	DPH1	
DPH2	1	DPH2	
LCN12	1	LCN12	
DPH3	1	DPH3	
LCN10	1	LCN10	
DPH5	1	DPH5	
NAALAD2	1	NAALAD2	
DPH6	1	ATPBD4	
DPH7	1	WDR85	
NTSR1	1	NTSR1	
RPL39L	1	RPL39L	
SRPK2	1	SRPK2	
SIGLEC16	1	SIGLEC16	
SRPK3	1	SRPK3	
SIGLEC15	1	SIGLEC15	
SIGLEC14	1	SIGLEC14	
SIGLEC12	1	SIGLEC12	
SIGLEC11	1	SIGLEC11	
SIGLEC10	1	SIGLEC10	
MEMO1	1	MEMO1	
SRPK1	1	SRPK1	
GKAP1	1	GKAP1	
SESTD1	1	SESTD1	
NODAL	1	NODAL	
RYR1	1	RYR1	
DAZAP2	1	DAZAP2	
RYR2	1	RYR2	
DAZAP1	1	DAZAP1	
HILPDA	1	C7orf68	
RYR3	1	RYR3	
GYS1	1	GYS1	
ESM1	1	ESM1	
RPPH1	1	RPPH1	
ZMYM1	1	ZMYM1	
ZMYM2	1	ZMYM2	
ZMYM3	1	ZMYM3	
ZMYM4	1	ZMYM4	
ZMYM5	1	ZMYM5	
ZMYM6	1	ZMYM6	
GAS8-AS1	1	C16orf3	
NME2	1	NME2	
NME3	1	NME3	
AP3B1	1	AP3B1	
NME4	1	NME4	
NME5	1	NME5	
AP3B2	1	AP3B2	
NME1	1	NME1	
CEACAM3	1	CEACAM3	
RAD51B	1	RAD51L1	
CEACAM1	1	CEACAM1	
RAD51D	1	RAD51L3	
RAD51C	1	RAD51C	
ADRB3	1	ADRB3	
CEACAM7	1	CEACAM7	
NME6	1	NME6	
NRN1L	1	NRN1L	
CEACAM6	1	CEACAM6	
NME7	1	NME7	
CEACAM5	1	CEACAM5	
NME8	1	TXNDC3	
CEACAM4	1	CEACAM4	
NME9	1	TXNDC6	
FIBIN	1	FIBIN	
DNASE1L2	1	DNASE1L2	
DNASE1L3	1	DNASE1L3	
DNASE1L1	1	DNASE1L1	
PAPLN	1	PAPLN	
UQCR11	1	UQCR11	
UQCR10	1	UQCR10	
RAD54B	1	RAD54B	
ANKMY2	1	ANKMY2	
ATP5F1A	1	ATP5A1	
ATP5F1B	1	ATP5B	
RAD54L	1	RAD54L	
JHY	1	C11orf63	
LCMT2	1	LCMT2	
LY6G6C	1	LY6G6C	
LCMT1	1	LCMT1	
ANKMY1	1	ANKMY1	
SUZ12	1	SUZ12	
C1GALT1	1	C1GALT1	
AP3D1	1	AP3D1	
ERBIN	1	ERBB2IP	
PRSS30P	1	PRSS30P	
ATP5F1C	1	ATP5C1	
ATP5F1D	1	ATP5D	
ATP5F1E	1	ATP5E	
RAB3GAP2	1	RAB3GAP2	
LY6G5B	1	LY6G5B	
LY6G5C	1	LY6G5C	
ZNF354A	1	ZNF354A	
RAB3GAP1	1	RAB3GAP1	
ZNF354C	1	ZNF354C	
ZNF354B	1	ZNF354B	
ESPN	1	ESPN	
CMIP	1	CMIP	
SYDE2	1	SYDE2	
SYDE1	1	SYDE1	
C14orf132	1	C14orf132	
KNTC1	1	KNTC1	
PSPH	1	PSPH	
MYH15	1	MYH15	
MYH16	1	MYH16	
KCTD1	1	KCTD1	
KCTD2	1	KCTD2	
KCTD3	1	KCTD3	
IPCEF1	1	IPCEF1	
KCTD5	1	KCTD5	
KCTD6	1	KCTD6	
KCTD7	1	KCTD7	
DPM1	1	DPM1	
KCTD8	1	KCTD8	
DPM2	1	DPM2	
KCTD9	1	KCTD9	
DPM3	1	DPM3	
TIPRL	1	TIPRL	
TEDC1	1	C14orf80	
TEDC2	1	C16orf59	
ADRB1	1	ADRB1	
CSF2RB	1	CSF2RB	
ADRB2	1	ADRB2	
AGER	1	AGER	
CSF2RA	1	CSF2RA	
ESS2	1	DGCR14	
DPP3	1	DPP3	
PALM2AKAP2	1	PALM2-AKAP2	
DPP4	1	DPP4	
PDZD4	1	PDZD4	
DPP6	1	DPP6	
DPP7	1	DPP7	
PDZD2	1	PDZD2	
DPP8	1	DPP8	
DPP9	1	DPP9	
CASKIN2	1	CASKIN2	
CASKIN1	1	CASKIN1	
C10orf105	1	C10orf105	
MYH14	1	MYH14	
MYH11	1	MYH11	
MYH10	1	MYH10	
PDZD8	1	PDZD8	
PDZD7	1	PDZD7	
RSPH10B2	1	RSPH10B2	
SMAD2	1	SMAD2	
SMAD1	1	SMAD1	
SMAD4	1	SMAD4	
OPN3	1	OPN3	
PSAPL1	1	PSAPL1	
SMAD3	1	SMAD3	
IFT122	1	IFT122	
SMAD9	1	SMAD9	
SMAD6	1	SMAD6	
ESR1	1	ESR1	
SMAD5	1	SMAD5	
ESR2	1	ESR2	
SMAD7	1	SMAD7	
JMY	1	JMY	
SRPRA	1	SRPR	
SRPRB	1	SRPRB	
RADIL	1	RADIL	
SERTAD4-AS1	1	C1orf133	
BDKRB2	1	BDKRB2	
BDKRB1	1	BDKRB1	
TAS2R5	1	TAS2R5	
PSTK	1	PSTK	
TAS2R4	1	TAS2R4	
PTGIR	1	PTGIR	
PTGIS	1	PTGIS	
LMNTD2	1	C11orf35	
TRNAU1AP	1	TRNAU1AP	
UACA	1	UACA	
NCALD	1	NCALD	
JPX	1	NCRNA00183	
ERBB3	1	ERBB3	
ERBB4	1	ERBB4	
ERBB2	1	ERBB2	
REPS2	1	REPS2	
S1PR1	1	S1PR1	
BPNT2	1	IMPAD1	
BPNT1	1	BPNT1	
C14orf119	1	C14orf119	
S1PR3	2	C9orf47:S1PR3	
NCAM1	1	NCAM1	
ROMO1	1	ROMO1	
NCAM2	1	NCAM2	
S1PR2	1	S1PR2	
S1PR5	1	S1PR5	
S1PR4	1	S1PR4	
REPS1	1	REPS1	
LGI1	1	LGI1	
RWDD1	1	RWDD1	
RWDD3	1	RWDD3	
RWDD4	1	RWDD4A	
NEGR1	1	NEGR1	
LGI4	1	LGI4	
LGI3	1	LGI3	
PRAF2	1	PRAF2	
KDF1	1	C1orf172	
LGI2	1	LGI2	
NAP1L3	1	NAP1L3	
NAP1L2	1	NAP1L2	
NAP1L1	1	NAP1L1	
SGPP2	1	SGPP2	
NAP1L5	1	NAP1L5	
SGPP1	1	SGPP1	
NAP1L4	1	NAP1L4	
FMNL3	1	FMNL3	
FMNL1	1	FMNL1	
FMNL2	1	FMNL2	
XPNPEP1	1	XPNPEP1	
XPNPEP2	1	XPNPEP2	
XPNPEP3	1	XPNPEP3	
ALOX5AP	1	ALOX5AP	
ZPR1	1	ZNF259	
ITSN2	1	ITSN2	
JRK	1	JRK	
IFT172	1	IFT172	
ITSN1	1	ITSN1	
RPSA2	1	RPSAP58	
FAM110A	1	FAM110A	
ZC3H12D	1	ZC3H12D	
ZC3H12C	1	ZC3H12C	
FAM110D	1	GRRP1	
FAM110C	1	FAM110C	
ZC3H12B	1	ZC3H12B	
FAM110B	1	FAM110B	
ZC3H12A	1	ZC3H12A	
SMCO3	1	C12orf69	
ANKFY1	1	ANKFY1	
SMCO2	1	C12orf70	
CKMT1B	1	CKMT1B	
SMCO4	1	C11orf75	
HEMK1	1	HEMK1	
CXADR	1	CXADR	
CH25H	1	CH25H	
LRATD1	1	FAM84A	
MTHFD1	1	MTHFD1	
EWSR1	1	EWSR1	
LRATD2	1	FAM84B	
MTHFD2	1	MTHFD2	
ZC3H11A	1	ZC3H11A	
JTB	1	JTB	
MPPE1	1	MPPE1	
OPTN	1	OPTN	
MEPCE	1	MEPCE	
LYPD1	1	LYPD1	
LYPD2	1	LYPD2	
LYPD3	1	LYPD3	
LYPD5	1	LYPD5	
LYPD6	1	LYPD6	
DEDD2	1	DEDD2	
AGMO	1	TMEM195	
LTA4H	1	LTA4H	
HEXIM1	1	HEXIM1	
JAG2	1	JAG2	
HEXIM2	1	HEXIM2	
HLA-DRB6	1	HLA-DRB6	
HLA-DRB5	1	HLA-DRB5	
JUN	1	JUN	
JAG1	1	JAG1	
JUP	1	JUP	
EIF2AK1	1	EIF2AK1	
EIF2AK3	1	EIF2AK3	
EIF2AK2	1	EIF2AK2	
LNPEP	1	LNPEP	
EIF2AK4	1	EIF2AK4	
FAM111B	1	FAM111B	
FAM111A	1	FAM111A	
AGO3	1	EIF2C3	
AGO4	1	EIF2C4	
AGO1	1	EIF2C1	
AGO2	1	EIF2C2	
NMT1	1	NMT1	
NMT2	1	NMT2	
HLA-DRB1	1	HLA-DRB1	
PSME3IP1	1	FAM192A	
LGMN	1	LGMN	
DPYS	1	DPYS	
KDM8	1	JMJD5	
EVPLL	1	EVPLL	
TFCP2L1	1	TFCP2L1	
NHSL2	1	NHSL2	
NHSL1	1	NHSL1	
JAK2	1	JAK2	
JAK3	1	JAK3	
JAK1	1	JAK1	
CHST8	1	CHST8	
DUSP4	1	DUSP4	
CHST9	1	CHST9	
DUSP5	1	DUSP5	
MAMDC4	1	MAMDC4	
CHST6	1	CHST6	
DUSP2	1	DUSP2	
CHST7	1	CHST7	
DUSP3	1	DUSP3	
CRPPA	1	ISPD	
DUSP1	1	DUSP1	
IFT140	1	IFT140	
MAMDC2	1	MAMDC2	
DUSP8	1	DUSP8	
DUSP9	1	DUSP9	
DUSP6	1	DUSP6	
DUSP7	1	DUSP7	
SDHAF2	1	SDHAF2	
SDHAF3	1	ACN9	
AGPS	1	AGPS	
DPYD	1	DPYD	
SDHAF1	1	SDHAF1	
CHST1	1	CHST1	
SDHAF4	1	C6orf57	
CHST4	1	CHST4	
CHST5	1	CHST5	
CHST2	1	CHST2	
CHST3	1	CHST3	
TP53I13	1	TP53I13	
SPESP1	1	SPESP1	
ABRACL	1	C6orf115	
FAM117B	1	FAM117B	
FAM117A	1	FAM117A	
AGR2	2	AGR2:AG2	
AGR3	1	AGR3	
TP53I11	1	TP53I11	
JAM2	1	JAM2	
JAM3	1	JAM3	
ATAD1	1	ATAD1	
ATAD5	1	ATAD5	
CKMT1A	1	CKMT1A	
ATAD2	1	ATAD2	
MATCAP2	1	KIAA0895	
DCBLD1	1	DCBLD1	
DCBLD2	1	DCBLD2	
CCDC9	1	CCDC9	
CCDC8	1	CCDC8	
CCDC7	2	CCDC7:C10orf68	
CCDC6	1	CCDC6	
AGRP	1	AGRP	
CCDC3	1	CCDC3	
AGRN	1	AGRN	
LGR6	1	LGR6	
LGR5	1	LGR5	
LGR4	1	LGR4	
GZF1	1	GZF1	
EFEMP2	1	EFEMP2	
CYSRT1	1	C9orf169	
EFEMP1	1	EFEMP1	
DKFZP434A062	1	LOC26102	
MRPL20-AS1	1	LOC148413	
KMT5B	1	SUV420H1	
KMT5A	1	SETD8	
PCYT2	1	PCYT2	
KMT5C	1	SUV420H2	
UGT2B15	1	UGT2B15	
FAM118A	1	FAM118A	
ATP11C	1	ATP11C	
ATP11B	1	ATP11B	
ATP11A	1	ATP11A	
FAM118B	1	FAM118B	
JAML	1	AMICA1	
LGSN	1	LGSN	
SRSF2	1	SFRS2	
SRSF3	1	SFRS3	
SRSF4	1	SFRS4	
PTPRCAP	1	PTPRCAP	
SRSF5	1	SFRS5	
SRSF6	1	SFRS6	
SRSF7	1	SFRS7	
SRSF8	1	SFRS2B	
SRSF9	1	SFRS9	
KMT2E	1	MLL5	
KMT2D	2	MLL2:MLL4	
KMT2A	1	MLL	
UQCRB	1	UQCRB	
KMT2C	1	MLL3	
UAP1	1	UAP1	
UQCRH	1	UQCRH	
ARL17B	1	ARL17B	
ARL17A	1	ARL17A	
LOXHD1	1	LOXHD1	
KHDC1	2	KHDC1:C6orf147	
AP4S1	1	AP4S1	
KHDC4	1	KIAA0907	
KDSR	1	KDSR	
NHSL3	1	KIAA1522	
BFSP1	1	BFSP1	
SH3BP5L	1	SH3BP5L	
UQCRQ	1	UQCRQ	
ADSS1	1	ADSSL1	
ADSS2	1	ADSS	
CLPTM1L	1	CLPTM1L	
PTEN	1	PTEN	
ETFA	1	ETFA	
ETFB	1	ETFB	
RESF1	1	C12orf35	
AP4M1	1	AP4M1	
PTER	1	PTER	
NKX3-2	1	NKX3-2	
NKX3-1	1	NKX3-1	
VPS9D1	1	C16orf7	
ETF1	1	ETF1	
SMCR8	1	SMCR8	
ATP10D	1	ATP10D	
SRSF1	1	SFRS1	
ATP10B	1	ATP10B	
ATP10A	1	ATP10A	
MTHFSD	1	MTHFSD	
ARL13B	1	ARL13B	
NNAT	1	NNAT	
E2F1	1	E2F1	
E2F2	1	E2F2	
E2F3	1	E2F3	
E2F4	1	E2F4	
E2F5	1	E2F5	
ACVR2B-AS1	1	LOC100128640	
E2F6	1	E2F6	
E2F7	1	E2F7	
E2F8	1	E2F8	
STARD7-AS1	1	LOC285033	
CNBP	1	CNBP	
GZMA	1	GZMA	
STYK1	1	STYK1	
MAP1LC3B2	1	MAP1LC3B2	
GZMB	1	GZMB	
GZMH	1	GZMH	
GZMK	1	GZMK	
GZMM	1	GZMM	
OCIAD1	1	OCIAD1	
KCP	1	KCP	
OCIAD2	1	OCIAD2	
ODAD1	1	CCDC114	
ODAD3	1	CCDC151	
ODAD2	1	ARMC4	
ODAD4	1	TTC25	
ICAM2	1	ICAM2	
ICAM3	1	ICAM3	
ICAM4	1	ICAM4	
ICAM5	1	ICAM5	
IKZF1	1	IKZF1	
IKZF2	1	IKZF2	
IKZF3	1	IKZF3	
IKZF4	1	IKZF4	
ICAM1	1	ICAM1	
IKZF5	1	IKZF5	
PLEKHM1P1	1	PLEKHM1P	
ANPEP	1	ANPEP	
PI4KAP1	1	PI4KAP1	
PI4KAP2	1	PI4KAP2	
KDR	1	KDR	
C6orf120	1	C6orf120	
SNHG15	1	C7orf40	
GAREM1	1	FAM59A	
KEL	1	KEL	
SNHG12	1	SNHG12	
SNHG11	1	SNHG11	
SNHG10	1	SNHG10	
TMEM63A	1	TMEM63A	
TMEM63B	1	TMEM63B	
TMEM63C	1	TMEM63C	
WWC2-AS2	1	C4orf38	
MED12L	1	MED12L	
SNHG17	1	LOC388796	
SNHG20	1	C17orf86	
DECR2	1	DECR2	
DECR1	1	DECR1	
PTK6	1	PTK6	
CNFN	1	CNFN	
BRI3BP	1	BRI3BP	
SNHG29	1	NCRNA00188	
PTK2	1	PTK2	
SNHG28	1	C1orf204	
MED13L	1	MED13L	
SPMIP4	1	C7orf31	
NDUFAF8	1	C17orf89	
SPMIP6	1	C9orf24	
NDUFAF6	1	C8orf38	
NDUFAF7	1	C2orf56	
PTK7	1	PTK7	
SNHG32	1	C6orf48	
NDUFAF4	1	NDUFAF4	
NDUFAF5	1	C20orf7	
NDUFAF2	1	NDUFAF2	
NDUFAF3	1	NDUFAF3	
NDUFAF1	1	NDUFAF1	
MON1A	1	MON1A	
MON1B	1	MON1B	
SPAG16	1	SPAG16	
SPAG17	1	SPAG17	
AP4E1	1	AP4E1	
SPATC1L	1	C21orf56	
KHK	1	KHK	
PTMS	1	PTMS	
PPP3CA	1	PPP3CA	
SYNCRIP	1	SYNCRIP	
PPP3CB	1	PPP3CB	
PPP3CC	1	PPP3CC	
UIMC1	1	UIMC1	
PHGDH	1	PHGDH	
C6orf163	1	C6orf163	
CTTNBP2NL	1	CTTNBP2NL	
KIN	1	KIN	
ANKFN1	1	ANKFN1	
ARHGEF9	1	ARHGEF9	
KIT	1	KIT	
ARHGEF3	1	ARHGEF3	
ARHGEF4	1	ARHGEF4	
ARHGEF1	1	ARHGEF1	
ARHGEF2	1	ARHGEF2	
ARHGEF7	1	ARHGEF7	
AFAP1-AS1	1	LOC84740	
KIZ	1	PLK1S1	
PTMA	1	PTMA	
ARHGEF5	1	ARHGEF5	
ARHGEF6	1	ARHGEF6	
SOX2-OT	1	SOX2OT	
AHCY	1	AHCY	
COL6A4P2	1	COL6A4P2	
PTPA	1	PPP2R4	
AHSA2P	1	AHSA2	
FILIP1L	1	FILIP1L	
C6orf141	1	C6orf141	
SPRYD3	1	SPRYD3	
SPRYD4	1	SPRYD4	
SPRYD7	1	C13orf1	
KAZALD1	1	KAZALD1	
RP1L1	1	RP1L1	
SGSM1	1	SGSM1	
SGSM3	1	SGSM3	
NDUFAB1	1	NDUFAB1	
SEMG1	1	SEMG1	
SGSM2	1	SGSM2	
NEK10	1	NEK10	
C6orf136	1	C6orf136	
C6orf132	1	C6orf132	
NEK11	1	NEK11	
KLB	1	KLB	
PRDM8	1	PRDM8	
PRDM4	1	PRDM4	
PRDM6	1	PRDM6	
PRDM5	1	PRDM5	
PRDM2	1	PRDM2	
PRDM1	1	PRDM1	
CELSR1	1	CELSR1	
CELSR2	1	CELSR2	
ETS1	1	ETS1	
CELSR3	1	CELSR3	
ETS2	1	ETS2	
LINC00938	1	LOC400027	
ZNF252P-AS1	1	C8orf77	
GNPTAB	1	GNPTAB	
LINC00937	1	LOC389634	
FAM3B	1	FAM3B	
LINC00930	1	LOC100144604	
FAM3A	1	FAM3A	
FAM3D	1	FAM3D	
FAM3C	1	FAM3C	
MMGT1	1	MMGT1	
ACOT11	1	ACOT11	
PHGR1	1	PHGR1	
ACOT13	1	ACOT13	
ZNF322P1	1	ZNF322B	
KMO	1	KMO	
CCNB1IP1	1	CCNB1IP1	
SLFN12	1	SLFN12	
SLFN13	1	SLFN13	
SLFN11	1	SLFN11	
TYROBP	1	TYROBP	
LINC00924	1	LOC145820	
LINC00926	1	LOC283663	
LINC00922	1	LOC283867	
NNMT	1	NNMT	
TSG101	1	TSG101	
PLGRKT	1	C9orf46	
NDUFB10	1	NDUFB10	
UBA7	1	UBA7	
NDUFB11	1	NDUFB11	
UBA6	1	UBA6	
SLC41A2	1	SLC41A2	
UBA5	1	UBA5	
SLC41A3	1	SLC41A3	
SLC41A1	1	SLC41A1	
INAVA	1	C1orf106	
CNN3	1	CNN3	
CNN2	1	CNN2	
CNN1	1	CNN1	
CNMD	1	LECT1	
TCAF2	1	FAM115C	
TCAF1	1	FAM115A	
SUGT1P1	1	SUGT1P1	
SUGT1P3	1	SUGT1L1	
AP4B1	1	AP4B1	
AHI1	1	AHI1	
UVSSA	1	KIAA1530	
UBA3	1	UBA3	
UBA2	1	UBA2	
UBA1	1	UBA1	
PODXL2	1	PODXL2	
LMNB2	1	LMNB2	
LTB4R	1	LTB4R	
LMNB1	1	LMNB1	
LIAT1	1	C17orf97	
ACOXL	1	ACOXL	
MKKS	1	MKKS	
RNF217-AS1	1	STL	
ETV1	1	ETV1	
ETV2	1	ETV2	
ETV3	1	ETV3	
ETV4	1	ETV4	
ETV5	1	ETV5	
ETV6	1	ETV6	
ETV7	1	ETV7	
ACOX2	1	ACOX2	
ACOX1	1	ACOX1	
ACOX3	1	ACOX3	
SFSWAP	1	SFRS8	
NT5C2	1	NT5C2	
CNR2	1	CNR2	
CNR1	1	CNR1	
FAM241B	1	C10orf35	
FAM241A	1	C4orf32	
BNIP1	1	BNIP1	
BNIP2	1	BNIP2	
PTK2B	1	PTK2B	
LINC00910	1	LOC100130581	
TRDMT1	1	TRDMT1	
NIPSNAP3B	2	NIPSNAP3B:LOC286367	
NIPSNAP3A	1	NIPSNAP3A	
URGCP	1	URGCP	
BNIP5	1	C6orf222	
BNIP3	1	BNIP3	
SDHAP1	1	SDHAP1	
SDHAP4	1	LOC220729	
YY1AP1	1	YY1AP1	
SDHAP2	1	SDHAP2	
MIR9-3HG	1	LOC254559	
SDHAP3	1	SDHAP3	
TSPO2	1	TSPO2	
ERCC3	1	ERCC3	
ERCC4	1	ERCC4	
COL7A1	1	COL7A1	
ERCC1	1	ERCC1	
ERCC2	1	ERCC2	
ERCC8	1	ERCC8	
ERCC5	1	ERCC5	
PTX3	1	PTX3	
ERCC6	1	ERCC6	
BNIPL	1	BNIPL	
PI4K2B	1	PI4K2B	
CNTF	1	CNTF	
DQX1	1	DQX1	
MRGPRF	1	MRGPRF	
WDR86	1	WDR86	
WDR83	1	WDR83	
MRGPRE	1	MRGPRE	
WDR89	1	WDR89	
WDR88	1	WDR88	
CNST	1	CNST	
WDR93	1	WDR93	
CIRBP-AS1	1	C19orf23	
WDR90	1	WDR90	
WDR91	1	WDR91	
LUC7L	1	LUC7L	
LINC00899	1	LOC100271722	
LINC00896	1	LOC150197	
WDR74	1	WDR74	
WDR75	1	WDR75	
WDR72	1	WDR72	
WDR73	1	WDR73	
HCFC2	1	HCFC2	
KNSTRN	1	C15orf23	
WDR76	1	WDR76	
HCFC1	1	HCFC1	
WDR77	1	WDR77	
WDR81	1	WDR81	
WDR82	1	WDR82	
PARD3	1	PARD3	
LINC00887	1	LOC100131551	
LINC00882	1	LOC100302640	
PI4K2A	1	PI4K2A	
BCL10	1	BCL10	
WDR62	1	WDR62	
BLOC1S4	1	CNO	
XKRX	1	XKRX	
BLOC1S5	1	MUTED	
FAM124B	1	FAM124B	
BLOC1S6	1	PLDN	
FAM124A	1	FAM124A	
WDR70	1	WDR70	
BLOC1S1	1	BLOC1S1	
BLOC1S2	1	BLOC1S2	
BLOC1S3	1	BLOC1S3	
HLA-DQA2	1	HLA-DQA2	
HLA-DQA1	1	HLA-DQA1	
LHPP	1	LHPP	
NDFIP2	1	NDFIP2	
RPL23AP7	1	RPL23AP7	
NDFIP1	1	NDFIP1	
WDR59	1	WDR59	
WDR53	1	WDR53	
WDR54	1	WDR54	
WDR55	1	WDR55	
XKR8	1	XKR8	
XKR9	1	XKR9	
ARL2BP	1	ARL2BP	
MKS1	1	MKS1	
WDR5B	1	WDR5B	
XKR4	1	XKR4	
XKR6	1	XKR6	
XKR5	1	XKR5	
FANK1	1	FANK1	
WDR47	1	WDR47	
WDR48	1	WDR48	
PHF20	1	PHF20	
PHF23	1	PHF23	
WDR41	1	WDR41	
WDR45	1	WDR45	
WDR46	1	WDR46	
WDR43	1	WDR43	
WDR44	1	WDR44	
IFIH1	1	IFIH1	
UBL5	1	UBL5	
UBL3	1	UBL3	
PHF24	1	KIAA1045	
RAB5IF	1	C20orf24	
LINC00852	1	C3orf42	
UBL7	1	UBL7	
HELLS	1	HELLS	
WDR36	1	WDR36	
WDR37	1	WDR37	
AHSG	1	AHSG	
WDR31	1	WDR31	
WDR35	1	WDR35	
WDR33	1	WDR33	
KIFC2	1	KIFC2	
KIFBP	1	KIAA1279	
KIFC1	1	KIFC1	
LINC00847	1	LOC729678	
AHRR	1	AHRR	
KIFC3	1	KIFC3	
HLA-DQB2	1	HLA-DQB2	
HLA-DQB1	1	HLA-DQB1	
WDR27	1	WDR27	
WDR25	1	WDR25	
WDR26	1	WDR26	
AP5Z1	1	KIAA0415	
WDR20	1	WDR20	
WDR24	1	WDR24	
SNORD116-4	1	SNORD116-4	
PPP1R2	1	PPP1R2	
RPS15A	1	RPS15A	
PPP1R7	1	PPP1R7	
UBN2	1	UBN2	
PPP1R8	1	PPP1R8	
UBN1	1	UBN1	
WDR17	1	WDR17	
WHRN	1	DFNB31	
WDR18	1	WDR18	
WDR19	1	WDR19	
WDR12	1	WDR12	
WDR13	1	WDR13	
WDR11	1	WDR11	
PHF5A	1	PHF5A	
CHORDC1P4	1	LOC727896	
N6AMT1	1	N6AMT1	
RERGL	1	RERGL	
POGLUT2	1	KDELC1	
POGLUT1	1	KTELC1	
UBP1	1	UBP1	
TREML3P	1	TREML3	
PARK7	1	PARK7	
PPP1CB	1	PPP1CB	
PPP1CC	1	PPP1CC	
HMCES	1	C3orf37	
SLC26A11	1	SLC26A11	
LARGE1	1	LARGE	
AP5S1	1	C20orf29	
LARGE2	1	GYLTL1B	
POGLUT3	1	KDELC2	
IFNAR2	1	IFNAR2	
SSUH2	1	C3orf32	
THOC1	1	THOC1	
TRAFD1	1	TRAFD1	
KERA	1	KERA	
THOC3	1	THOC3	
THOC2	1	THOC2	
THOC5	1	THOC5	
THOC7	1	THOC7	
THOC6	1	THOC6	
MORF4L1	1	MORF4L1	
MORF4L2	1	MORF4L2	
ADTRP	1	C6orf105	
C20orf96	1	C20orf96	
IFNAR1	1	IFNAR1	
DRC7	1	CCDC135	
PARM1	1	PARM1	
FAM149B1	1	FAM149B1	
UBR4	1	UBR4	
SLC38A10	1	SLC38A10	
UBR3	1	UBR3	
SLC38A11	1	SLC38A11	
UBR2	1	UBR2	
UBR1	1	UBR1	
ORC5	1	ORC5L	
ORC4	1	ORC4L	
ORC6	1	ORC6L	
ORC1	1	ORC1L	
UBR7	1	UBR7	
ORC3	1	ORC3L	
ORC2	1	ORC2L	
UBR5	1	UBR5	
MAP3K20	1	ZAK	
MAP3K21	1	KIAA1804	
DRD1	1	DRD1	
DRD2	1	DRD2	
DRD4	1	DRD4	
COA4	1	CHCHD8	
FANCI	1	FANCI	
OSBPL9	1	OSBPL9	
COA3	1	CCDC56	
OSBPL8	1	OSBPL8	
UVRAG	1	UVRAG	
CHTOP	1	C1orf77	
OSBPL7	1	OSBPL7	
COA1	1	C7orf44	
OSBPL6	1	OSBPL6	
FANCM	1	FANCM	
OSBPL5	1	OSBPL5	
FANCL	1	FANCL	
OSBPL3	1	OSBPL3	
OSBPL2	1	OSBPL2	
FANCA	1	FANCA	
FANCC	1	FANCC	
FANCB	1	FANCB	
FANCE	1	FANCE	
FANCG	1	FANCG	
FANCF	1	FANCF	
MAP3K15	1	MAP3K15	
PUDP	1	HDHD1A	
LHX6	1	LHX6	
MAP3K10	1	MAP3K10	
LHX4	1	LHX4	
DRC1	1	C2orf39	
MAP3K13	1	MAP3K13	
MAP3K14	1	MAP3K14	
BCL2L2	1	BCL2L2	
LAT	1	LAT	
DRC3	1	LRRC48	
MAP3K11	1	MAP3K11	
PTTG3P	1	PTTG3P	
BCL2L1	1	BCL2L1	
MAP3K12	1	MAP3K12	
TPM3P9	1	LOC147804	
LBH	1	LBH	
NOB1	1	NOB1	
PHACTR3	1	PHACTR3	
UBTF	1	UBTF	
PHACTR2	1	PHACTR2	
KRTAP5-1	1	KRTAP5-1	
PHACTR1	1	PHACTR1	
LBP	1	LBP	
COA8	1	C14orf153	
COA7	1	C1orf163	
LBR	1	LBR	
COA6	1	C1orf31	
COA5	1	C2orf64	
PHACTR4	1	PHACTR4	
KRTAP5-9	1	KRTAP5-9	
PLA2G12A	1	PLA2G12A	
CKAP2L	1	CKAP2L	
COBL	1	COBL	
PLRG1	1	PLRG1	
C1QL4	1	C1QL4	
SMC1A	1	SMC1A	
C1QL3	1	C1QL3	
TIRAP	1	TIRAP	
C1QL1	1	C1QL1	
SMC1B	1	SMC1B	
DNAJC3	1	DNAJC3	
LY6E-DT	1	LOC100133669	
DNAJC2	1	DNAJC2	
DNAJC1	1	DNAJC1	
ACTBL2	1	ACTBL2	
DNAJC7	1	DNAJC7	
NOA1	1	C4orf14	
DNAJC6	1	DNAJC6	
LCK	1	LCK	
MEP1A	1	MEP1A	
DNAJC5	1	DNAJC5	
DNAJC4	1	DNAJC4	
DNAJC9	1	DNAJC9	
DNAJC8	1	DNAJC8	
NSRP1	1	CCDC55	
LCORL	1	LCORL	
HCG18	1	HCG18	
EEF1A1P9	1	EEF1A1P9	
NOD1	1	NOD1	
NOD2	1	NOD2	
COCH	1	COCH	
DNAJB2	1	DNAJB2	
DNAJB1	1	DNAJB1	
DNAJB6	1	DNAJB6	
DNAJB5	1	DNAJB5	
NOCT	1	CCRN4L	
DNAJB4	1	DNAJB4	
DNAJB9	1	DNAJB9	
HCG11	1	HCG11	
DNAJB7	1	DNAJB7	
MACC1	1	MACC1	
HCG27	1	HCG27	
WDR97	1	KIAA1875	
RPRD2	1	RPRD2	
BCKDK	1	BCKDK	
DNAJA1	1	DNAJA1	
DNAJA4	1	DNAJA4	
DNAJA3	1	DNAJA3	
LEP	1	LEP	
DNAJA2	1	DNAJA2	
DRG1	1	DRG1	
DRG2	1	DRG2	
IFITM3	1	IFITM3	
RSC1A1	1	RSC1A1	
VEZT	1	VEZT	
IFITM1	1	IFITM1	
IFITM2	1	IFITM2	
PARS2	1	PARS2	
IFIT5	1	IFIT5	
MLC1	1	MLC1	
IFIT1	1	IFIT1	
HS6ST1	1	HS6ST1	
HS6ST2	1	HS6ST2	
IFIT3	1	IFIT3	
HS6ST3	1	HS6ST3	
IFIT2	1	IFIT2	
RPS15	1	RPS15	
RPS14	1	RPS14	
RPS17	1	RPS17	
RPS16	1	RPS16	
RPS19	1	RPS19	
RPS18	1	RPS18	
PART1	1	PART1	
HMCN1	1	HMCN1	
RPS11	1	RPS11	
RPS10	1	RPS10	
RPS13	1	RPS13	
RPS12	1	RPS12	
ARRDC4	1	ARRDC4	
HLA-J	1	HLA-J	
SRRM2	1	SRRM2	
ARRDC5	1	ARRDC5	
SRRM3	1	SRRM3	
COG8	1	COG8	
HLA-H	1	HLA-H	
COG7	1	COG7	
SRRM5	1	SRRM5	
COG6	1	COG6	
ARRDC1	1	ARRDC1	
COG5	1	COG5	
ARRDC2	1	ARRDC2	
COG4	1	COG4	
HLA-L	1	HLA-L	
ARRDC3	1	ARRDC3	
COG3	1	COG3	
COG2	1	COG2	
HLA-B	1	HLA-B	
P3H2	1	LEPREL1	
COG1	1	COG1	
HLA-C	1	HLA-C	
P3H1	1	LEPRE1	
P3H4	1	SC65	
YOD1	1	YOD1	
HLA-A	1	HLA-A	
P3H3	1	LEPREL2	
HCG4B	1	HCG4P6	
HLA-F	1	HLA-F	
CRNKL1	1	CRNKL1	
HLA-G	1	HLA-G	
HLA-E	1	HLA-E	
SRRM1	1	SRRM1	
NEIL3	1	NEIL3	
NEIL2	1	NEIL2	
MTHFD2L	1	MTHFD2L	
RUBCNL	1	C13orf18	
NEIL1	1	NEIL1	
MACF1	2	KIAA0754:MACF1	
CSTF3	1	CSTF3	
CSTF2	1	CSTF2	
LHB	1	LHB	
APCDD1	1	APCDD1	
LIAS	1	LIAS	
BHLHE22-AS1	1	LOC401463	
CBARP	1	C19orf26	
FXR1	1	FXR1	
HELZ2	1	PRIC285	
SCFD1	1	SCFD1	
CHTF8	1	CHTF8	
FXR2	1	FXR2	
AP5M1	1	MUDENG	
SCFD2	1	SCFD2	
CSTF1	1	CSTF1	
MLEC	1	MLEC	
TMEM74B	1	C20orf46	
LIF	1	LIF	
PARVA	1	PARVA	
PARVB	1	PARVB	
PUM1	1	PUM1	
TRERF1	1	TRERF1	
PUM3	1	KIAA0020	
PUM2	1	PUM2	
RPS26	1	RPS26	
RPS25	1	RPS25	
RPS28	1	RPS28	
RPS27	1	RPS27	
PARVG	1	PARVG	
RPS29	1	RPS29	
RPS20	1	RPS20	
RPS21	1	RPS21	
RPS24	1	RPS24	
RPS23	1	RPS23	
AHCTF1	1	AHCTF1	
ORM1	1	ORM1	
UBXN1	1	UBXN1	
MEOX2	1	MEOX2	
MEOX1	1	MEOX1	
COIL	1	COIL	
C1QBP	1	C1QBP	
UBXN8	1	UBXN8	
UBXN7	1	UBXN7	
UBXN4	1	UBXN4	
UBXN6	1	UBXN6	
LRRCC1	1	LRRCC1	
PARP6	1	PARP6	
PARP3	1	PARP3	
PARP4	1	PARP4	
PARP1	1	PARP1	
PARP2	1	PARP2	
STRADA	1	STRADA	
STRADB	1	STRADB	
ZDHHC12	1	ZDHHC12	
ZDHHC13	1	ZDHHC13	
GP1BA	1	GP1BA	
ZDHHC11	1	ZDHHC11	
PARP9	1	PARP9	
ZDHHC16	1	ZDHHC16	
ZDHHC17	1	ZDHHC17	
MLF1	1	MLF1	
ZDHHC14	1	ZDHHC14	
MLF2	1	MLF2	
PARP8	1	PARP8	
ZDHHC15	1	ZDHHC15	
AIDA	1	AIDA	
FYTTD1	1	FYTTD1	
MACIR	1	C5orf30	
SLC66A3	1	PQLC3	
AMIGO3	1	AMIGO3	
SLC66A2	1	PQLC1	
SLC66A1	1	PQLC2	
ZDHHC20	1	ZDHHC20	
AMIGO1	1	AMIGO1	
ICA1L	1	ICA1L	
AMIGO2	1	AMIGO2	
GDPD1	1	GDPD1	
NOL7	1	NOL7	
ZDHHC23	1	ZDHHC23	
GDPD2	1	GDPD2	
NOL8	1	NOL8	
ZDHHC24	1	ZDHHC24	
GDPD3	1	GDPD3	
NOL9	1	NOL9	
ZDHHC21	1	ZDHHC21	
ZDHHC22	1	ZDHHC22	
GDPD5	1	GDPD5	
NOL3	1	NOL3	
AIF1	1	AIF1	
NOL4	1	NOL4	
NOL6	1	NOL6	
DRP2	1	DRP2	
PPP2CA	1	PPP2CA	
PURB	1	PURB	
PPP2CB	1	PPP2CB	
PURA	1	PURA	
ZDHHC18	1	ZDHHC18	
EGFLAM	1	EGFLAM	
ZDHHC19	1	ZDHHC19	
MTHFD1L	1	MTHFD1L	
KISS1R	1	KISS1R	
LAIR2	1	LAIR2	
LAIR1	1	LAIR1	
PURG	1	PURG	
AIG1	1	AIG1	
MLH1	1	MLH1	
COLQ	1	COLQ	
MLH3	1	MLH3	
ATAT1	1	C6orf134	
CD40LG	1	CD40LG	
NDUFA13	1	NDUFA13	
NDUFA11	1	NDUFA11	
TAMM41	1	C3orf31	
NDUFA12	1	NDUFA12	
NDUFA10	1	NDUFA10	
ZSCAN9	1	ZNF193	
ARHGDIG	1	ARHGDIG	
COMT	1	COMT	
CNDP1	1	CNDP1	
CNDP2	1	CNDP2	
COMP	1	COMP	
DOCK10	1	DOCK10	
DOCK11	1	DOCK11	
ARHGDIA	1	ARHGDIA	
MATCAP1	1	KIAA0895L	
ARHGDIB	1	ARHGDIB	
PUS3	1	PUS3	
NOM1	1	NOM1	
MLIP	1	C6orf142	
LIG1	1	LIG1	
PUS1	1	PUS1	
LIG4	1	LIG4	
ATP1B3	1	ATP1B3	
LIFR	1	LIFR	
LIG3	1	LIG3	
ATP1B2	1	ATP1B2	
ATP1B1	1	ATP1B1	
AP5B1	1	DKFZp761E198	
PUS7	1	PUS7	
LOX	1	LOX	
CERCAM	1	CERCAM	
UCA1	1	UCA1	
JCAD	1	KIAA1462	
COPA	1	COPA	
NOP2	1	NOP2	
LPL	1	LPL	
LPO	1	LPO	
CUZD1	1	CUZD1	
LPP	1	LPP	
NOP9	1	C14orf21	
LINC00839	1	LOC84856	
COP1	1	RFWD2	
CDH20	1	CDH20	
GABPB1-IT1	1	FLJ10038	
CDH22	1	CDH22	
CDH23	1	CDH23	
CDH24	1	CDH24	
CDH26	1	CDH26	
UQCC3	1	C11orf83	
MLKL	1	MLKL	
UQCC2	1	C6orf125	
NONO	1	NONO	
UQCC1	1	UQCC	
UQCC6	1	C12orf73	
UQCC5	1	LOC440957	
MACO1	1	TMEM57	
UQCC4	1	C16orf91	
COQ9	1	COQ9	
COQ7	1	COQ7	
COQ6	1	COQ6	
COQ5	1	COQ5	
COQ4	1	COQ4	
COQ3	1	COQ3	
COQ2	1	COQ2	
ZSCAN4	1	ZSCAN4	
BLMH	1	BLMH	
BRWD1	1	BRWD1	
BRWD3	1	BRWD3	
COPE	1	COPE	
ZSCAN2	1	ZSCAN2	
ZSCAN1	1	ZSCAN1	
GPSM1	1	GPSM1	
GPSM2	1	GPSM2	
ASNSD1	1	ASNSD1	
SLC40A1	1	SLC40A1	
MRS2P2	1	MRS2P2	
CMAHP	1	CMAH	
FHAD1	1	FHAD1	
MFSD8	1	MFSD8	
RPS4X	1	RPS4X	
MFSD9	1	MFSD9	
MFSD6	1	MFSD6	
MFSD5	1	MFSD5	
ZBED10P	1	C7orf29	
MFSD3	1	MFSD3	
BLNK	1	BLNK	
MFSD1	1	MFSD1	
NOS1	1	NOS1	
TOPBP1	1	TOPBP1	
ATP5F1EP2	1	ATP5EP2	
GPSM3	1	GPSM3	
MAPK1IP1L	1	MAPK1IP1L	
HGSNAT	1	HGSNAT	
LSR	1	LSR	
RPS3A	1	RPS3A	
LSS	1	LSS	
FCHSD1	1	FCHSD1	
CORT	1	CORT	
AIM2	1	AIM2	
FCHSD2	1	FCHSD2	
DDAH1	1	DDAH1	
DDAH2	1	DDAH2	
CDH10	1	CDH10	
COL6A2	1	COL6A2	
AKT1S1	1	AKT1S1	
CDH11	1	CDH11	
COL6A1	1	COL6A1	
CDH12	1	CDH12	
LTA	1	LTA	
CDH13	1	CDH13	
COL6A3	1	COL6A3	
TERF2IP	1	TERF2IP	
COL6A6	1	COL6A6	
CDH15	1	CDH15	
COL6A5	1	COL29A1	
LTB	1	LTB	
CDH16	1	CDH16	
CDH17	1	CDH17	
THOP1	1	THOP1	
CDH19	1	CDH19	
LTF	1	LTF	
UBE2Q2P1	1	UBE2Q2P1	
LTK	1	LTK	
ATP1A3	1	ATP1A3	
ATP1A2	1	ATP1A2	
ATP1A1	1	ATP1A1	
LIN9	1	LIN9	
CHSY1	1	CHSY1	
FAM120C	1	FAM120C	
FAM120B	1	FAM120B	
FAM120A	1	FAM120A	
CHSY3	1	CHSY3	
OPCML	1	OPCML	
NOS2	1	NOS2	
LUM	1	LUM	
NOS3	1	NOS3	
MLPH	1	MLPH	
OSTCP1	1	OSTCL	
KANSL1	1	KIAA1267	
SLFNL1	1	SLFNL1	
KANSL2	1	C12orf41	
PITHD1	1	C1orf128	
PMS2P11	1	PMS2L11	
KANSL3	1	KIAA1310	
PAXBP1	1	GCFC1	
USP6NL	1	USP6NL	
LIPA	1	LIPA	
TSEN54	1	TSEN54	
ATP5IF1	1	ATPIF1	
PREX2	1	PREX2	
ZDBF2	1	ZDBF2	
LIPE	1	LIPE	
PREX1	1	PREX1	
SAMD14	1	SAMD14	
SAMD15	1	C14orf174	
LIPC	1	LIPC	
MPRIP	1	MPRIP	
LIPH	1	LIPH	
LIPG	1	LIPG	
SAMD12	1	SAMD12	
SAMD13	1	SAMD13	
SAMD10	1	SAMD10	
SAMD11	1	SAMD11	
GABARAPL3	1	GABARAPL3	
GABARAPL2	1	GABARAPL2	
STARD3	1	STARD3	
CFAP96	1	C4orf47	
GABARAPL1	1	GABARAPL1	
STARD4	1	STARD4	
CFAP95	1	C9orf135	
STARD5	1	STARD5	
CFAP90	1	C5orf49	
CSNK2A1	1	CSNK2A1	
STARD7	1	STARD7	
CSNK2A3	1	CSNK2A1P	
CFAP92	1	KIAA1257	
STARD8	1	STARD8	
CFAP91	1	C3orf15	
CSNK2A2	1	CSNK2A2	
DNTTIP1	1	DNTTIP1	
DNTTIP2	1	DNTTIP2	
CLNS1A	1	CLNS1A	
AKIP1	1	C11orf17	
CDIP1	1	C16orf5	
ENTHD1	1	ENTHD1	
CFAP97	1	KIAA1430	
MCM3AP-AS1	1	MCM3APAS	
CFAP61	1	C20orf26	
HACD1	1	PTPLA	
PARPBP	1	C12orf48	
HS3ST3A1	1	HS3ST3A1	
LXN	1	LXN	
RETSAT	1	RETSAT	
AIRE	1	AIRE	
HACD3	1	PTPLAD1	
LY9	1	LY9	
HACD2	1	PTPLB	
HACD4	1	PTPLAD2	
FAM221A	1	C7orf46	
GUCD1	1	C22orf13	
KLRK1	1	KLRK1	
CFAP69	1	C7orf63	
VTI1A	2	LOC143188:VTI1A	
CFAP68	1	C11orf1	
CFAP65	1	CCDC108	
PPARGC1A	1	PPARGC1A	
PPARGC1B	1	PPARGC1B	
GPIHBP1	1	GPIHBP1	
VTI1B	1	VTI1B	
LYN	1	LYN	
FYB2	1	C1orf168	
CFAP73	1	CCDC42B	
FYB1	1	FYB	
HACE1	1	HACE1	
CFAP70	1	TTC18	
APCDD1L	1	APCDD1L	
INCA1	1	INCA1	
NR0B1	1	NR0B1	
BBIP1	1	NCRNA00081	
LYZ	1	LYZ	
NR0B2	1	NR0B2	
FAM220A	1	C7orf70	
PCDHGA10	1	PCDHGA10	
PCDHGA11	1	PCDHGA11	
PCDHGA12	1	PCDHGA12	
UCK2	1	UCK2	
UCK1	1	UCK1	
NOX4	1	NOX4	
NOX5	1	NOX5	
CDIN1	1	C15orf41	
EFCC1	1	CCDC48	
NOX1	1	NOX1	
ATF7IP2	1	ATF7IP2	
C7orf50	1	C7orf50	
DIS3L	1	DIS3L	
PQBP1	1	PQBP1	
FAM223B	1	NCRNA00204B	
UCN3	1	UCN3	
UCN2	1	UCN2	
FLVCR1	1	FLVCR1	
FLVCR2	1	FLVCR2	
NELFB	1	COBRA1	
NELFA	1	WHSC2	
C7orf57	1	C7orf57	
HLA-DPA1	1	HLA-DPA1	
NELFE	1	RDBP	
NSUN4	1	NSUN4	
NSUN5	1	NSUN5	
NSUN2	1	NSUN2	
NSUN3	1	NSUN3	
NSUN6	1	NSUN6	
NSUN7	1	NSUN7	
DYNLL1	1	DYNLL1	
DYNLL2	1	DYNLL2	
FAM222B	1	C17orf63	
FAM222A	1	C12orf34	
KARS1	1	KARS	
DOCK8-AS1	1	C9orf66	
RPS27L	1	RPS27L	
PROCA1	1	PROCA1	
FAM226B	1	CXorf50B	
STYXL2	1	DUSP27	
STYXL1	1	STYXL1	
FOXS1	1	FOXS1	
UCP3	1	UCP3	
UCP2	1	UCP2	
RPS27A	1	RPS27A	
EVC2	1	EVC2	
MIR600HG	1	C9orf45	
ANKIB1	1	ANKIB1	
SAMD4A	1	SAMD4A	
LYRM9	1	C17orf108	
SAMD4B	1	SAMD4B	
FAM225B	1	C9orf110	
FAM225A	1	C9orf109	
GATAD2B	1	GATAD2B	
GATAD2A	1	GATAD2A	
STXBP5L	1	STXBP5L	
LYRM1	1	LYRM1	
LYRM2	1	LYRM2	
LYRM4	1	LYRM4	
LYRM7	1	LYRM7	
HLA-DPB1	1	HLA-DPB1	
MPLKIP	1	C7orf11	
C7orf25	1	C7orf25	
HLA-DPB2	1	HLA-DPB2	
CCDC144CP	1	CCDC144C	
MYLK2	1	MYLK2	
NRROS	1	LRRC33	
FAM228A	1	C2orf84	
CXCL17	1	CXCL17	
DEFB1	1	DEFB1	
CXCL13	1	CXCL13	
CXCL14	1	CXCL14	
MYLK3	1	MYLK3	
CXCL16	1	CXCL16	
FAM228B	1	LOC375190	
MYLK4	1	MYLK4	
FOXQ1	1	FOXQ1	
SLC25A48	1	LOC153328	
ATCAY	1	ATCAY	
OSBP	1	OSBP	
SLC25A41	1	SLC25A41	
FBRSL1	1	FBRSL1	
SLC25A40	1	SLC25A40	
SLC25A43	1	SLC25A43	
SLC25A42	1	SLC25A42	
SLC25A45	1	SLC25A45	
SLC25A44	1	SLC25A44	
CCDC144BP	1	CCDC144B	
SLC25A46	1	SLC25A46	
CPA3	1	CPA3	
CPA2	1	CPA2	
MYLIP	1	MYLIP	
CPA1	1	CPA1	
TICAM2	1	TICAM2	
FOXP4	1	FOXP4	
TICAM1	1	TICAM1	
FOXP3	1	FOXP3	
FAM227B	1	C15orf33	
FOXP2	1	FOXP2	
FOXP1	1	FOXP1	
FAM227A	1	LOC646851	
GVINP1	1	GVIN1	
MAF	1	MAF	
LIX1	1	LIX1	
MAK	1	MAK	
FSCN1	1	FSCN1	
SLC25A52	1	MCART2	
MAL	1	MAL	
SLC25A51	1	MCART1	
FSCN3	1	FSCN3	
FSCN2	1	FSCN2	
SLC25A53	1	MCART6	
DSC2	1	DSC2	
DSC3	1	DSC3	
RNASEH2C	1	RNASEH2C	
RNASEH2B	1	RNASEH2B	
CPB1	1	CPB1	
RNASEH2A	1	RNASEH2A	
MAX	1	MAX	
TROAP	1	TROAP	
MAZ	1	MAZ	
GLIS3	1	GLIS3	
FOXO4	1	FOXO4	
FOXO3	1	FOXO3	
KRCC1	1	KRCC1	
FOXO1	1	FOXO1	
GLIS1	1	GLIS1	
GLIS2	1	GLIS2	
NPAT	1	NPAT	
DSEL	1	DSEL	
CLTCL1	1	CLTCL1	
E4F1	1	E4F1	
HACL1	1	HACL1	
MBP	1	MBP	
CPA6	1	CPA6	
EVI5	1	EVI5	
CPA4	1	CPA4	
FAM229B	1	C6orf225	
FOXN3	1	FOXN3	
FOXN2	1	FOXN2	
MCC	1	MCC	
AICDA	1	AICDA	
CXCL10	1	CXCL10	
CXCL11	1	CXCL11	
CXCL12	1	CXCL12	
SCGB3A1	1	SCGB3A1	
MCU	1	CCDC109A	
EHBP1-AS1	1	LOC100132215	
ARHGAP11A	1	ARHGAP11A	
ARHGAP11B	1	ARHGAP11B	
CELF1	1	CELF1	
CDCA7L	1	CDCA7L	
CELF2	1	CELF2	
SCHIP1	1	SCHIP1	
CELF3	1	CELF3	
CELF4	1	CELF4	
CELF5	1	CELF5	
CELF6	1	CELF6	
MCM10	1	MCM10	
FOXM1	1	FOXM1	
FSD1L	1	FSD1L	
MDK	1	MDK	
MYADML2	1	MYADML2	
ME1	1	ME1	
ME3	1	ME3	
ME2	1	ME2	
PVRIG	1	PVRIG	
FOXL2	1	FOXL2	
FOXL1	1	FOXL1	
SLC25A16	1	SLC25A16	
SLC25A15	1	SLC25A15	
SLC25A18	1	SLC25A18	
SLC25A17	1	SLC25A17	
NPC1	1	NPC1	
NPC2	1	NPC2	
SLC25A19	1	SLC25A19	
DSG1	1	DSG1	
MIR3667HG	1	C22orf34	
DSG2	1	DSG2	
SLC25A10	1	SLC25A10	
DSG3	1	DSG3	
SLC25A12	1	SLC25A12	
MET	1	MET	
SLC25A11	1	SLC25A11	
SLC25A14	1	SLC25A14	
SLC25A13	1	SLC25A13	
FOXK2	1	FOXK2	
FOXK1	1	FOXK1	
MFF	1	MFF	
SLC25A27	1	SLC25A27	
SLC25A26	1	SLC25A26	
SLC25A29	1	SLC25A29	
SLC25A28	1	SLC25A28	
SLC25A21	1	SLC25A21	
SLC25A20	1	SLC25A20	
SLC25A23	1	SLC25A23	
SLC25A22	1	SLC25A22	
SLC25A25	1	SLC25A25	
CTHRC1	1	CTHRC1	
SLC25A24	1	SLC25A24	
MMAA	1	MMAA	
MMAB	1	MMAB	
MGA	1	MGA	
FOXJ3	1	FOXJ3	
FOXJ2	1	FOXJ2	
FOXJ1	1	FOXJ1	
MERTK	1	MERTK	
DHODH	1	DHODH	
NELL2	1	NELL2	
SLC25A38	1	SLC25A38	
SLC25A37	1	SLC25A37	
SLC25A39	1	SLC25A39	
MGP	1	MGP	
SLC25A30	1	SLC25A30	
SLC25A32	1	SLC25A32	
P4HB	1	P4HB	
SLC25A34	1	SLC25A34	
SLC25A33	1	SLC25A33	
SLC25A36	1	SLC25A36	
SLC25A35	1	SLC25A35	
SPON2	1	SPON2	
SPON1	1	SPON1	
FOXI2	1	FOXI2	
CCT6P1	1	CCT6P1	
FOXI1	1	FOXI1	
ZDHHC5	1	ZDHHC5	
ZDHHC6	1	ZDHHC6	
ZDHHC7	1	ZDHHC7	
ZDHHC8	1	ZDHHC8	
ZDHHC1	1	ZDHHC1	
ZDHHC2	1	ZDHHC2	
ZDHHC3	1	ZDHHC3	
ZDHHC4	1	ZDHHC4	
GOLGA6L10	1	GOLGA6L10	
CHORDC1	1	CHORDC1	
MIA	1	MIA	
ANKRD20A11P	1	C21orf81	
NSMCE3	1	NDNL2	
NPFF	1	NPFF	
FOXH1	1	FOXH1	
NSMCE2	1	NSMCE2	
NSMCE1	1	NSMCE1	
MIF	1	MIF	
HASPIN	1	GSG2	
GNPAT	1	GNPAT	
SFRP4	1	SFRP4	
SFRP1	1	SFRP1	
SFRP2	1	SFRP2	
SFRP5	1	SFRP5	
CTXN2	1	CTXN2	
CTXN1	1	CTXN1	
TMEM87A	1	TMEM87A	
TMEM87B	1	TMEM87B	
EVPL	1	EVPL	
DSN1	1	DSN1	
RBM12	1	RBM12	
RIMKLA	1	RIMKLA	
RIMKLB	1	RIMKLB	
RBM10	1	RBM10	
PCAT18	1	LOC728606	
RBM11	1	RBM11	
TMEM86A	1	TMEM86A	
TMEM86B	1	TMEM86B	
FOXF2	1	FOXF2	
FOXF1	1	FOXF1	
PILRB	1	PILRB	
PILRA	1	PILRA	
COL9A1	1	COL9A1	
CYSTM1	1	C5orf32	
COL9A3	1	COL9A3	
COL9A2	1	COL9A2	
MKX	1	MKX	
RCOR3	1	RCOR3	
GLIPR1L2	1	GLIPR1L2	
RCOR2	1	RCOR2	
RCOR1	1	RCOR1	
FKBP11	1	FKBP11	
FKBP10	1	FKBP10	
SUV39H2	1	SUV39H2	
ZNF22-AS1	1	C10orf25	
DOC2A	1	DOC2A	
FKBP15	1	FKBP15	
FOXE1	1	FOXE1	
MOGAT3	1	MOGAT3	
FKBP14	1	FKBP14	
MOGAT2	1	MOGAT2	
MOGAT1	1	MOGAT1	
SUV39H1	1	SUV39H1	
DOC2B	1	DOC2B	
BMI1	1	BMI1	
MLX	1	MLX	
REV3L	1	REV3L	
DIRC1	1	DIRC1	
DIRC3	1	DIRC3	
UTP14A	1	UTP14A	
PDZK1P1	1	PDZK1P1	
UTP14C	1	UTP14C	
SBSPON	1	C8orf84	
FOXD4	1	FOXD4	
ANKDD1A	1	ANKDD1A	
FOXD3	1	FOXD3	
FOXD2	1	FOXD2	
FOXD1	1	FOXD1	
MME	1	MME	
MMD	1	MMD	
OSMR	1	OSMR	
MN1	1	MN1	
FOXC2	1	FOXC2	
FOXC1	1	FOXC1	
RABGAP1	1	RABGAP1	
SPINDOC	1	C11orf84	
PVT1	1	PVT1	
DYNLT2B	1	TCTEX1D2	
IBA57	1	C1orf69	
CPN2	1	CPN2	
MNT	1	MNT	
PGRMC1	1	PGRMC1	
PGRMC2	1	PGRMC2	
NPM1	1	NPM1	
NPM2	1	NPM2	
CAVIN1	1	PTRF	
CAVIN2	1	SDPR	
CAVIN3	1	PRKCDBP	
CAVIN4	1	MURC	
MOK	1	RAGE	
NPM3	1	NPM3	
CABCOCO1	1	C10orf107	
KGD4	1	MRPS36	
PPP1CA	1	PPP1CA	
FKBP1A	1	FKBP1A	
ZDHHC9	1	ZDHHC9	
FKBP1B	1	FKBP1B	
RLIG1	1	C12orf29	
FOXA3	1	FOXA3	
ENGASE	1	ENGASE	
FOXA2	1	FOXA2	
FOXA1	1	FOXA1	
PCDHB18P	1	PCDHB18	
PLVAP	1	PLVAP	
SAMD9L	1	SAMD9L	
MPG	1	MPG	
MPI	1	MPI	
MPL	1	MPL	
WBP1L	1	C10orf26	
CPOX	1	CPOX	
ACRBP	1	ACRBP	
MPO	1	MPO	
IFI44L	1	IFI44L	
MPZ	1	MPZ	
NPPA	1	NPPA	
SNIP1	1	SNIP1	
OSR2	1	OSR2	
PCDHB17P	1	PCDHB17	
ADPRHL1	1	ADPRHL1	
TEX56P	1	C6orf201	
OSR1	1	OSR1	
THEMIS	1	THEMIS	
RPGRIP1L	1	RPGRIP1L	
PIN4P1	1	LOC728758	
NPNT	1	NPNT	
WBP11	1	WBP11	
MR1	1	MR1	
DPEP2	1	DPEP2	
DPEP1	1	DPEP1	
HOMEZ	1	HOMEZ	
UTP25	1	C1orf107	
RBM8A	1	RBM8A	
NPR1	1	NPR1	
NPR2	1	NPR2	
NPR3	2	C5orf23:NPR3	
UTP23	1	UTP23	
MRO	1	MRO	
TAC3	1	TAC3	
UTP20	1	UTP20	
MSC	1	MSC	
TAC1	1	TAC1	
VARS2	1	VARS2	
BCL9L	1	BCL9L	
VARS1	1	VARS	
OST4	1	OST4	
ZFHX3	1	ZFHX3	
PCDHB19P	1	PCDHB19P	
SLC52A2	1	GPR172A	
SLC52A3	1	C20orf54	
HMGA1	1	HMGA1	
DSTN	1	DSTN	
SLC52A1	1	GPR172B	
HMGA2	1	HMGA2	
MSN	1	MSN	
SHISAL1	1	KIAA1644	
BMP7	1	BMP7	
MT3	1	MT3	
ZFHX4	1	ZFHX4	
ANKHD1	1	ANKHD1	
BMP6	1	BMP6	
BMP5	1	BMP5	
BMP4	1	BMP4	
BMP3	1	BMP3	
BMP2	1	BMP2	
BMP1	1	BMP1	
AJM1	1	C9orf172	
CPS1	1	CPS1	
OSTC	1	OSTC	
TAB3	1	TAB3	
TAB2	1	TAB2	
TAB1	1	TAB1	
LSM14B	1	LSM14B	
LSM14A	1	LSM14A	
PNLIPRP1	1	PNLIPRP1	
RBM27	1	RBM27	
PNLIPRP2	1	PNLIPRP2	
RBM28	1	RBM28	
CD164L2	1	CD164L2	
RBM25	1	RBM25	
NAA40	1	NAA40	
RBM26	1	RBM26	
LAMC3	1	LAMC3	
ATP2A3	1	ATP2A3	
HMGB2	1	HMGB2	
ATP2A2	1	ATP2A2	
HMGB3	1	HMGB3	
PSIP1	1	PSIP1	
ATP2A1	1	ATP2A1	
LAMC2	1	LAMC2	
MTR	1	MTR	
HMGB1	1	HMGB1	
LAMC1	1	LAMC1	
SEC61A2	1	SEC61A2	
SEC61A1	1	SEC61A1	
BCL7A	1	BCL7A	
CPT2	1	CPT2	
BCL7C	1	BCL7C	
BCL7B	1	BCL7B	
NPTN	1	NPTN	
CFAP46	1	C10orf93	
UQCRFS1	1	UQCRFS1	
LRRFIP2	1	LRRFIP2	
LRRFIP1	1	LRRFIP1	
CFAP43	1	C10orf79	
RBM34	1	RBM34	
SULT4A1	1	SULT4A1	
CFAP45	1	CCDC19	
RBM33	1	RBM33	
CFAP44	1	WDR52	
HS3ST3B1	1	HS3ST3B1	
DYNLT5	1	TCTEX1D1	
UTP15	1	UTP15	
RBM17	1	RBM17	
NAA30	1	NAA30	
RBM14	1	RBM14	
CFAP52	1	WDR16	
MMP7	1	MMP7	
RBM15	1	RBM15	
DYNLT1	1	DYNLT1	
UTP11	1	UTP11L	
MMP1	1	MMP1	
DYNLT2	1	TCTE3	
DYNLT3	1	DYNLT3	
MMP2	1	MMP2	
RBM18	1	RBM18	
MMP3	1	MMP3	
RBM19	1	RBM19	
DYNLT4	1	TCTEX1D4	
MMP8	1	MMP8	
MMP9	1	MMP9	
UTP18	1	UTP18	
GORASP2	1	GORASP2	
CDHR1	1	CDHR1	
CPTP	1	GLTPD1	
GORASP1	1	GORASP1	
CDHR2	1	CDHR2	
CFAP58	1	CCDC147	
CDHR3	1	CDHR3	
NAA35	1	NAA35	
RBM20	1	RBM20	
SPOPL	1	SPOPL	
CFAP57	1	WDR65	
CDHR5	1	CDHR5	
NAA38	2	LSMD1:NAA38	
MVD	1	MVD	
CFAP54	1	C12orf63	
RBM23	1	RBM23	
CFAP53	1	CCDC11	
RBM24	1	RBM24	
RBM22	1	RBM22	
LAMA5	1	LAMA5	
RBM47	1	RBM47	
RBM48	1	C7orf64	
MVK	1	MVK	
LAMA2	1	LAMA2	
LAMA1	1	LAMA1	
NAA20	1	NAA20	
GOSR2	1	GOSR2	
LAMA4	1	LAMA4	
MVP	1	MVP	
GOSR1	1	GOSR1	
LAMA3	1	LAMA3	
TAF9	1	TAF9	
RBM4B	1	RBM4B	
ATP2C2	1	ATP2C2	
HMGCR	1	HMGCR	
ATP2C1	1	ATP2C1	
LYSET	1	C14orf109	
HMGCL	1	HMGCL	
RAB40A	1	RAB40A	
RAB40B	1	RAB40B	
RAB40C	1	RAB40C	
BMS1	1	BMS1	
NAA25	1	NAA25	
EPS8L1	1	EPS8L1	
EPS8L2	1	EPS8L2	
EPS8L3	1	EPS8L3	
CFAP20	1	C16orf80	
RBM38	1	RBM38	
RBM39	1	RBM39	
LAMB3	1	LAMB3	
NAA10	1	NAA10	
LAMB2	1	LAMB2	
MX2	1	MX2	
LAMB4	1	LAMB4	
MX1	1	MX1	
ATP2B4	1	ATP2B4	
ATP2B3	1	ATP2B3	
GOLGA6L5P	1	GOLGA6L5	
ATP2B2	1	ATP2B2	
LAMB1	1	LAMB1	
ATP2B1	1	ATP2B1	
SCIMP	1	C17orf87	
BCL6B	1	BCL6B	
CFAP36	1	CCDC104	
RBM41	1	RBM41	
TAF8	1	TAF8	
RBM42	1	RBM42	
TAF7	1	TAF7	
NAA16	1	NAA16	
TAF6	1	TAF6	
NAA15	1	NAA15	
TAF5	1	TAF5	
CPVL	1	CPVL	
RBM45	1	RBM45	
TAF4	1	TAF4	
TAF3	1	TAF3	
RBM43	1	RBM43	
TAF2	1	TAF2	
RBM44	1	RBM44	
TAF1	1	TAF1	
TLNRD1	1	MESDC1	
DCAF8	1	DCAF8	
TPGS1	1	C19orf20	
DCAF5	1	DCAF5	
DCAF4	1	DCAF4	
DCAF7	1	DCAF7	
TPGS2	1	C18orf10	
DCAF6	1	DCAF6	
DCAF1	1	VPRBP	
MYC	1	MYC	
MYB	1	MYB	
CDK20	1	CDK20	
MMUT	1	MUT	
IAH1	1	IAH1	
SULT2B1	1	SULT2B1	
EEF1DP3	1	EEF1DP3	
CDKN2B-AS1	1	CDKN2BAS	
PRDX3	1	PRDX3	
PRDX2	1	PRDX2	
PRDX5	1	PRDX5	
PRDX4	1	PRDX4	
PRDX1	1	PRDX1	
PSMG3-AS1	1	KIAA1908	
NKX2-3	1	NKX2-3	
NKX2-2	1	NKX2-2	
CDK17	1	CDK17	
FZD1	1	FZD1	
CDK18	1	CDK18	
DNAH12	1	DNAH12	
WNT10B	1	WNT10B	
CDK19	1	CDK19	
DNAH11	1	DNAH11	
F8A1	1	F8A1	
FZD3	1	FZD3	
WNT10A	1	WNT10A	
DNAH10	1	DNAH10	
FZD2	1	FZD2	
DNAH17	1	DNAH17	
FZD5	1	FZD5	
FZD4	1	FZD4	
FZD7	1	FZD7	
DNAH14	1	DNAH14	
FZD6	1	FZD6	
RAB3IP	1	RAB3IP	
FZD9	1	FZD9	
FZD8	1	FZD8	
PA2G4	1	PA2G4	
FHDC1	1	FHDC1	
PRDX6	1	PRDX6	
FAM13A-AS1	1	FAM13AOS	
CDK10	1	CDK10	
CDK12	1	CDK12	
CDK13	1	CDK13	
CDK14	1	CDK14	
CDK15	1	CDK15	
CDK16	1	CDK16	
CEMP1	1	CEMP1	
MSTO2P	1	MSTO2P	
FAM234B	1	KIAA1467	
FAM234A	1	ITFG3	
TAL1	1	TAL1	
COL21A1	1	COL21A1	
JDP2	1	JDP2	
HBEGF	1	HBEGF	
ASAH1	1	ASAH1	
ASAH2	1	ASAH2	
TRIM16L	1	TRIM16L	
GCNT1	1	GCNT1	
GRAMD4	1	GRAMD4	
FAM238C	1	NCRNA00202	
TANK	1	TANK	
NKAPP1	1	CXorf42	
GCNT2	1	GCNT2	
GCNT3	1	GCNT3	
GCNT4	1	GCNT4	
HS1BP3	1	HS1BP3	
LINC-PINT	1	FLJ43663	
DTD1	1	DTD1	
DTD2	1	C14orf126	
SAAL1	1	SAAL1	
TCAIM	1	C3orf23	
GUCA2B	1	GUCA2B	
TRMT1	1	TRMT1	
GUCA2A	1	GUCA2A	
A4GNT	1	A4GNT	
RFWD3	1	RFWD3	
TRMT5	1	TRMT5	
ALMS1	1	ALMS1	
TRMT6	1	TRMT6	
LAMTOR2	1	ROBLD3	
LAMTOR1	1	C11orf59	
LAMTOR4	1	C7orf59	
EEF1AKMT3	1	FAM119B	
LAMTOR3	1	MAPKSP1	
EEF1AKMT2	1	METTL10	
EEF1AKMT1	1	N6AMT2	
LAMTOR5	1	HBXIP	
FAM107A	1	FAM107A	
GUCA1B	1	GUCA1B	
GUCA1A	1	GUCA1A	
BEST3	1	BEST3	
BEST1	1	BEST1	
FAM107B	1	FAM107B	
BEST4	1	BEST4	
MACROD1	1	MACROD1	
MACROD2	1	MACROD2	
NBN	1	NBN	
LZTS2	1	LZTS2	
LZTS1	1	LZTS1	
LZTS3	1	ProSAPiP1	
NUTM2A	1	FAM22A	
TAP2	1	TAP2	
TAP1	1	TAP1	
FAM106C	1	FAM106C	
DISP1	1	DISP1	
FAM106A	1	FAM106A	
DISP2	1	DISP2	
DISP3	1	PTCHD2	
NCL	1	NCL	
NUTM2G	1	FAM22G	
IAPP	1	IAPP	
MALAT1	1	MALAT1	
NUTM2F	1	FAM22F	
NUTM2D	1	FAM22D	
NKAPD1	1	C11orf57	
CEMIP	1	KIAA1199	
KRBA2	1	KRBA2	
CYP4F22	1	CYP4F22	
KRBA1	1	KRBA1	
BMS1P20	1	LOC96610	
TARP	1	TARP	
GLB1L2	1	GLB1L2	
NEUROD1	1	NEUROD1	
RPS15AP10	1	RPS15AP10	
ZNF876P	1	ZNF876P	
NDN	1	NDN	
NDP	1	NDP	
WDTC1	1	WDTC1	
DHCR24	1	DHCR24	
NEB	1	NEB	
CYP4F11	1	CYP4F11	
CYP4F12	1	CYP4F12	
NF1	1	NF1	
NF2	1	NF2	
LZTR1	1	LZTR1	
HECTD2-AS1	1	LOC100188947	
NES	1	NES	
BNC2	1	BNC2	
BNC1	1	BNC1	
ASB16-AS1	1	C17orf65	
CNGA1	1	CNGA1	
CNGA3	1	CNGA3	
CNGA4	1	CNGA4	
PGPEP1	1	PGPEP1	
TASL	1	CXorf21	
VSTM2L	1	VSTM2L	
NGF	1	NGF	
BET1L	1	BET1L	
PATL1	1	PATL1	
PATL2	1	PATL2	
SMDT1	1	C22orf32	
BAGE2	1	BAGE2	
SCGB2A1	1	SCGB2A1	
VSTM2A	1	VSTM2A	
CNGB1	1	CNGB1	
ACSS3	1	ACSS3	
ACSS2	1	ACSS2	
FZR1	1	FZR1	
NHS	1	NHS	
PAXIP1-AS2	1	LOC100132707	
ACSS1	1	ACSS1	
UGGT2	1	UGGT2	
UGGT1	1	UGGT1	
RPH3AL	1	RPH3AL	
KCNJ10	1	KCNJ10	
KCNIP1	1	KCNIP1	
KCNJ11	1	KCNJ11	
KCNIP2	1	KCNIP2	
KCNJ12	1	KCNJ12	
KCNIP3	1	KCNIP3	
KCNJ13	1	KCNJ13	
KCNIP4	1	KCNIP4	
KCNJ14	1	KCNJ14	
KCNJ15	1	KCNJ15	
KCNJ16	1	KCNJ16	
MND1	1	MND1	
NIN	1	NIN	
MNDA	1	MNDA	
METAP1	1	METAP1	
METAP2	1	METAP2	
ACSM3	1	ACSM3	
ACSM1	1	ACSM1	
GORAB	1	GORAB	
ACSM5	1	ACSM5	
PWP2	1	PWP2	
PWP1	1	PWP1	
HABP4	1	HABP4	
UBAP2L	1	UBAP2L	
HABP2	1	HABP2	
FAAP100	1	C17orf70	
ACSL1	1	ACSL1	
MYL11	1	MYLPF	
ACSL6	1	ACSL6	
ACSL5	1	ACSL5	
ACSL4	1	ACSL4	
ACSL3	1	ACSL3	
PIMREG	1	FAM64A	
COL8A2	1	COL8A2	
COL8A1	1	COL8A1	
MTARC2	1	MOSC2	
MTARC1	1	MOSC1	
NLK	1	NLK	
NLN	1	NLN	
OTOA	1	OTOA	
OTOF	1	OTOF	
PATZ1	1	PATZ1	
SNHG1	1	SNHG1	
NMB	1	NMB	
RABGAP1L	1	RABGAP1L	
DTNA	1	DTNA	
DTNB	1	DTNB	
RAB39A	1	RAB39	
SNHG8	1	SNHG8	
KTI12	1	KTI12	
RAB39B	1	RAB39B	
SNHG9	1	SNHG9	
PARP16	1	PARP16	
SNHG6	1	SNHG6	
NMI	1	NMI	
SNHG7	1	SNHG7	
PARP14	1	PARP14	
SNHG4	1	SNHG4	
ALOX15B	1	ALOX15B	
PARP15	1	PARP15	
SNHG5	1	SNHG5	
PARP12	1	PARP12	
SNHG3	1	SNHG3	
PARP10	1	PARP10	
PARP11	1	PARP11	
NCEH1	1	NCEH1	
NMU	1	NMU	
UBAP1L	1	LOC390595	
MYL6B	1	MYL6B	
PRPF19	1	PRPF19	
RPTOR	1	RPTOR	
NNT	1	NNT	
NOG	1	NOG	
KREMEN1	1	KREMEN1	
AMPD1	1	AMPD1	
AMPD2	1	AMPD2	
AMPD3	1	AMPD3	
KREMEN2	1	KREMEN2	
RAB33A	1	RAB33A	
RAB33B	1	RAB33B	
PRPF18	1	PRPF18	
NPB	1	NPB	
CXCR5	1	CXCR5	
CXCR4	1	CXCR4	
ALOX12B	1	ALOX12B	
CXCR6	1	CXCR6	
NPL	1	NPL	
CTAGE11P	1	LOC647288	
LYPLA2P1	1	LYPLA2P1	
CXCR1	1	CXCR1	
NPW	1	NPW	
CXCR3	1	CXCR3	
NPY	1	NPY	
CXCR2	1	CXCR2	
DISC1	1	DISC1	
AAMDC	1	C11orf67	
NQO1	1	NQO1	
NQO2	1	NQO2	
CTAGE10P	1	LOC220429	
ERG28	1	C14orf1	
PRPF39	1	PRPF39	
PRPF31	1	PRPF31	
CDK5R2	1	CDK5R2	
CDK5R1	1	CDK5R1	
NRK	1	NRK	
HDLBP	1	HDLBP	
NRM	1	NRM	
NRL	1	NRL	
CHCHD4	1	CHCHD4	
CHCHD5	1	CHCHD5	
CHCHD2	1	CHCHD2	
CHCHD3	1	CHCHD3	
CHCHD6	1	CHCHD6	
CHCHD7	1	CHCHD7	
DLG5-AS1	1	LOC100128292	
CHCHD1	1	CHCHD1	
NSF	1	NSF	
CD300A	1	CD300A	
SPNS3	1	SPNS3	
SPNS2	1	SPNS2	
WRNIP1	1	WRNIP1	
TRNT1	1	TRNT1	
PREPL	1	PREPL	
KLRF1	1	KLRF1	
SPNS1	1	SPNS1	
CD300E	1	CD300E	
CD300C	1	CD300C	
RAI14	1	RAI14	
ANP32CP	1	ANP32C	
AKNA	1	AKNA	
KLRB1	1	KLRB1	
CTTNBP2	1	CTTNBP2	
NTM	1	NTM	
LTBP4	1	LTBP4	
NCF1B	1	NCF1B	
DTX1	1	DTX1	
NCF1C	1	NCF1C	
DTX2	1	DTX2	
LTBP2	1	LTBP2	
DTX3	1	DTX3	
LTBP3	1	LTBP3	
CPLX2	1	CPLX2	
DTX4	1	DTX4	
NTS	1	NTS	
CPLX1	1	CPLX1	
LTBP1	1	LTBP1	
KLRC1	1	KLRC1	
OTX1	1	OTX1	
KLRC2	1	KLRC2	
KLRC3	1	KLRC3	
TBCD	1	TBCD	
TBCC	1	TBCC	
TBCB	1	TBCB	
TBCA	1	TBCA	
ACSF3	1	ACSF3	
ACSF2	1	ACSF2	
TBCK	1	TBCK	
RFXAP	1	RFXAP	
TBCE	1	TBCE	
KLRD1	1	KLRD1	
DOCK6	1	DOCK6	
CXCL6	1	CXCL6	
DOCK5	1	DOCK5	
CXCL9	1	CXCL9	
DOCK4	1	DOCK4	
DOCK3	1	DOCK3	
CXCL8	1	IL8	
DOCK9	1	DOCK9	
NVL	1	NVL	
TSEN15	1	TSEN15	
DOCK8	1	DOCK8	
DOCK7	1	DOCK7	
LMOD1	1	LMOD1	
CXCL1	1	CXCL1	
CTDSPL2	1	CTDSPL2	
CXCL3	1	CXCL3	
CXCL2	1	CXCL2	
CXCL5	1	CXCL5	
LMOD3	1	LMOD3	
SENP6	1	SENP6	
SENP7	1	SENP7	
SENP5	1	SENP5	
SENP8	1	SENP8	
FLOT1	1	FLOT1	
FLOT2	1	FLOT2	
GLIDR	1	MGC21881	
RUBCN	1	KIAA0226	
EGFL7	1	EGFL7	
EGFL6	1	EGFL6	
SENP2	1	SENP2	
SENP3	1	SENP3	
SENP1	1	SENP1	
TRNP1	1	TRNP1	
MNS1	1	MNS1	
DOCK2	1	DOCK2	
DOCK1	1	DOCK1	
EGFL8	1	EGFL8	
GCOM1	1	GCOM1	
TSEN34	1	TSEN34	
CD163L1	1	CD163L1	
NXN	1	NXN	
RBAKDN	1	LOC389458	
PRELP	1	PRELP	
LTC4S	1	LTC4S	
CDIPT	1	CDIPT	
KLRG1	1	KLRG1	
TBKBP1	1	TBKBP1	
SLC4A1AP	1	SLC4A1AP	
ZEB1-AS1	1	LOC220930	
SYNGAP1	1	SYNGAP1	
TBK1	1	TBK1	
AKT2	1	AKT2	
AKT3	1	AKT3	
AKT1	1	AKT1	
PKNOX1	1	PKNOX1	
MNX1	1	MNX1	
PKNOX2	1	PKNOX2	
TSTD1	1	TSTD1	
TSTD2	1	TSTD2	
PHKA1	1	PHKA1	
CIDECP1	1	CIDECP	
PHKA2	1	PHKA2	
FAM157A	1	FAM157A	
LINC00526	1	C18orf18	
LINC00520	1	C14orf34	
SKAP1	1	SKAP1	
SKAP2	1	SKAP2	
EXD2	1	EXD2	
EXD3	1	EXD3	
CRABP2	1	CRABP2	
CRABP1	1	CRABP1	
RNF212	1	RNF212	
SULT1A1	1	SULT1A1	
RNF214	1	RNF214	
RNF213	1	RNF213	
RNF216	1	RNF216	
RNF215	1	RNF215	
RNF217	1	RNF217	
C14orf93	1	C14orf93	
SULT1A3	1	SULT1A3	
SULT1A2	1	SULT1A2	
SDR42E1	1	SDR42E1	
LINC01881	1	LOC728323	
TIPARP	1	TIPARP	
IL31RA	1	IL31RA	
NR2F1	1	NR2F1	
NR2F2	1	NR2F2	
AIF1L	1	AIF1L	
NR2F6	1	NR2F6	
TREML1	1	TREML1	
SULT1B1	1	SULT1B1	
TBL3	1	TBL3	
TBL2	1	TBL2	
RNF227	1	LOC284023	
TREML2	1	TREML2	
RNF220	1	RNF220	
ARHGAP9	1	ARHGAP9	
SFTA2	1	SFTA2	
DUBR	1	LOC344595	
ARHGAP8	1	ARHGAP8	
SIGLEC9	1	SIGLEC9	
ARHGAP1	1	ARHGAP1	
ARHGAP5	1	ARHGAP5	
PEAR1	1	PEAR1	
ARHGAP6	1	ARHGAP6	
ARHGAP4	1	ARHGAP4	
SULT1C2	1	SULT1C2	
DLGAP1	1	DLGAP1	
DLGAP3	1	DLGAP3	
TPSAB1	1	TPSAB1	
DLGAP2	1	DLGAP2	
DLGAP5	1	DLGAP5	
DLGAP4	1	DLGAP4	
SULT1C4	1	SULT1C4	
METRN	1	METRN	
NR2F1-AS1	1	FLJ42709	
SLC39A11	1	SLC39A11	
WNT9B	1	WNT9B	
SLC39A10	1	SLC39A10	
RAB3IL1	1	RAB3IL1	
SLC39A13	1	SLC39A13	
SYS1-DBNDD2	1	SYS1-DBNDD2	
WNT9A	1	WNT9A	
SLC39A14	1	SLC39A14	
OAF	1	OAF	
LINC01816	1	LOC100133985	
PXDN	1	PXDN	
PPARG	1	PPARG	
L2HGDH	1	L2HGDH	
ERGIC3	1	ERGIC3	
PPARA	1	PPARA	
ERGIC2	1	ERGIC2	
ERGIC1	1	ERGIC1	
PPARD	1	PPARD	
CRB2	1	CRB2	
CRB1	1	CRB1	
OAT	1	OAT	
CENPA	1	CENPA	
CENPB	1	CENPB	
CENPC	1	CENPC1	
NEURL1B	1	NEURL1B	
NRAS	1	NRAS	
EXOSC10	1	EXOSC10	
PRR14L	1	C22orf30	
SULT1E1	1	SULT1E1	
NRAP	1	NRAP	
IL12RB1	1	IL12RB1	
IL12RB2	1	IL12RB2	
CENPT	1	CENPT	
CENPU	1	MLF1IP	
CENPV	1	CENPV	
CENPW	1	CENPW	
CRBN	1	CRBN	
COL22A1	1	COL22A1	
WNT7B	1	WNT7B	
DAB2IP	1	DAB2IP	
WNT7A	1	WNT7A	
CENPE	1	CENPE	
CENPF	1	CENPF	
COL3A1	1	COL3A1	
USP27X-DT	1	LOC158572	
CENPH	1	CENPH	
CENPI	1	CENPI	
ETNK2	1	ETNK2	
RBM12B-AS1	1	C8orf39	
CENPJ	1	CENPJ	
ETNK1	1	ETNK1	
CENPK	1	CENPK	
CENPL	1	CENPL	
CENPM	1	CENPM	
ADGRL1	1	LPHN1	
CENPN	1	CENPN	
CENPO	1	CENPO	
SIGLEC1	1	SIGLEC1	
CENPP	1	CENPP	
ADGRL4	1	ELTD1	
SIGLEC8	1	SIGLEC8	
CENPQ	1	CENPQ	
CRAT	1	CRAT	
SIGLEC7	1	SIGLEC7	
ADGRL2	1	LPHN2	
SIGLEC6	1	SIGLEC6	
CENPS	1	APITD1	
CDKN3	1	CDKN3	
CRB3	1	CRB3	
ADGRL3	1	LPHN3	
SIGLEC5	1	SIGLEC5	
EXOC3L1	1	EXOC3L	
EXOC3L2	1	EXOC3L2	
CRCP	1	CRCP	
EXOC3L4	1	C14orf73	
MFSD13A	1	TMEM180	
IBSP	1	IBSP	
CLBA1	1	C14orf79	
PSKH1	1	PSKH1	
CDKL2	1	CDKL2	
CDKL3	1	CDKL3	
CDKL5	1	CDKL5	
BTN1A1	1	BTN1A1	
POLRMT	1	POLRMT	
TC2N	1	TC2N	
CDKL1	1	CDKL1	
INO80C	1	INO80C	
INO80B	1	INO80B	
KHDRBS1	1	KHDRBS1	
INO80E	1	INO80E	
INO80D	1	INO80D	
KHDRBS3	1	KHDRBS3	
TXNDC9	1	TXNDC9	
AGAP11	1	AGAP11	
BOD1L1	1	BOD1L	
CREM	1	CREM	
NREP	1	C5orf13	
NRF1	1	NRF1	
ENSG00000248540	1	LOC283731	
HNRNPDL	1	HNRPDL	
MOBP	1	MOBP	
G3BP1	1	G3BP1	
G3BP2	1	G3BP2	
TXNDC2	1	TXNDC2	
TXNDC5	1	TXNDC5	
BOD1	1	BOD1	
NRDC	1	NRD1	
OGA	1	MGEA5	
TMPRSS13	1	TMPRSS13	
MOB4	1	MOBKL3	
RPS10P7	1	RPS10P7	
YRDC	1	YRDC	
IBTK	1	IBTK	
MOB2	1	MOB2	
TMEM51-AS1	1	C1orf126	
OGN	1	OGN	
TBXAS1	1	TBXAS1	
CNTROB	1	CNTROB	
SP140L	1	SP140L	
OGT	1	OGT	
SNAP25	1	SNAP25	
RMND1	1	RMND1	
SNAP23	1	SNAP23	
MBL1P	1	MBL1P	
C14orf28	1	C14orf28	
NRGN	1	NRGN	
ALAD	1	ALAD	
EXO1	1	EXO1	
PPP6R1	1	SAPS1	
PPP6R2	1	SAPS2	
PPP6R3	1	SAPS3	
EXO5	1	DEM1	
LINC00574	1	C6orf208	
SMIM10	1	LOC644538	
SNAP29	1	SNAP29	
SMIM12	1	C1orf212	
SMIM11	1	FAM165B	
ATP6V0E2-AS1	1	LOC401431	
ACTR3	1	ACTR3	
SMIM14	1	C4orf34	
ACTR2	1	ACTR2	
SMIM13	1	LOC221710	
SMIM15	1	C5orf43	
ADGRV1	1	GPR98	
ACTR6	1	ACTR6	
ACTR5	1	ACTR5	
SMIM19	1	C8orf40	
NRG1	1	NRG1	
ACTR8	1	ACTR8	
NRG2	1	NRG2	
MMS22L	1	C6orf167	
IMPACT	1	IMPACT	
LRTOMT	1	LRTOMT	
MYO3B	1	MYO3B	
NRG3	1	NRG3	
NRG4	1	NRG4	
MGC16275	1	MGC16275	
MYO3A	1	MYO3A	
SPACA4	1	SPACA4	
C1GALT1C1L	1	LOC728819	
SPACA6	1	NCRNA00085	
SMIM20	1	C4orf52	
SPACA9	1	C9orf9	
SMIM24	1	C19orf77	
SNAP47	2	SNAP47:LOC100130093	
SMIM26	1	LOC388789	
SMIM29	1	C6orf1	
GTPBP10	1	GTPBP10	
PHKG1	1	PHKG1	
BAHD1	1	BAHD1	
PHKG2	1	PHKG2	
IGF2BP1	1	IGF2BP1	
IGF2BP3	1	IGF2BP3	
SMIM30	1	LOC401397	
IGF2BP2	1	IGF2BP2	
WHAMM	1	WHAMM	
HNRNPA1	1	HNRNPA1	
SMIM32	1	LOC389332	
LINC00598	1	LOC646982	
HNRNPA0	1	HNRNPA0	
TBX1	1	TBX1	
HNRNPA3	1	HNRNPA3	
MYO10	1	MYO10	
EXOG	1	EXOG	
TBX6	1	TBX6	
HNRNPAB	1	HNRNPAB	
MYO19	1	MYO19	
TBX4	1	TBX4	
MYO16	1	MYO16	
TBX3	1	TBX3	
TBX2	1	TBX2	
MFSD14A	1	HIAT1	
MYO1D	1	MYO1D	
MFSD14B	1	HIATL1	
MYO1E	1	MYO1E	
MYO1B	1	MYO1B	
PINK1	1	PINK1	
MYO1C	1	MYO1C	
SUCLA2	1	SUCLA2	
MYO1A	1	MYO1A	
LINC00589	1	C8orf75	
MYO1H	1	MYO1H	
SMIM45	1	LOC339674	
MYO1F	1	MYO1F	
MYO1G	1	MYO1G	
CPNE9	1	CPNE9	
NPFFR2	1	NPFFR2	
CPNE8	1	CPNE8	
SMARCB1	1	SMARCB1	
CCDC89	1	CCDC89	
CPNE5	1	CPNE5	
CPNE4	1	CPNE4	
CPNE7	1	CPNE7	
CRKL	1	CRKL	
HERC5	1	HERC5	
HERC4	1	HERC4	
C1GALT1C1	1	C1GALT1C1	
HERC3	1	HERC3	
CCDC91	1	CCDC91	
HERC2	1	HERC2	
ADGRA1	1	GPR123	
HERC1	1	HERC1	
OPHN1	1	OPHN1	
ADGRA2	1	GPR124	
CPNE1	1	CPNE1	
CCDC97	1	CCDC97	
CPNE3	1	CPNE3	
CPNE2	1	CPNE2	
PTGFRN	1	PTGFRN	
CCDC92	1	CCDC92	
CCDC93	1	CCDC93	
SCAPER	1	SCAPER	
HERC6	1	HERC6	
ALG8	1	ALG8	
SMARCC1	1	SMARCC1	
ALG9	1	ALG9	
SMARCC2	1	SMARCC2	
ACTN3	1	ACTN3	
ALG6	1	ALG6	
CCDC78	1	CCDC78	
KCNK10	1	KCNK10	
ACTN2	1	ACTN2	
ACTN1	1	ACTN1	
KCNK12	1	KCNK12	
ALG5	1	ALG5	
KCNK13	1	KCNK13	
OMD	1	OMD	
ALG2	1	ALG2	
MYO7B	1	MYO7B	
OMG	1	OMG	
ALG3	1	ALG3	
KCNK15	1	KCNK15	
TALDO1	1	TALDO1	
ADGRA3	1	GPR125	
KCNK16	1	KCNK16	
MOGS	1	MOGS	
ACTN4	1	ACTN4	
ALG1	1	ALG1	
KCNK17	1	KCNK17	
MYO7A	1	MYO7A	
CCDC80	1	CCDC80	
OMP	1	OMP	
ADGRB2	1	BAI2	
ADGRB3	1	BAI3	
ADGRB1	1	BAI1	
CCDC86	1	CCDC86	
CCDC87	1	CCDC87	
CCDC81	1	CCDC81	
CCDC82	1	CCDC82	
SLC45A4	1	SLC45A4	
SLC45A2	1	SLC45A2	
NRN1	1	NRN1	
SLC45A3	1	SLC45A3	
EPAS1	1	EPAS1	
EPB41	1	EPB41	
SLC45A1	1	SLC45A1	
CEND1	1	CEND1	
CRMA	1	C20orf200	
RTBDN	1	RTBDN	
RANBP17	1	RANBP17	
SMARCA5	1	SMARCA5	
MYO5A	1	MYO5A	
CCDC9B	1	C15orf52	
SMARCA1	1	SMARCA1	
SMARCA2	1	SMARCA2	
SMARCA4	1	SMARCA4	
EXT1	1	EXT1	
EXT2	1	EXT2	
AMZ2P1	1	AMZ2P1	
MYO5B	1	MYO5B	
ZUP1	1	ZUFSP	
MYO5C	1	MYO5C	
ECHDC1	1	ECHDC1	
RANBP10	1	RANBP10	
ECHDC2	1	ECHDC2	
GNRH1	1	GNRH1	
ECHDC3	1	ECHDC3	
NOL10	1	NOL10	
NOL11	1	NOL11	
NOL12	1	NOL12	
CSRNP1	1	CSRNP1	
NRP1	1	NRP1	
CSRNP2	1	CSRNP2	
NRP2	1	NRP2	
CSRNP3	1	CSRNP3	
PYROXD1	1	PYROXD1	
PAK1IP1	1	PAK1IP1	
ICA1	1	ICA1	
OTUD7A	1	OTUD7A	
OTUD7B	1	OTUD7B	
CROT	1	CROT	
THTPA	1	THTPA	
NUDCD3	1	NUDCD3	
NUDCD2	1	NUDCD2	
NUDCD1	1	NUDCD1	
OTUD6B	1	OTUD6B	
GNRHR	1	GNRHR	
MUC12	1	MUC12	
MUC13	1	MUC13	
UFD1	1	UFD1L	
MUC15	1	MUC15	
SREBF1	1	SREBF1	
SFTPD	1	SFTPD	
KIF7	1	KIF7	
KIF6	1	KIF6	
SREBF2	1	SREBF2	
DUS2	1	DUS2L	
DEPDC7	1	DEPDC7	
KIF9	1	KIF9	
PDIK1L	1	PDIK1L	
DEPDC1	1	DEPDC1	
UFC1	1	UFC1	
DEPDC5	1	DEPDC5	
EEF1E1	1	EEF1E1	
DEPDC4	1	DEPDC4	
CAB39	1	CAB39	
C1orf35	1	C1orf35	
HSD17B3	1	HSD17B3	
HSD17B4	1	HSD17B4	
HSD17B6	1	HSD17B6	
HSD17B7	1	HSD17B7	
SLED1	1	SLED1	
HSD17B8	1	HSD17B8	
RANBP3L	1	RANBP3L	
OS9	1	OS9	
HSD17B1	1	HSD17B1	
HSD17B2	1	HSD17B2	
PGGT1B	1	PGGT1B	
CHRNA10	1	CHRNA10	
RIBC1	1	RIBC1	
H1-10-AS1	1	C3orf47	
ISCA1P1	1	ISCA1P1	
RIBC2	1	RIBC2	
MON2	1	MON2	
C1orf21	1	C1orf21	
OSM	1	OSM	
MYO9B	1	MYO9B	
MYO9A	1	MYO9A	
BOP1	1	BOP1	
NOL4L	1	C20orf112	
TCEA3	1	TCEA3	
TCEA2	1	TCEA2	
TCAP	1	TCAP	
TCEA1	1	TCEA1	
FAM133CP	1	LOC728640	
OTC	1	OTC	
C1orf50	1	C1orf50	
OTUD4	1	OTUD4	
OTUD5	1	OTUD5	
C1orf52	1	C1orf52	
CRTC2	1	CRTC2	
C1orf53	1	C1orf53	
CRTC3	1	CRTC3	
C1orf54	1	C1orf54	
ICE1	1	KIAA0947	
UBXN2B	1	UBXN2B	
CRTC1	1	CRTC1	
ICE2	1	NARG2	
UBXN2A	1	UBXN2A	
C1orf56	1	C1orf56	
LOXL3	1	LOXL3	
BUB1B	1	BUB1B	
LOXL4	1	LOXL4	
PEBP1	1	PEBP1	
CAAP1	1	C9orf82	
COX6A1	1	COX6A1	
NR3C1	1	NR3C1	
ACTG2	1	ACTG2	
LOXL1	1	LOXL1	
ACTG1	1	ACTG1	
LOXL2	1	LOXL2	
NR3C2	1	NR3C2	
EEF1B2	1	EEF1B2	
AMMECR1L	1	AMMECR1L	
PEBP4	1	PEBP4	
TEKT2	1	TEKT2	
RPP38-DT	1	C10orf111	
TEKT3	1	TEKT3	
NRTN	1	NRTN	
TEKT4	1	TEKT4	
TEKT5	1	TEKT5	
MORC3	1	MORC3	
BORA	1	C13orf34	
MORC4	1	MORC4	
C1orf43	1	C1orf43	
COX6B2	1	COX6B2	
COX6B1	1	COX6B1	
YBX3P1	1	CSDAP1	
EEF1A1	1	EEF1A1	
GPRIN3	1	GPRIN3	
GPRIN2	1	GPRIN2	
PRR15L	1	PRR15L	
GPRIN1	1	GPRIN1	
EEF1A2	1	EEF1A2	
WBP11P1	1	WBP11P1	
C1orf74	1	C1orf74	
UBIAD1	1	UBIAD1	
DIABLO	1	DIABLO	
TCF7	1	TCF7	
PKD1P1	1	LOC339047	
ADGRG3	1	GPR97	
ADGRG1	1	GPR56	
ODF2L	1	ODF2L	
ADGRG2	1	GPR64	
SHARPIN	1	SHARPIN	
ADGRG7	1	GPR128	
ADGRG5	1	GPR114	
ADGRG6	1	GPR126	
LLPH	1	LLPH	
VILL	1	VILL	
MORC2	1	MORC2	
QSER1	1	QSER1	
EEFSEC	1	EEFSEC	
CRTAP	1	CRTAP	
MUC16	1	MUC16	
MUC17	1	MUC17	
RARRES2	1	RARRES2	
CRTAM	1	CRTAM	
RARRES1	1	RARRES1	
HOOK3	1	HOOK3	
VIL1	1	VIL1	
FAM151B	1	FAM151B	
HOOK2	1	HOOK2	
UBXN11	1	UBXN11	
ALPP	1	ALPP	
HOOK1	1	HOOK1	
UBXN10	1	UBXN10	
NABP2	1	OBFC2B	
ALPL	1	ALPL	
NABP1	1	OBFC2A	
AMOTL2	1	AMOTL2	
DEGS1	1	DEGS1	
PYROXD2	1	PYROXD2	
TCF4	1	TCF4	
AMOTL1	1	AMOTL1	
DEGS2	1	DEGS2	
TCF3	1	TCF3	
ALPG	1	ALPPL2	
DNAL4	1	DNAL4	
MUC20	1	MUC20	
DNAL1	1	DNAL1	
GALK2	1	GALK2	
MUC21	1	MUC21	
GALK1	1	GALK1	
PINX1	1	PINX1	
TCHH	1	TCHH	
TENT4A	1	PAPD7	
TENT4B	1	PAPD5	
CABIN1	1	CABIN1	
ADGRE1	1	EMR1	
TCHP	1	TCHP	
ADGRE2	1	EMR2	
UFL1	1	KIAA0776	
ACTG1P25	1	LOC148709	
ADGRE5	1	CD97	
ADGRE3	1	EMR3	
RB1CC1	1	RB1CC1	
GDAP1L1	1	GDAP1L1	
DNAI4	1	WDR78	
MYOCD	1	MYOCD	
DNAI3	1	WDR63	
DCAKD	1	DCAKD	
DNAI7	1	CASC1	
CYP4A11	1	CYP4A11	
TENT5A	1	FAM46A	
TENT5B	1	FAM46B	
TENT5C	1	FAM46C	
ACTA2	1	ACTA2	
ACTA1	1	ACTA1	
ADGRF3	1	GPR113	
ADGRF1	1	GPR110	
ALS2	1	ALS2	
ADGRF4	1	GPR115	
CRY2	1	CRY2	
FAM153A	1	FAM153A	
ADGRF5	1	GPR116	
CHI3L2	1	CHI3L2	
CRY1	1	CRY1	
CHI3L1	1	CHI3L1	
OTUB1	1	OTUB1	
DNAH3	1	DNAH3	
OTUB2	1	OTUB2	
DNAH1	1	DNAH1	
DNAH2	1	DNAH2	
DNAH7	1	DNAH7	
DNAH5	1	DNAH5	
DNAH6	1	DNAH6	
ASAP3	1	ASAP3	
ASB13	1	ASB13	
ASB14	1	ASB14	
PKD1L1	1	PKD1L1	
ASAP1	1	ASAP1	
DNAH9	1	DNAH9	
PKD1L2	1	PKD1L2	
ASAP2	1	ASAP2	
ASB12	1	ASB12	
PKD1L3	1	PKD1L3	
ASB16	1	ASB16	
CRYZ	1	CRYZ	
FAM156A	1	FAM156A	
SEPHS1P1	1	LOC168474	
CRYM	1	CRYM	
DNAI1	1	DNAI1	
OR51E1	1	OR51E1	
CDK11A	1	CDK11A	
EYA1	1	EYA1	
EYA2	1	EYA2	
EYA3	1	EYA3	
EYA4	1	EYA4	
OR51E2	1	OR51E2	
MUC5B	1	MUC5B	
CDK11B	1	CDK11B	
GALNS	1	GALNS	
ADGRD1	1	GPR133	
UFM1	1	UFM1	
ACTC1	1	ACTC1	
TCIM	1	C8orf4	
MORF4	1	MORF4	
OTUD1	1	OTUD1	
OTUD3	1	OTUD3	
NCKAP1	1	NCKAP1	
XYLT2	1	XYLT2	
XYLT1	1	XYLT1	
FGFRL1	1	FGFRL1	
NAA80	1	NAT6	
CEP95	1	CCDC45	
DHRS4L1	1	DHRS4L1	
DHRS4L2	1	DHRS4L2	
CEP97	1	CEP97	
NCKAP5	1	NCKAP5	
COL23A1	1	COL23A1	
ATG10	1	ATG10	
FNDC3B	1	FNDC3B	
FNDC3A	1	FNDC3A	
ATG14	1	KIAA0831	
ATG13	1	KIAA0652	
ATG12	1	ATG12	
GABRG2	1	GABRG2	
TCL6	1	TCL6	
OTULINL	1	FAM105A	
LRPAP1	1	LRPAP1	
NAA60	1	NAT15	
PRKRIP1	1	PRKRIP1	
RNPC3	1	RNPC3	
FLRT2	1	FLRT2	
FLRT3	1	FLRT3	
CEP70	1	CEP70	
FLRT1	1	FLRT1	
ALX3	1	ALX3	
MCMBP	1	C10orf119	
CEP72	1	CEP72	
ICOS	1	ICOS	
CEP76	1	CEP76	
KAT14	1	CSRP2BP	
CEP78	1	CEP78	
NAA50	1	NAA50	
AFAP1L2	1	AFAP1L2	
MAPK8IP1P2	1	LOC644172	
STARD13	1	STARD13	
AFAP1L1	1	AFAP1L1	
ICMT	1	ICMT	
SNAPIN	1	SNAPIN	
STARD10	1	STARD10	
NFATC3	1	NFATC3	
NFATC2	1	NFATC2	
NFATC1	1	NFATC1	
NR1D2	1	NR1D2	
NR1D1	1	NR1D1	
NFATC4	1	NFATC4	
GNPTG	1	GNPTG	
TCN2	1	TCN2	
TCN1	1	TCN1	
PAH	1	PAH	
ATG2A	1	ATG2A	
FNDC11	1	C20orf195	
CEP83	1	CCDC41	
LINC00426	1	LOC100188949	
CEP85	1	CCDC21	
FARSA	1	FARSA	
PAM	1	PAM	
ATG2B	1	ATG2B	
CEP89	1	CCDC123	
FARSB	1	FARSB	
CEP57	1	CEP57	
GABRB3	1	GABRB3	
MESP2	1	MESP2	
GABRB2	1	GABRB2	
MESP1	1	MESP1	
PYGB	1	PYGB	
NRSN2	1	NRSN2	
NRSN1	1	NRSN1	
ID2B	1	ID2B	
PYGM	1	PYGM	
PYGL	1	PYGL	
CSAD	1	CSAD	
VSIG10	1	VSIG10	
FARS2	1	FARS2	
AIFM3	1	AIFM3	
AIFM1	1	AIFM1	
AIFM2	1	AIFM2	
PEA15	1	PEA15	
PBK	1	PBK	
COL10A1	1	COL10A1	
CEP55	1	CEP55	
CEP68	1	CEP68	
ABCA17P	1	ABCA17P	
LY6S-AS1	1	C8orf31	
CA5BP1	1	CA5BP	
HADHB	1	HADHB	
HADHA	1	HADHA	
KAT2B	1	KAT2B	
KAT2A	1	KAT2A	
NSA2	1	NSA2	
HEATR5A	1	HEATR5A	
HEATR5B	1	HEATR5B	
TCP1	1	TCP1	
C18orf54	1	C18orf54	
CEP63	1	CEP63	
SLCO4A1-AS1	1	LOC100127888	
CLDND2	1	CLDND2	
CLDND1	1	CLDND1	
NR1I3	1	NR1I3	
NR1I2	1	NR1I2	
ASCL1	1	ASCL1	
ASCL2	1	ASCL2	
NSD3	1	WHSC1L1	
DHRSX	1	DHRSX	
PDF	1	PDF	
EPCAM	1	EPCAM	
ALOX5	1	ALOX5	
NSD1	1	NSD1	
NSD2	1	WHSC1	
FARP2	1	FARP2	
GABRA2	1	GABRA2	
FARP1	1	FARP1	
GABRA5	1	GABRA5	
GABRA4	1	GABRA4	
NR1H2	1	NR1H2	
NR1H4	1	NR1H4	
NR1H3	1	NR1H3	
DHRS1	1	DHRS1	
DHRS2	1	DHRS2	
DHRS3	1	DHRS3	
ABCA15P	1	NCRNA00169	
DHRS4	1	DHRS4	
DHRS7	1	DHRS7	
DHRS9	1	DHRS9	
CLCF1	1	CLCF1	
C18orf32	1	C18orf32	
CEP41	1	TSGA14	
CEP43	1	FGFR1OP	
CEP44	1	KIAA1712	
PF4	1	PF4	
CEP15	1	C3orf14	
CSF3	1	CSF3	
CSF2	1	CSF2	
CSF1	1	CSF1	
CEP19	1	C3orf34	
LAMP5	1	C20orf103	
CYSLTR1	1	CYSLTR1	
HMGN4	1	HMGN4	
CYSLTR2	1	CYSLTR2	
HMGN5	1	HMGN5	
LAMP1	1	LAMP1	
MPC1	1	BRP44L	
MPC2	1	BRP44	
LAMP3	1	LAMP3	
PAPOLG	1	PAPOLG	
LAMP2	1	LAMP2	
PAPOLA	1	PAPOLA	
C18orf21	1	C18orf21	
CLCC1	1	CLCC1	
MB21D2	1	C3orf59	
HMGN2	1	HMGN2	
HMGN3	1	HMGN3	
HMGN1	1	HMGN1	
MAGI1	1	MAGI1	
LINC00494	1	LOC284749	
MAGI3	1	MAGI3	
MAGI2	1	MAGI2	
VASH2	1	VASH2	
FRMD4A	1	FRMD4A	
FRMD4B	1	FRMD4B	
VASH1	1	VASH1	
PGD	1	PGD	
MIR100HG	1	LOC399959	
PGC	1	PGC	
PGF	1	PGF	
GOLGA8B	1	GOLGA8B	
EBNA1BP2	1	EBNA1BP2	
KAT6B	1	MYST4	
KAT6A	1	MYST3	
PGP	1	PGP	
TSSK6	1	TSSK6	
PGR	1	PGR	
TSSK3	1	TSSK3	
STAMBP	1	STAMBP	
TCTA	1	TCTA	
TSSK4	1	TSSK4	
CEP20	1	C16orf63	
GOLGA8A	1	GOLGA8A	
CCDC24	1	CCDC24	
CCDC25	1	CCDC25	
KRBOX4	1	ZNF673	
KRBOX5	1	ZNF720	
GOLGA7B	1	GOLGA7B	
ZNF767P	1	ZNF767	
DVL1	1	DVL1	
CCDC30	1	CCDC30	
CLCA2	1	CLCA2	
DVL2	1	DVL2	
DVL3	1	DVL3	
CCDC32	1	C15orf57	
CCDC33	1	CCDC33	
PI3	1	PI3	
MPDZ	1	MPDZ	
CLCA4	1	CLCA4	
TRAPPC2	1	TRAPPC2	
CCDC17	1	CCDC17	
TRAPPC3	1	TRAPPC3	
CCDC18	1	CCDC18	
TRAPPC1	1	TRAPPC1	
AMBP	1	AMBP	
CCDC12	1	CCDC12	
CCDC13	1	CCDC13	
CCDC14	1	CCDC14	
TRAPPC4	1	TRAPPC4	
CCDC15	1	CCDC15	
TRAPPC5	1	TRAPPC5	
PYM1	1	WIBG	
TRAPPC8	1	KIAA1012	
NSG1	1	D4S234E	
TRAPPC9	1	TRAPPC9	
CNIH1	1	CNIH	
FRG1BP	1	FRG1B	
INS-IGF2	1	INS-IGF2	
NSG2	1	HMP19	
PIR	1	PIR	
CCDC22	1	CCDC22	
CNIH2	1	CNIH2	
CNIH3	1	CNIH3	
RSL24D1	1	RSL24D1	
CNIH4	1	CNIH4	
CCDC47	1	CCDC47	
AMD1	1	AMD1	
TCIRG1	1	TCIRG1	
ADAMTS4	1	ADAMTS4	
ADAMTS5	1	ADAMTS5	
ADAMTS2	1	ADAMTS2	
ADAMTS3	1	ADAMTS3	
ADAMTS1	1	ADAMTS1	
RNPEP	1	RNPEP	
EMILIN3	1	EMILIN3	
IDH3B	1	IDH3B	
EMILIN2	1	EMILIN2	
EMILIN1	1	EMILIN1	
NPIPA1	1	NPIP	
HMGCS2	1	HMGCS2	
ADAMTS8	1	ADAMTS8	
ADAMTS9	1	ADAMTS9	
ADAMTS6	1	ADAMTS6	
CCDC50	1	CCDC50	
ADAMTS7	1	ADAMTS7	
CCDC51	1	CCDC51	
IDH3A	1	IDH3A	
CCDC39	1	CCDC39	
TRPC6	1	TRPC6	
CCDC34	1	CCDC34	
HMGCS1	1	HMGCS1	
TRPC3	1	TRPC3	
TRPC4	1	TRPC4	
TRPC1	1	TRPC1	
TRPC2	1	TRPC2	
PCDHGB8P	1	PCDHGB8P	
BPGM	1	BPGM	
PKM	1	PKM2	
NEMP2	1	TMEM194B	
POLR1A	2	POLR1A:LOC90784	
POLR1B	1	POLR1B	
NOS1AP	1	NOS1AP	
POLR1C	1	POLR1C	
POLR1D	1	POLR1D	
POLR1E	1	POLR1E	
CCDC43	1	CCDC43	
POLR1F	1	TWISTNB	
POLR1G	1	CD3EAP	
NEMP1	1	TMEM194A	
POLR1H	1	ZNRD1	
CCDC40	1	CCDC40	
LINC00482	1	C17orf55	
NUFIP1	1	NUFIP1	
TSSC4	1	TSSC4	
NUFIP2	1	NUFIP2	
CCDC68	1	CCDC68	
TSSC2	1	LOC650368	
CCDC69	1	CCDC69	
BPHL	1	BPHL	
THSD1	1	THSD1	
TMA16	1	C4orf43	
LMF2	1	LMF2	
NSL1	1	NSL1	
THSD4	1	THSD4	
LMF1	1	LMF1	
PLN	1	PLN	
POLR2A	1	POLR2A	
POLR2B	1	POLR2B	
POLR2C	1	POLR2C	
POLR2D	1	POLR2D	
LINC00479	1	C21orf129	
POLR2E	1	POLR2E	
POLR2F	1	POLR2F	
ASCC2	1	ASCC2	
POLR2G	1	POLR2G	
ASCC3	1	ASCC3	
CCDC77	1	CCDC77	
POLR2H	1	POLR2H	
LINC00475	1	C9orf44	
POLR2I	1	POLR2I	
CCDC71	1	CCDC71	
POLR2J	1	POLR2J	
POLR2K	1	POLR2K	
CCDC73	1	CCDC73	
JAZF1	1	JAZF1	
KLRA1P	1	KLRA1	
POLR2L	1	POLR2L	
LINC00471	1	C2orf52	
POLR2M	1	GRINL1A	
LINC00472	1	C6orf155	
TRPA1	1	TRPA1	
ASCC1	1	ASCC1	
CCDC57	1	CCDC57	
IDH3G	1	IDH3G	
AMFR	1	AMFR	
CCDC59	1	CCDC59	
PML	1	PML	
FRAS1	1	FRAS1	
POLR3A	1	POLR3A	
POLR3B	1	POLR3B	
POLR3C	1	POLR3C	
ZGLP1	1	ZGLP1	
POLR3D	1	POLR3D	
POLR3E	1	POLR3E	
POLR3F	1	POLR3F	
MAGIX	1	MAGIX	
NPIPB3	1	NPIPL3	
POLR3G	1	POLR3G	
CCDC65	1	CCDC65	
POLR3H	1	POLR3H	
CCDC66	1	CCDC66	
POLR3K	1	POLR3K	
CCDC61	1	CCDC61	
LINC00467	1	C1orf97	
CCDC62	1	CCDC62	
NPIPB5	1	LOC100132247	
KLHDC7A	1	KLHDC7A	
KLHDC7B	1	KLHDC7B	
PNN	1	PNN	
FRAT1	1	FRAT1	
FRAT2	1	FRAT2	
PNP	1	PNP	
MAGOH	1	MAGOH	
C20orf204	1	NCRNA00176	
C20orf202	1	C20orf202	
C20orf203	1	C20orf203	
SPACDR	1	C7orf61	
UHMK1	1	UHMK1	
POR	1	POR	
ZW10	1	ZW10	
SUCLG2	1	SUCLG2	
NSMF	1	NELF	
SUCLG1	1	SUCLG1	
CTAGE15	1	LOC441294	
C2CD4A	1	C2CD4A	
C2CD4B	1	C2CD4B	
C2CD4C	1	C2CD4C	
HNRNPLL	1	HNRPLL	
PPL	1	PPL	
TRPM2	1	TRPM2	
UGCG	1	UGCG	
ABCC6P1	1	ABCC6P1	
ZNHIT2	1	ZNHIT2	
ABCC6P2	1	ABCC6P2	
ZNHIT1	1	ZNHIT1	
ZNHIT3	1	ZNHIT3	
ZNHIT6	1	ZNHIT6	
PPY	1	PPY	
TRPM7	1	TRPM7	
TRPM8	1	TRPM8	
TRPM5	1	TRPM5	
TRPM6	1	TRPM6	
TRPM3	1	TRPM3	
TRPM4	1	TRPM4	
KLHDC8B	1	KLHDC8B	
SNAP91	1	SNAP91	
PM20D1	1	PM20D1	
PM20D2	1	PM20D2	
CABYR	1	CABYR	
KLHDC8A	1	KLHDC8A	
RNPS1	1	RNPS1	
AGAP7P	1	AGAP7	
C2CD2L	1	C2CD2L	
SLC44A5	1	SLC44A5	
SLC44A3	1	SLC44A3	
SLC44A4	1	SLC44A4	
SLC44A1	1	SLC44A1	
SLC44A2	1	SLC44A2	
HEPACAM2	1	HEPACAM2	
MAGT1	1	MAGT1	
SPPL3	1	SPPL3	
GABRR2	1	GABRR2	
CLDN20	1	CLDN20	
GABRR1	1	GABRR1	
XPO1	1	XPO1	
XPO4	1	XPO4	
XPO6	1	XPO6	
CLDN23	1	CLDN23	
PRX	1	PRX	
XPO5	1	XPO5	
PSD	1	PSD	
PGGHG	1	ATHL1	
CLDN11	1	CLDN11	
CLDN10	1	CLDN10	
UGDH	1	UGDH	
C2CD4D	1	C2CD4D	
CLDN15	1	CLDN15	
CLDN14	1	CLDN14	
HNRNPH1	1	HNRNPH1	
CLDN12	1	CLDN12	
CLDN18	1	CLDN18	
HNRNPH2	1	HNRNPH2	
CLDN16	1	CLDN16	
HNRNPH3	1	HNRNPH3	
MPND	1	MPND	
C1QB	1	C1QB	
PTGER4	1	PTGER4	
C1QA	1	C1QA	
CSTB	1	CSTB	
IFT70B	1	TTC30B	
CSTA	1	CSTA	
IFT70A	1	TTC30A	
PTGER1	1	PTGER1	
HAAO	1	HAAO	
PTGER2	1	PTGER2	
ENSG00000213963	1	LOC100130691	
PTGER3	1	PTGER3	
SAA4	1	SAA4	
PTN	1	PTN	
CST7	1	CST7	
CST6	1	CST6	
CST5	1	CST5	
PTS	1	PTS	
CST4	1	CST4	
CST3	1	CST3	
NT5C	1	NT5C	
AMN1	1	AMN1	
CST2	1	CST2	
CST1	1	CST1	
NT5E	1	NT5E	
LMNA	1	LMNA	
NT5M	1	NT5M	
LMLN	1	LMLN	
MPP1	1	MPP1	
MPP2	1	MPP2	
MPP3	1	MPP3	
MPP4	1	MPP4	
SLC31A2	1	SLC31A2	
PTGES2	1	PTGES2	
SLC31A1	1	SLC31A1	
PTGES3	1	PTGES3	
PYY2	1	PYY2	
LSAMP	1	LSAMP	
XPO7	1	XPO7	
PKDREJ	1	PKDREJ	
MPP7	1	MPP7	
KBTBD3	1	KBTBD3	
KBTBD4	1	KBTBD4	
CT62	1	CT62	
KBTBD6	1	KBTBD6	
XPOT	1	XPOT	
KBTBD2	1	KBTBD2	
SAA1	1	SAA1	
SAA2	1	SAA2	
KBTBD7	1	KBTBD7	
KBTBD8	1	KBTBD8	
C1QC	1	C1QC	
RIPOR3	1	FAM65C	
RIPOR2	1	FAM65B	
RIPOR1	1	FAM65A	
CWC25	1	CWC25	
CWC27	1	CWC27	
PVR	1	PVR	
AMOT	1	AMOT	
FAM162B	1	FAM162B	
FAM162A	1	FAM162A	
RBMX2	1	RBMX2	
C1RL	1	C1RL	
CWC22	1	CWC22	
SACS	1	SACS	
HADH	1	HADH	
CHRNB2	1	CHRNB2	
LMO1	1	LMO1	
CHRNB1	1	CHRNB1	
CHRNB4	1	CHRNB4	
WNT5B	1	WNT5B	
LMO4	1	LMO4	
LMO3	1	LMO3	
LMO2	1	LMO2	
WNT5A	1	WNT5A	
LMO7	1	LMO7	
FAM161A	1	FAM161A	
AMPH	1	AMPH	
FAM161B	1	FAM161B	
XPR1	1	XPR1	
CHRNA1	1	CHRNA1	
IDI1	1	IDI1	
RASL12	1	RASL12	
CHRNA3	1	CHRNA3	
PXK	1	PXK	
CHRNA5	1	CHRNA5	
CABP7	1	CABP7	
CABP4	1	CABP4	
CHRNA7	1	CHRNA7	
IDI2	1	IDI2	
CHRNA6	1	CHRNA6	
PXN	1	PXN	
CABP1	1	CABP1	
BPTF	1	BPTF	
KLHDC10	1	KLHDC10	
KLHDC2	1	KLHDC2	
MPST	1	MPST	
KLHDC3	1	KLHDC3	
KLHDC4	2	KLHDC4:LOC100129637	
WNT3A	1	WNT3A	
IDH1	1	IDH1	
IDH2	1	IDH2	
KLHDC1	1	KLHDC1	
TRPV2	1	TRPV2	
SREK1IP1	1	SFRS12IP1	
TRPV3	1	TRPV3	
CWC15	1	CWC15	
TRPV1	1	TRPV1	
PYY	1	PYY	
ABCA11P	1	ABCA11P	
TRPV6	1	TRPV6	
FAM163A	1	FAM163A	
TRPV4	1	TRPV4	
SAE1	1	SAE1	
KLHDC9	1	KLHDC9	
WNT2B	1	WNT2B	
NR2E3	1	NR2E3	
SNAPC5	1	SNAPC5	
SNAPC1	1	SNAPC1	
SNAPC2	1	SNAPC2	
SNAPC3	1	SNAPC3	
TRPS1	1	TRPS1	
SNAPC4	1	SNAPC4	
TRPT1	1	TRPT1	
SAFB	1	SAFB	
WNT16	1	WNT16	
PEAK3	1	C19orf35	
IGDCC4	1	IGDCC4	
IGDCC3	1	IGDCC3	
PFDN1	1	PFDN1	
RBMS1	1	RBMS1	
PFDN2	1	PFDN2	
HAGH	1	HAGH	
PFDN4	1	PFDN4	
PFDN5	1	PFDN5	
PFDN6	1	PFDN6	
RBMS2	1	RBMS2	
PAPPA2	1	PAPPA2	
RBMS3	1	RBMS3	
ATF6B	1	ATF6B	
FAM169A	1	FAM169A	
NR2C2	1	NR2C2	
NR2C1	1	NR2C1	
FAM168B	1	FAM168B	
FAM168A	1	FAM168A	
UGP2	1	UGP2	
WNT11	1	WNT11	
MCRIP2	1	FAM195A	
MCRIP1	1	FAM195B	
PCED1A	1	FAM113A	
PCED1B	1	FAM113B	
TOGARAM2	1	FAM179A	
TOGARAM1	1	FAM179B	
VAT1L	1	VAT1L	
FAM167B	1	FAM167B	
FAM167A	1	FAM167A	
ALDH16A1	1	ALDH16A1	
RAMAC	1	FAM103A1	
EHMT2	1	EHMT2	
TMEM94	1	KIAA0195	
EHMT1	2	EHMT1:FLJ40292	
TMEM97	1	TMEM97	
CLDN2	1	CLDN2	
CLDN1	1	CLDN1	
TMEM91	1	TMEM91	
TMEM92	1	TMEM92	
PSMD8	1	PSMD8	
PSMD9	1	PSMD9	
RABGEF1	1	RABGEF1	
PSMD6	1	PSMD6	
RRN3P2	1	RRN3P2	
PPP4R1	1	PPP4R1	
PSMD7	1	PSMD7	
RRN3P1	1	RRN3P1	
PPP4R2	1	PPP4R2	
PSMD4	1	PSMD4	
TDO2	1	TDO2	
PSMD5	1	PSMD5	
TMEM88	1	TMEM88	
PPP4R4	1	PPP4R4	
PSMD2	1	PSMD2	
PSMD3	1	PSMD3	
PSMD1	1	PSMD1	
RRN3P3	1	RRN3P3	
TMEM8B	2	LOC92973:TMEM8B	
DICER1	1	DICER1	
TMEM80	1	TMEM80	
TMEM81	1	TMEM81	
TMEM82	1	TMEM82	
CLDN6	1	CLDN6	
FAM133B	1	FAM133B	
RUFY1	1	RUFY1	
MOSMO	1	C16orf52	
CLDN5	1	CLDN5	
FAM133A	1	FAM133A	
CLDN4	1	CLDN4	
CLDN3	1	CLDN3	
CLDN9	1	CLDN9	
RUFY4	1	RUFY4	
CLDN8	1	CLDN8	
PSME3	1	PSME3	
RUFY3	1	RUFY3	
CLDN7	1	CLDN7	
PSME4	1	PSME4	
RUFY2	1	RUFY2	
TMEM79	1	TMEM79	
PSME1	1	PSME1	
PSME2	1	PSME2	
IDNK	1	C9orf103	
IDO2	1	IDO2	
IDO1	1	IDO1	
TTYH3	1	TTYH3	
TTYH2	1	TTYH2	
TTYH1	1	TTYH1	
MRPL18	1	MRPL18	
MRPL19	1	MRPL19	
AGAP2	1	AGAP2	
CLCNKB	1	CLCNKB	
IL20RA	1	IL20RA	
MRPL16	1	MRPL16	
AGAP1	1	AGAP1	
CLCNKA	1	CLCNKA	
IL20RB	1	IL20RB	
MRPL17	1	MRPL17	
AGAP4	2	AGAP8:AGAP4	
MRPL14	1	MRPL14	
AGAP3	1	AGAP3	
MRPL15	1	MRPL15	
MRPL12	1	MRPL12	
MRPL13	1	MRPL13	
MRPL10	1	MRPL10	
MRPL11	1	MRPL11	
MRPL20	1	MRPL20	
UGT8	1	UGT8	
KCNMB1	1	KCNMB1	
KCNMB2	1	KCNMB2	
HESX1	1	HESX1	
KCNMB3	1	KCNMB3	
KCNMB4	1	KCNMB4	
AMZ2	1	AMZ2	
FAM83A-AS1	1	LOC100131726	
PSMF1	1	PSMF1	
PUSL1	1	PUSL1	
AMZ1	1	AMZ1	
CTC1	1	C17orf68	
CADM3	1	CADM3	
CADM4	1	CADM4	
CADM1	1	CADM1	
COL24A1	1	COL24A1	
CADM2	1	CADM2	
MRPL27	1	MRPL27	
MRPL28	1	MRPL28	
FAM136A	1	FAM136A	
MRPL23	1	MRPL23	
MRPL24	1	MRPL24	
MRPL21	1	MRPL21	
MRPL22	1	MRPL22	
ABTB2	1	ABTB2	
MRPL30	1	MRPL30	
ABTB1	1	ABTB1	
FAM135B	1	FAM135B	
FAM135A	1	FAM135A	
TMEM98	1	TMEM98	
TDP2	1	TDP2	
TDP1	1	TDP1	
ABTB3	1	BTBD11	
PSMG3	1	PSMG3	
PSMG4	1	PSMG4	
PSMG1	1	PSMG1	
PSMG2	1	PSMG2	
HAMP	1	HAMP	
EZH1	1	EZH1	
TMEM9B	1	TMEM9B	
EZH2	1	EZH2	
WFIKKN1	1	WFIKKN1	
WFIKKN2	1	WFIKKN2	
MRPL38	1	MRPL38	
TDRP	1	C8orf42	
MRPL39	1	MRPL39	
TMEM51	1	TMEM51	
EFCAB5	1	EFCAB5	
MRPL36	1	MRPL36	
TMEM52	1	TMEM52	
CTCF	1	CTCF	
EFCAB6	1	EFCAB6	
MRPL37	1	MRPL37	
TMEM53	1	TMEM53	
EFCAB7	1	EFCAB7	
MRPL34	1	MRPL34	
RCSD1	1	RCSD1	
MRPL35	1	MRPL35	
MRPL32	1	MRPL32	
MRPL33	1	MRPL33	
MRPL41	1	MRPL41	
TMEM47	1	TMEM47	
MRPL42	1	MRPL42	
TRMT112	1	TRMT112	
MRPL40	1	MRPL40	
TMEM43	1	TMEM43	
TMEM44	1	TMEM44	
FASTK	1	FASTK	
EFCAB2	1	EFCAB2	
CTBS	1	CTBS	
LEFTY1	1	LEFTY1	
EIPR1	1	TSSC1	
MRPL49	1	MRPL49	
TMEM40	1	TMEM40	
MRPL47	1	MRPL47	
MRPL48	1	MRPL48	
TMEM42	1	TMEM42	
MRPL45	1	MRPL45	
MRPL46	1	MRPL46	
MRPL43	1	MRPL43	
MRPL44	1	MRPL44	
MZT2B	1	FAM128B	
MRPL52	1	MRPL52	
PSMA5	1	PSMA5	
MZT2A	1	FAM128A	
MRPL53	1	MRPL53	
PSMA6	1	PSMA6	
TMEM37	1	TMEM37	
MBLAC1	1	MBLAC1	
MRPL50	1	MRPL50	
PSMA3	1	PSMA3	
MBLAC2	1	MBLAC2	
MRPL51	1	MRPL51	
PSMA4	1	PSMA4	
PSMA1	1	PSMA1	
PSMA2	1	PSMA2	
TMEM33	1	TMEM33	
KCNMA1	1	KCNMA1	
HAP1	1	HAP1	
SMTNL2	1	SMTNL2	
SMTNL1	1	SMTNL1	
CTF1	1	CTF1	
DMAC1	1	C9orf123	
DMAC2	1	ATP5SL	
IDUA	1	IDUA	
COL11A1	1	COL11A1	
ZNF518B	1	ZNF518B	
COL11A2	1	COL11A2	
ZNF518A	1	ZNF518A	
MRPL58	1	ICT1	
TMEM74	1	TMEM74	
MRPL57	1	MRP63	
MRPL54	1	MRPL54	
PSMA7	1	PSMA7	
TMEM70	1	TMEM70	
MRPL55	1	MRPL55	
TMEM71	1	TMEM71	
NTF4	1	NTF4	
PSMB6	1	PSMB6	
TMEM69	1	TMEM69	
PSMB7	1	PSMB7	
PSMB4	1	PSMB4	
BTAF1	1	BTAF1	
PSMB5	1	PSMB5	
PSMB2	1	PSMB2	
TMEM65	1	TMEM65	
PSMB3	1	PSMB3	
HAS1	1	HAS1	
TMEM67	1	TMEM67	
NTF3	1	NTF3	
PSMB1	1	PSMB1	
TMEM68	1	TMEM68	
CLPTM1	1	CLPTM1	
HAS3	1	HAS3	
HAS2	1	HAS2	
CEPT1	1	CEPT1	
LEFTY2	1	LEFTY2	
TRMT10A	1	RG9MTD2	
TRMT10B	1	RG9MTD3	
TRMT10C	1	RG9MTD1	
USP9X	1	USP9X	
TMEM61	1	TMEM61	
TMEM62	1	TMEM62	
TMEM64	1	TMEM64	
PLXDC2	1	PLXDC2	
TMCO4	1	TMCO4	
PLXDC1	1	PLXDC1	
TMCO3	1	TMCO3	
PSMB8	1	PSMB8	
PSMB9	1	PSMB9	
TMCO1	1	TMCO1	
TMEM60	1	TMEM60	
SPSB3	1	SPSB3	
SPSB2	1	SPSB2	
TMEM59	1	TMEM59	
PSMC5	1	PSMC5	
SPSB1	1	SPSB1	
TMCO6	1	TMCO6	
PSMC6	1	PSMC6	
PSMC3	1	PSMC3	
TMEM54	1	TMEM54	
PSMC4	1	PSMC4	
PSMC1	1	PSMC1	
PSMC2	1	PSMC2	
SPSB4	1	SPSB4	
NOMO3	1	NOMO3	
UGT1A10	1	UGT1A10	
SAT2	1	SAT2	
SAT1	1	SAT1	
EIF4ENIF1	1	EIF4ENIF1	
SESN3	1	SESN3	
SESN1	1	SESN1	
SCMH1	1	SCMH1	
SESN2	1	SESN2	
NEPRO	1	C3orf17	
NOMO1	1	NOMO1	
NOMO2	1	NOMO2	
UBALD1	1	FAM100A	
PIPOX	1	PIPOX	
UBALD2	1	FAM100B	
HAT1	1	HAT1	
DYDC2	1	DYDC2	
SQSTM1	1	SQSTM1	
TRABD2A	1	C2orf89	
ISG20L2	1	ISG20L2	
CYP19A1	1	CYP19A1	
SAV1	1	SAV1	
TMEM25	1	TMEM25	
CTIF	1	KIAA0427	
TMEM26	1	TMEM26	
MYPOP	1	MYPOP	
RBPMS	1	RBPMS	
TFPI2	1	TFPI2	
DCDC2	1	DCDC2	
DCDC1	1	DCDC1	
QKI	1	QKI	
PTPRD	1	PTPRD	
MLXIPL	1	MLXIPL	
PTPRE	1	PTPRE	
PTPRB	1	PTPRB	
PTPRC	1	PTPRC	
TMEM17	1	TMEM17	
PTPRA	1	PTPRA	
TMEM11	1	TMEM11	
TMEM18	1	TMEM18	
TMEM19	1	TMEM19	
GDPGP1	1	C15orf58	
SLC25A5-AS1	1	LOC100303728	
ZNF512B	1	ZNF512B	
FASLG	1	FASLG	
NADK2	1	C5orf33	
DIS3L2	1	DIS3L2	
HAX1	1	HAX1	
MTRF1L	1	MTRF1L	
AHDC1	1	AHDC1	
USP27X	1	USP27X	
MAK16	1	MAK16	
NTN4	1	NTN4	
NTN5	1	NTN5	
NTN1	1	NTN1	
GANAB	1	GANAB	
PTPN1	1	PTPN1	
CTNS	1	CTNS	
MTRES1	1	C6orf203	
PTPN9	1	PTPN9	
PTPN6	1	PTPN6	
PTPN7	1	PTPN7	
PTPN4	1	PTPN4	
PTPN5	1	PTPN5	
PTPN2	1	PTPN2	
PTPN3	1	PTPN3	
ERRFI1	1	ERRFI1	
KDELR1	1	KDELR1	
THUMPD2	1	THUMPD2	
KEAP1	1	KEAP1	
THUMPD3	1	THUMPD3	
SPATA20	1	SPATA20	
THUMPD1	1	THUMPD1	
SPATA25	1	C20orf165	
SPATA24	1	SPATA24	
KIF21A	1	KIF21A	
KIF21B	1	KIF21B	
SCN1B	1	SCN1B	
ACVR1	1	ACVR1	
ST6GAL1	1	ST6GAL1	
ST6GAL2	1	ST6GAL2	
RSAD2	1	RSAD2	
SFMBT1	1	SFMBT1	
SFMBT2	1	SFMBT2	
RSAD1	1	RSAD1	
ANK2	1	ANK2	
ANK3	1	ANK3	
ANK1	1	ANK1	
SPATA17	1	SPATA17	
SPATA12	1	SPATA12	
SPATA13	1	SPATA13	
ALPK3	1	ALPK3	
KDELR2	1	KDELR2	
ALPK2	1	ALPK2	
KDELR3	1	KDELR3	
KIF20A	1	KIF20A	
WFDC10B	1	WFDC10B	
ALPK1	1	ALPK1	
KIF20B	1	KIF20B	
SPATA18	1	SPATA18	
CTR9	1	CTR9	
WNK4	1	WNK4	
TGOLN2	1	TGOLN2	
ANKH	1	ANKH	
HIVEP1	1	HIVEP1	
SYMPK	1	SYMPK	
HIVEP3	1	HIVEP3	
HIVEP2	1	HIVEP2	
SCN3B	1	SCN3B	
SCN3A	1	SCN3A	
CTSA	1	CTSA	
ANLN	1	ANLN	
CTRL	1	CTRL	
WNK1	2	WNK1:HSN2	
WNK2	1	WNK2	
WNK3	1	WNK3	
SCN2A	1	SCN2A	
CTRC	1	CTRC	
SCN2B	1	SCN2B	
PTPRT	1	PTPRT	
PTPRU	1	PTPRU	
PTPRR	1	PTPRR	
PTPRS	1	PTPRS	
USPL1	1	USPL1	
PTGDR2	1	GPR44	
PTPRQ	1	PTPRQ	
PTPRN	1	PTPRN	
CTSZ	1	CTSZ	
PTPRO	1	PTPRO	
TECR	1	TECR	
PTPRM	1	PTPRM	
CTSW	1	CTSW	
N4BP2L1	1	N4BP2L1	
PTPRJ	1	PTPRJ	
CTSV	1	CTSL2	
PTPRK	1	PTPRK	
PTPRH	1	PTPRH	
N4BP2L2	1	N4BP2L2	
CTSS	1	CTSS	
EDA2R	1	EDA2R	
LARP1B	1	LARP1B	
PTPRF	1	PTPRF	
PTPRG	1	PTPRG	
BABAM1	1	C19orf62	
BABAM2	1	BRE	
CTSO	1	CTSO	
SCML2	1	SCML2	
SCML1	1	SCML1	
SCML4	1	SCML4	
CTSL	1	CTSL1	
CTSK	1	CTSK	
CTSH	1	CTSH	
PIPSL	1	PIPSL	
CTSG	1	CTSG	
CTSF	1	CTSF	
AADACP1	1	LOC201651	
CTSE	1	CTSE	
CTSD	1	CTSD	
CTSC	1	CTSC	
CTSB	1	CTSB	
ANO8	1	ANO8	
PLAAT1	1	HRASLS	
ANO9	1	ANO9	
ANO6	1	ANO6	
HBA2	1	HBA2	
PLAAT3	1	PLA2G16	
ANO7	1	ANO7	
HBA1	1	HBA1	
PLAAT2	1	HRASLS2	
ANO4	1	ANO4	
PLAAT5	1	HRASLS5	
ANO5	1	ANO5	
PLAAT4	1	RARRES3	
ANO2	1	ANO2	
SUPT3H	1	SUPT3H	
ANO3	1	ANO3	
ANO1	1	ANO1	
CTU2	1	CTU2	
CTU1	1	CTU1	
NR5A2	1	NR5A2	
CTTN	1	CTTN	
ZNF780B	1	ZNF780B	
ZNF780A	1	ZNF780A	
LNP1	1	LNP1	
MARCHF2	1	MARCH2	
RAMP2	1	RAMP2	
MARCHF1	1	MARCH1	
RAMP3	1	RAMP3	
SLC43A2	1	SLC43A2	
SLC43A3	1	SLC43A3	
SLC43A1	1	SLC43A1	
CAMKK1	1	CAMKK1	
CAMKK2	1	CAMKK2	
STAMBPL1	1	STAMBPL1	
CAMK2N1	1	CAMK2N1	
CAMK2N2	1	CAMK2N2	
MARCHF8	1	MARCH8	
MARCHF7	1	MARCH7	
MARCHF9	1	MARCH9	
MARCHF4	1	MARCH4	
MARCHF3	1	MARCH3	
AASDHPPT	1	AASDHPPT	
LNPK	1	KIAA1715	
MARCHF6	1	MARCH6	
TEFM	1	C17orf42	
MARCHF5	1	MARCH5	
IGBP1P1	1	C14orf19	
KIF26A	1	KIF26A	
KIF26B	1	KIF26B	
RAMP1	1	RAMP1	
DCLRE1B	1	DCLRE1B	
SCARB2	1	SCARB2	
DCLRE1A	1	DCLRE1A	
SCARB1	1	SCARB1	
DCLRE1C	1	DCLRE1C	
GIMAP1	1	GIMAP1	
GIMAP2	1	GIMAP2	
GXYLT1	1	GXYLT1	
GIMAP4	1	GIMAP4	
GIMAP5	1	GIMAP5	
GXYLT2	1	GXYLT2	
GIMAP6	1	GIMAP6	
GIMAP7	1	GIMAP7	
GIMAP8	1	GIMAP8	
SCN9A	1	SCN9A	
OSTF1	1	OSTF1	
SBF1	1	SBF1	
SBF2	1	SBF2	
SLC30A7	1	SLC30A7	
SLC30A6	1	SLC30A6	
SCARA3	1	SCARA3	
SLC30A9	1	SLC30A9	
SLC30A8	1	SLC30A8	
ZGPAT	1	ZGPAT	
SCARA5	1	SCARA5	
SLC30A3	1	SLC30A3	
SLC30A2	1	SLC30A2	
ATG9B	1	ATG9B	
SLC30A5	1	SLC30A5	
ATG9A	1	ATG9A	
SLC30A4	1	SLC30A4	
LMTK3	1	LMTK3	
LMTK2	1	LMTK2	
SLC30A1	1	SLC30A1	
ATAD3B	1	ATAD3B	
ATAD3A	1	ATAD3A	
SUPT7L	1	SUPT7L	
ATAD3C	1	ATAD3C	
CAMKMT	1	C2orf34	
HNRNPUL1	1	HNRNPUL1	
HNRNPUL2	1	HNRNPUL2	
SCN8A	1	SCN8A	
UQCRBP1	1	LOC442454	
SBDS	1	SBDS	
ATP5MC2	1	ATP5G2	
ATP5MC3	1	ATP5G3	
SUPT6H	1	SUPT6H	
NKAPL	1	NKAPL	
ATP5MC1	1	ATP5G1	
WNT6	1	WNT6	
CALHM1	1	CALHM1	
CALHM2	1	CALHM2	
WNT1	1	WNT1	
WNT2	1	WNT2	
WNT3	1	WNT3	
WNT4	1	WNT4	
NIBAN1	1	FAM129A	
NIBAN3	1	FAM129C	
SPATA6L	1	C9orf68	
NIBAN2	1	FAM129B	
INHBB	1	INHBB	
TPTEP2	1	LOC400927	
INHBA	1	INHBA	
TPTEP1	1	psiTPTE22	
CALHM3	1	CALHM3	
SUPT5H	1	SUPT5H	
INHBC	1	INHBC	
CALHM5	1	FAM26E	
CALHM6	1	FAM26F	
INHBE	1	INHBE	
COL5A1	1	COL5A1	
COL5A3	1	COL5A3	
COL5A2	1	COL5A2	
GTF2IRD2P1	1	GTF2IRD2P1	
HSP90AB2P	1	HSP90AB2P	
INSYN2A	1	FAM196A	
SEPTIN11	1	SEPT11	
INSYN2B	1	FAM196B	
SEPTIN10	1	SEPT10	
SCN5A	1	SCN5A	
BUD23	1	WBSCR22	
SCARF2	1	SCARF2	
SCARF1	1	SCARF1	
GALNT9	1	GALNT9	
BUD31	1	BUD31	
INTS4P2	1	INTS4L2	
INTS4P1	1	INTS4L1	
PPDPF	1	PPDPF	
ATG4C	1	ATG4C	
ATG4B	1	ATG4B	
ATG4A	1	ATG4A	
SCN4A	1	SCN4A	
SCN4B	1	SCN4B	
ATG4D	1	ATG4D	
BCL2A1	1	BCL2A1	
SPATA41	1	FLJ42289	
CLCN3	1	CLCN3	
CLCN2	1	CLCN2	
CLCN1	1	CLCN1	
ATAD2B	1	ATAD2B	
SCN7A	1	SCN7A	
GALNT7	1	GALNT7	
GALNT6	1	GALNT6	
GALNT5	1	GALNT5	
GALNT4	1	GALNT4	
GALNT3	1	GALNT3	
GALNT2	1	GALNT2	
GALNT1	1	GALNT1	
PDAP1	1	PDAP1	
PEDS1	1	TMEM189	
EPCIP	1	C21orf62	
SPATA2L	1	SPATA2L	
CLCN7	1	CLCN7	
CLCN6	1	CLCN6	
CLCN5	1	CLCN5	
TEN1	1	C17orf106	
CLCN4	1	CLCN4	
SBK1	1	SBK1	
SPATA32	1	C17orf46	
SPATA33	1	C16orf55	
FAM131C	1	FAM131C	
FAM131B	1	FAM131B	
FAM131A	1	FAM131A	
LNX1	1	LNX1	
BUD13	1	BUD13	
CLUAP1	1	CLUAP1	
RAN	1	RAN	
LNX2	1	LNX2	
CYFIP2	1	CYFIP2	
RB1	1	RB1	
ROPN1B	1	ROPN1B	
CYFIP1	1	CYFIP1	
GABPB2	1	GABPB2	
LINC00661	1	LOC126536	
TRRAP	1	TRRAP	
RPLP0P2	1	RPLP0P2	
COL12A1	1	COL12A1	
YWHAH-AS1	1	C22orf24	
GABPB1	1	GABPB1	
ZXDA	1	ZXDA	
NUB1	1	NUB1	
SPCS2P4	1	LOC653566	
ZXDB	1	ZXDB	
ZXDC	1	ZXDC	
NME2P1	1	NME2P1	
ROPN1L	1	ROPN1L	
MPV17	1	MPV17	
IER5	1	IER5	
NFRKB	1	NFRKB	
IER2	1	IER2	
IER3	1	IER3	
LINC00654	1	LOC149837	
CUBN	1	CUBN	
TEP1	1	TEP1	
HPRT1	1	HPRT1	
ASF1A	1	ASF1A	
ASF1B	1	ASF1B	
RD3	1	RD3	
POM121	1	POM121	
LINC00683	1	LOC284276	
NOLC1	1	NOLC1	
FAM149A	1	FAM149A	
RIC8A	1	RIC8A	
PPP3R1	1	PPP3R1	
RIC8B	1	RIC8B	
CHST11	1	CHST11	
TERT	1	TERT	
CHST12	1	CHST12	
GALR2	1	GALR2	
CHST10	1	CHST10	
CHST15	1	CHST15	
CHST13	1	CHST13	
CHST14	1	CHST14	
SERF2	1	SERF2	
BRAP	1	BRAP	
LINC00671	1	LOC388387	
RDX	1	RDX	
TYSND1	1	TYSND1	
UPF3B	1	UPF3B	
BRAF	1	BRAF	
UPF3A	1	UPF3A	
REL	1	REL	
LINC00667	1	LOC339290	
HBP1	1	HBP1	
REN	1	REN	
LINC00662	1	LOC148189	
LINC00663	1	LOC284440	
RET	1	RET	
MYOM1	1	MYOM1	
TCF25	1	TCF25	
PRSS27	1	PRSS27	
TCF21	1	TCF21	
TCF20	1	TCF20	
PRSS22	1	PRSS22	
PRSS23	1	PRSS23	
MYOM2	1	MYOM2	
MYOM3	1	MYOM3	
PRSS21	1	PRSS21	
MRC2	1	MRC2	
DSTYK	1	DSTYK	
RFK	1	RFK	
MRC1	1	MRC1	
NUF2	1	NUF2	
ANXA6	1	ANXA6	
ANXA7	1	ANXA7	
ANXA8	1	ANXA8	
ANXA9	1	ANXA9	
XXYLT1	1	C3orf21	
BRD3	1	BRD3	
TCF19	1	TCF19	
BRD2	1	BRD2	
BRD1	1	BRD1	
NUDC	1	NUDC	
ANXA1	1	ANXA1	
ANXA2	1	ANXA2	
TCF15	1	TCF15	
ANXA3	1	ANXA3	
IFNGR1	1	IFNGR1	
ANXA4	1	ANXA4	
IFNGR2	1	IFNGR2	
TESC	1	TESC	
ANXA5	1	ANXA5	
TCF12	1	TCF12	
TET2	1	TET2	
PRSS16	1	PRSS16	
TET1	1	TET1	
PRSS12	1	PRSS12	
C11orf87	1	C11orf87	
C11orf86	1	C11orf86	
MRAS	1	MRAS	
TET3	1	TET3	
RGN	1	RGN	
HCLS1	1	HCLS1	
CCL14	1	CCL14	
SF3B4	1	SF3B4	
CCL13	1	CCL13	
SF3B5	1	SF3B5	
SF3B2	1	SF3B2	
CCL11	1	CCL11	
SF3B3	1	SF3B3	
AOAH	1	AOAH	
SBSN	1	SBSN	
C11orf68	1	C11orf68	
RHD	1	RHD	
PRSS50	1	PRSS50	
C11orf71	1	C11orf71	
SC5D	1	SC5DL	
BRD9	1	BRD9	
BRD8	1	BRD8	
CCL19	1	CCL19	
BRD7	1	BRD7	
CCL18	1	CCL18	
CCL17	1	CCL17	
SF3B1	1	SF3B1	
BRD4	1	BRD4	
CCL15	1	CCL15	
AOC3	1	AOC3	
SF3A3	1	SF3A3	
CCL24	1	CCL24	
AOC1	1	ABP1	
CCL23	1	CCL23	
SF3A1	1	SF3A1	
AOC2	1	AOC2	
BRF2	1	BRF2	
CCL22	1	CCL22	
SF3A2	1	SF3A2	
BRF1	1	BRF1	
CCL21	1	CCL21	
CCL20	1	CCL20	
PRSS35	1	PRSS35	
PRSS36	1	PRSS36	
C11orf58	1	C11orf58	
PRSS33	1	PRSS33	
AGBL5	1	AGBL5	
C11orf65	1	C11orf65	
AGBL4	1	AGBL4	
MORN1	1	MORN1	
MORN4	1	MORN4	
MORN5	1	MORN5	
AGBL3	1	AGBL3	
LINC00628	1	LOC127841	
MORN2	1	MORN2	
AGBL2	1	AGBL2	
MORN3	1	MORN3	
HYLS1	1	HYLS1	
LINC00623	2	LOC728875:LOC728855	
CCL28	1	CCL28	
CCL26	1	CCL26	
PUS10	1	PUS10	
ITGA2B	1	ITGA2B	
STKLD1	1	C9orf96	
ABHD12	1	ABHD12	
C11orf54	1	C11orf54	
ABHD13	1	ABHD13	
ABHD10	1	ABHD10	
C11orf52	1	C11orf52	
ABHD11	1	ABHD11	
ALG1L1P	1	ALG1L	
MREG	1	MREG	
MAN1B1-DT	1	LOC100289341	
TEX2	1	TEX2	
CACNB1	1	CACNB1	
CTDNEP1	1	DULLARD	
C11orf42	1	C11orf42	
CACNB2	1	CACNB2	
CACNB3	1	CACNB3	
CACNB4	1	CACNB4	
TEX9	1	TEX9	
CUL9	1	CUL9	
CUL7	1	CUL7	
CUL5	1	CUL5	
BRI3	1	BRI3	
CUL3	1	CUL3	
HVCN1	1	HVCN1	
CUL2	1	CUL2	
CUL1	1	CUL1	
MRI1	1	MRI1	
KLC1	1	KLC1	
C11orf24	1	C11orf24	
RLF	1	RLF	
RAD51AP1	1	RAD51AP1	
KLC4	1	KLC4	
KLC3	1	KLC3	
KLC2	1	KLC2	
RAD51AP2	1	RAD51AP2	
BTBD1	1	BTBD1	
BTBD3	1	BTBD3	
NACC2	1	NACC2	
BTBD2	1	BTBD2	
NACC1	1	NACC1	
SAFB2	1	SAFB2	
NKX6-1	1	NKX6-1	
BTN2A2	1	BTN2A2	
BTN2A1	1	BTN2A1	
ZNF658B	1	LOC653501	
NACA2	1	NACA2	
BTBD7	1	BTBD7	
ABHD18	1	C4orf29	
BTBD6	1	BTBD6	
GCSAM	1	GCET2	
BTBD9	1	BTBD9	
BTBD8	2	KIAA1107:BTBD8	
ZZEF1	1	ZZEF1	
ABHD15	1	ABHD15	
C11orf21	1	C11orf21	
SNAI3-AS1	1	MGC23284	
ITGA10	1	ITGA10	
ITGA11	1	ITGA11	
NACAD	1	NACAD	
SRXN1	1	SRXN1	
DUSP19	1	DUSP19	
BRK1	1	C3orf10	
DUSP18	1	DUSP18	
DUSP15	1	DUSP15	
MAIP1	1	C2orf47	
DUSP16	1	DUSP16	
DUSP14	1	DUSP14	
DUSP11	1	DUSP11	
DUSP12	1	DUSP12	
DUSP10	1	DUSP10	
EFHD2	1	EFHD2	
EFHD1	1	EFHD1	
C4orf36	1	C4orf36	
C4orf33	1	C4orf33	
REXO1	1	REXO1	
DTX3L	1	DTX3L	
COL25A1	1	COL25A1	
DUSP28	1	DUSP28	
DUSP26	1	DUSP26	
REXO2	1	REXO2	
REXO4	1	REXO4	
REXO5	1	LOC81691	
DUSP22	1	DUSP22	
DUSP23	1	DUSP23	
RP1	1	RP1	
DALRD3	1	DALRD3	
ZNF788P	1	ZNF788	
RP2	1	RP2	
EFHC1	1	EFHC1	
NUMB	1	NUMB	
LINC00689	1	LOC154822	
RP9	1	RP9	
C4orf46	1	C4orf46	
EFHC2	1	EFHC2	
LINC00685	1	NCRNA00107	
RPE	1	RPE	
AMBRA1	1	AMBRA1	
MRM1	1	MRM1	
MRM2	1	FTSJ2	
MRM3	1	RNMTL1	
CACNG6	1	CACNG6	
DCAF15	1	DCAF15	
REPIN1	1	REPIN1	
DCAF16	1	DCAF16	
DCAF17	1	DCAF17	
C4orf19	1	C4orf19	
RSBN1L	1	RSBN1L	
DCAF10	1	DCAF10	
DCAF11	1	DCAF11	
DCAF12	1	DCAF12	
CACNG4	1	CACNG4	
DCAF13	1	DCAF13	
DDHD2	1	DDHD2	
DDHD1	1	DDHD1	
KLF4	1	KLF4	
KLF3	1	KLF3	
OXR1	1	OXR1	
KLF2	1	KLF2	
SCART1	1	LOC619207	
KLF8	1	KLF8	
KLF7	1	KLF7	
KLF6	1	KLF6	
KLF5	1	KLF5	
IMPDH1	1	IMPDH1	
IMPDH2	1	IMPDH2	
SERHL	1	SERHL	
KLF9	1	KLF9	
RUNDC1	1	RUNDC1	
MYORG	1	KIAA1161	
PCED1B-AS1	1	LOC100233209	
OXTR	1	OXTR	
DIXDC1	1	DIXDC1	
RRH	1	RRH	
RS1	1	RS1	
VSIG1	1	VSIG1	
VSIG2	1	VSIG2	
MYOZ3	1	MYOZ3	
VSIG4	1	VSIG4	
MYOZ1	1	MYOZ1	
MYOZ2	1	MYOZ2	
VSIG8	1	VSIG8	
SP110	1	SP110	
BROX	1	C1orf58	
MUCL3	1	DPCR1	
OXSM	1	OXSM	
PTOV1	1	PTOV1	
UTS2B	1	UTS2D	
GBP1P1	1	LOC400759	
XRN1	1	XRN1	
XRN2	1	XRN2	
TFAM	1	TFAM	
TELO2	1	TELO2	
SMIM3	1	C5orf62	
CUTA	1	CUTA	
IGSF8	1	IGSF8	
IGSF5	1	IGSF5	
SMIM5	1	LOC643008	
TBCEL	1	TBCEL	
IGSF6	1	IGSF6	
ANP32A	1	ANP32A	
IGSF3	1	IGSF3	
KLK1	1	KLK1	
TEX264	1	TEX264	
IGSF1	1	IGSF1	
SMIM1	1	LOC388588	
SP140	1	SP140	
KLK4	1	KLK4	
TEX261	1	TEX261	
SMIM7	1	C19orf42	
KLK8	1	KLK8	
SMIM6	1	LOC100130933	
IGSF9	1	IGSF9	
KLK7	1	KLK7	
SMIM8	1	C6orf162	
KLK6	1	KLK6	
SCAP	1	SCAP	
SCAI	1	SCAI	
NUS1	1	NUS1	
BCL11B	1	BCL11B	
BCL11A	1	BCL11A	
UBA6-DT	1	LOC550112	
PYHIN1	1	PYHIN1	
FAM169BP	1	FAM169B	
ANKEF1	1	ANKRD5	
HTR7P1	1	HTR7P1	
AKR1B10	1	AKR1B10	
AKR1B15	1	AKR1B15	
FLACC1	1	ALS2CR12	
ANP32E	1	ANP32E	
SPRTN	1	C1orf124	
TMCC3	1	TMCC3	
TMCC2	1	TMCC2	
ANP32B	1	ANP32B	
TMCC1	1	TMCC1	
CUTC	1	CUTC	
MRS2	1	MRS2	
HCCS	1	HCCS	
PPCDC	1	PPCDC	
SERP2	1	SERP2	
SERP1	1	SERP1	
KIF13A	1	KIF13A	
FFAR4	1	GPR120	
KIF13B	1	KIF13B	
FFAR3	1	FFAR3	
FFAR2	1	FFAR2	
FFAR1	1	FFAR1	
TSC22D4	1	TSC22D4	
BTN3A1	1	BTN3A1	
HYMAI	1	HYMAI	
TSC22D1	1	TSC22D1	
LRRIQ3	1	LRRIQ3	
TSC22D3	1	TSC22D3	
LRRIQ1	1	LRRIQ1	
TFE3	1	TFE3	
TSC22D2	1	TSC22D2	
TFEB	1	TFEB	
BTN3A3	1	BTN3A3	
BTN3A2	1	BTN3A2	
DCSTAMP	1	TM7SF4	
CCKBR	1	CCKBR	
RBM12B	1	RBM12B	
TFEC	1	TFEC	
TFF3	1	TFF3	
TFF2	1	TFF2	
MAPRE3	1	MAPRE3	
TFF1	1	TFF1	
FATE1	1	FATE1	
MAPRE1	1	MAPRE1	
MAPRE2	1	MAPRE2	
MRRF	1	MRRF	
PRIM2	1	PRIM2	
SPRR3	1	SPRR3	
SP100	1	SP100	
PRIM1	1	PRIM1	
IFI6	1	IFI6	
RASIP1	1	RASIP1	
SCEL	1	SCEL	
RBM15B	1	RBM15B	
CUX2	1	CUX2	
CUX1	1	CUX1	
RYK	1	RYK	
SCD5	1	SCD5	
PUS7L	1	PUS7L	
LYVE1	1	LYVE1	
GALNT12	1	GALNT12	
GALNT11	1	GALNT11	
GALNT14	1	GALNT14	
GALNT13	1	GALNT13	
GALNT16	1	GALNTL1	
GALNT15	1	GALNTL2	
GALNT18	1	GALNTL4	
GALNT17	1	WBSCR17	
GALNT10	1	GALNT10	
EFTUD2	1	EFTUD2	
SCGN	1	SCGN	
CADPS2	1	CADPS2	
EPDR1	1	EPDR1	
HCG4	1	HCG4	
PTCHD3P1	1	LOC387647	
PRSS53	1	PRSS53	
SELENOO	1	SELO	
OXA1L	1	OXA1L	
SELENON	1	SEPN1	
SELENOM	1	SELM	
COL4A2	1	COL4A2	
SELENOS	1	SELS	
COL4A1	1	COL4A1	
KIF16B	1	KIF16B	
COL4A4	1	COL4A4	
COL4A3	1	COL4A3	
SELENOP	1	SEPP1	
COL4A6	1	COL4A6	
SCG5	1	SCG5	
SELENOW	1	SEPW1	
COL4A5	1	COL4A5	
SCG3	1	SCG3	
SELENOT	1	SELT	
SCG2	1	SCG2	
SUCNR1	1	SUCNR1	
USP53	1	USP53	
USP54	1	USP54	
C5AR2	1	GPR77	
C5AR1	1	C5AR1	
PSORS1C3	1	PSORS1C3	
COX7A2	1	COX7A2	
ADIPOR1	1	ADIPOR1	
ADIPOR2	1	ADIPOR2	
COX7A1	1	COX7A1	
PSORS1C1	1	PSORS1C1	
PSORS1C2	1	PSORS1C2	
PCSK1N	1	PCSK1N	
SCIN	1	SCIN	
RNF5P1	1	RNF5P1	
LRRIQ4	1	LRRIQ4	
USP51	1	USP51	
DMAP1	1	DMAP1	
SMURF2	1	SMURF2	
WSCD1	1	WSCD1	
SMURF1	1	SMURF1	
WSCD2	1	WSCD2	
NR4A2	1	NR4A2	
NR4A1	1	NR4A1	
KIF18A	1	KIF18A	
RALYL	1	RALYL	
KIF18B	1	KIF18B	
NR4A3	1	NR4A3	
SYNDIG1L	1	TMEM90A	
ATG16L2	1	ATG16L2	
ATG16L1	1	ATG16L1	
USP35	1	USP35	
USP36	1	USP36	
PCDHGB7	1	PCDHGB7	
USP37	1	USP37	
PCDHGB6	1	PCDHGB6	
USP38	1	USP38	
PCDHGB5	1	PCDHGB5	
USP31	1	USP31	
PCDHGB4	1	PCDHGB4	
USP32	1	USP32	
PCDHGB3	1	PCDHGB3	
USP33	1	USP33	
PCDHGB2	1	PCDHGB2	
USP34	1	USP34	
GTDC1	1	GTDC1	
USP39	1	USP39	
DTWD2	1	DTWD2	
GMPPB	1	GMPPB	
DTWD1	1	DTWD1	
GMPPA	1	GMPPA	
AOX1	1	AOX1	
USP30	1	USP30	
PCDHGA8	1	PCDHGA8	
USP46	1	USP46	
PCDHGA7	1	PCDHGA7	
USP47	1	USP47	
PCDHGA6	1	PCDHGA6	
USP48	1	USP48	
CAMK1D	2	LOC283070:CAMK1D	
PCDHGA5	1	PCDHGA5	
USP49	1	USP49	
PCDHGA4	1	PCDHGA4	
USP42	1	USP42	
PCDHGA3	1	PCDHGA3	
USP43	1	USP43	
PCDHGA2	1	PCDHGA2	
USP44	1	USP44	
PCDHGA1	1	PCDHGA1	
USP45	1	USP45	
ARAP2	1	ARAP2	
CKAP2	1	CKAP2	
ARAP3	1	ARAP3	
ARAP1	1	ARAP1	
SPEN-AS1	1	FLJ37453	
CKAP5	1	CKAP5	
CKAP4	1	CKAP4	
PCDHGA9	1	PCDHGA9	
AGAP6	1	AGAP6	
IFNG	1	IFNG	
AGAP5	1	AGAP5	
HKDC1	1	HKDC1	
IFNE	1	IFNE	
MST1P2	1	MST1P2	
PCDHGB1	1	PCDHGB1	
USP40	1	USP40	
CAMK1G	1	CAMK1G	
MCPH1	1	MCPH1	
CAMK2B	1	CAMK2B	
HCN4	1	HCN4	
USP13	1	USP13	
HCN3	1	HCN3	
SLFN5	1	SLFN5	
USP14	1	USP14	
CAMK2D	1	CAMK2D	
USP15	1	USP15	
USP16	1	USP16	
USP10	1	USP10	
GMPR2	1	GMPR2	
USP11	1	USP11	
CAMK2A	1	CAMK2A	
USP12	1	USP12	
SELENOF	1	SEP15	
SELENOK	1	SELK	
TFPI	1	TFPI	
USP18	1	USP18	
SELENOI	1	EPT1	
USP19	1	USP19	
SELENOH	1	C11orf31	
TFPT	1	TFPT	
CAMK2G	1	CAMK2G	
TCFL5	1	TCFL5	
USP24	1	USP24	
USP25	1	USP25	
NHERF2	1	SLC9A3R2	
NHERF1	1	SLC9A3R1	
NHERF4	1	PDZD3	
USP20	1	USP20	
B3GAT3	1	B3GAT3	
PCDHGC5	1	PCDHGC5	
USP21	1	USP21	
B3GAT2	1	B3GAT2	
PCDHGC4	1	PCDHGC4	
USP22	1	USP22	
B3GAT1	1	B3GAT1	
CADPS	1	CADPS	
HAGHL	1	HAGHL	
PCDHGC3	1	PCDHGC3	
SPRY4	1	SPRY4	
SCLT1	1	SCLT1	
USP28	1	USP28	
CRACDL	1	C2orf55	
NEURL4	1	NEURL4	
NEURL2	1	NEURL2	
NEURL3	1	NEURL3	
SCD	1	SCD	
NEURL1	1	NEURL	
SPRY3	1	SPRY3	
SPRY2	1	SPRY2	
ARB2A	1	FAM172A	
SPRY1	1	SPRY1	
SCLY	1	SCLY	
HCN2	1	HCN2	
HCN1	1	HCN1	
HCP5	1	HCP5	
PGLYRP4	1	PGLYRP4	
SCOC	1	SCOC	
TFRC	1	TFRC	
SCT	1	SCT	
SCX	1	SCXB	
PTPDC1	1	PTPDC1	
COMTD1	1	COMTD1	
CAPNS1	1	CAPNS1	
SCP2	1	SCP2	
CAPNS2	1	CAPNS2	
EPSTI1	1	EPSTI1	
PRKACA	1	PRKACA	
PRKACB	1	PRKACB	
ZNF17	1	ZNF17	
ZNF18	1	ZNF18	
PRKAB2	1	PRKAB2	
ZNF19	1	ZNF19	
SDS	1	SDS	
UNC5A	1	UNC5A	
UNC5B	1	UNC5B	
SECISBP2	1	SECISBP2	
RC3H1	1	RC3H1	
ZNF10	1	ZNF10	
UNC5C	1	UNC5C	
BHLHA15	1	BHLHA15	
UNC5D	1	UNC5D	
ZNF12	1	ZNF12	
PRKAB1	1	PRKAB1	
ZNF14	1	ZNF14	
RC3H2	1	RC3H2	
ZNF16	1	ZNF16	
SIGIRR	1	SIGIRR	
LARS2	1	LARS2	
SCO1	1	SCO1	
SCO2	1	SCO2	
TFR2	1	TFR2	
DDIT3	1	DDIT3	
LARS1	1	LARS	
DDIT4	1	DDIT4	
UNC50	1	UNC50	
SF1	1	SF1	
ZNF28	1	ZNF28	
UNC119B	1	UNC119B	
SET	1	SET	
AASDH	1	AASDH	
FAXDC2	1	C5orf4	
NPRL2	1	NPRL2	
NPRL3	1	NPRL3	
ZNF20	1	ZNF20	
ZNF22	1	ZNF22	
ZNF23	1	ZNF23	
ADAMTS12	1	ADAMTS12	
ZNF24	1	ZNF24	
ZNF25	1	ZNF25	
ADAMTS10	1	ADAMTS10	
ZNF26	1	ZNF26	
ADAMTS16	1	ADAMTS16	
ADAMTS15	1	ADAMTS15	
ADAMTS14	1	ADAMTS14	
ADAMTS13	1	ADAMTS13	
LARP1	1	LARP1	
IGF2-AS	1	IGF2AS	
ADAMTS18	1	ADAMTS18	
KCNQ1OT1	1	KCNQ1OT1	
ADAMTS17	1	ADAMTS17	
SFN	1	SFN	
LINC02731	1	LOC100128239	
PRPF38B	1	PRPF38B	
PRPF38A	1	PRPF38A	
ENSG00000284691	1	LOC728743	
LARP7	1	LARP7	
ZNF32	1	ZNF32	
ATP1A1-AS1	1	C1orf203	
ZNF34	1	ZNF34	
L1CAM	1	L1CAM	
LARP4	1	LARP4	
ZNF35	1	ZNF35	
LARP6	1	LARP6	
MOV10	1	MOV10	
PPFIBP1	1	PPFIBP1	
PPFIBP2	1	PPFIBP2	
LAS1L	1	LAS1L	
FXYD3	1	FXYD3	
FXYD2	1	FXYD2	
FXYD1	1	FXYD1	
ZNF30	1	ZNF30	
SFXN3	1	SFXN3	
FXYD7	1	FXYD7	
SFXN4	1	SFXN4	
FXYD6	1	FXYD6	
HYOU1	1	HYOU1	
SFXN1	1	SFXN1	
FXYD5	1	FXYD5	
SFXN2	1	SFXN2	
DZIP1	1	DZIP1	
DZIP3	1	DZIP3	
SFXN5	1	SFXN5	
PRKAG1	1	PRKAG1	
PRKAG2	1	PRKAG2	
ZNF43	1	ZNF43	
ZNF44	1	ZNF44	
ZNF45	1	ZNF45	
SHB	1	SHB	
MMP21	1	MMP21	
ZNF48	1	ZNF48	
M1AP	1	C2orf65	
SHF	1	SHF	
SHE	1	SHE	
MMP25	1	MMP25	
SHH	1	SHH	
MMP24	1	MMP24	
MMP28	1	MMP28	
ZNF41	1	ZNF41	
APC2	1	APC2	
ZNF57	1	ZNF57	
MMP10	1	MMP10	
TOMM40L	1	TOMM40L	
MMP12	1	MMP12	
MMP11	1	MMP11	
MMP14	1	MMP14	
MMP13	1	MMP13	
MMP16	1	MMP16	
MMP15	1	MMP15	
PTRH2	1	PTRH2	
MMP17	1	MMP17	
RAPGEF1	1	RAPGEF1	
MMP19	1	MMP19	
PTRH1	1	PTRH1	
RAPGEF2	1	RAPGEF2	
RAPGEF5	1	RAPGEF5	
CRYAB	1	CRYAB	
HCST	1	HCST	
RAPGEF6	1	RAPGEF6	
RAPGEF3	1	RAPGEF3	
RAPGEF4	1	RAPGEF4	
TRUB1	1	TRUB1	
APCS	1	APCS	
TRUB2	1	TRUB2	
EMX2OS	1	EMX2OS	
SZRD1	1	C1orf144	
CCM2L	1	C20orf160	
ZNF69	1	ZNF69	
PLAGL1	1	PLAGL1	
PLAGL2	1	PLAGL2	
RICTOR	1	RICTOR	
EGLN1	1	EGLN1	
EGLN3	1	EGLN3	
EGLN2	1	EGLN2	
MCRS1	1	MCRS1	
BMP8A	1	BMP8A	
SCTR	1	SCTR	
BBOX1	1	BBOX1	
BMP8B	1	BMP8B	
ZNF76	1	ZNF76	
ZNF77	1	ZNF77	
ZNF79	1	ZNF79	
TARBP2	1	TARBP2	
ARCN1	1	ARCN1	
TARBP1	1	TARBP1	
SKI	1	SKI	
ZNF70	1	ZNF70	
ZNF71	1	ZNF71	
ZNF74	1	ZNF74	
MTCH1	1	MTCH1	
MTCH2	1	MTCH2	
PDCD7	1	PDCD7	
PDCD6	1	PDCD6	
PDCD5	1	PDCD5	
SLA	1	SLA	
MSI1	1	MSI1	
IL1RAP	1	IL1RAP	
MSI2	1	MSI2	
APEH	1	APEH	
SLK	1	SLK	
SLN	1	SLN	
NFATC2IP	1	NFATC2IP	
MAP3K8	1	MAP3K8	
MAP3K9	1	MAP3K9	
LINC01465	1	C12orf61	
MAP3K6	1	MAP3K6	
MAP3K7	1	MAP3K7	
MAP3K4	1	MAP3K4	
MAP3K5	1	MAP3K5	
FBXW4	1	FBXW4	
FBXW5	1	FBXW5	
FBXW8	1	FBXW8	
FBXW7	1	FBXW7	
FBXW9	1	FBXW9	
ENSG00000284634	1	LOC374443	
SRCIN1	1	SRCIN1	
FBXW2	1	FBXW2	
MSH6	1	MSH6	
VMAC	1	VMAC	
MSH2	1	MSH2	
SMO	1	SMO	
MSH3	1	MSH3	
MSH5	1	MSH5	
SMS	1	SMS	
RAP1B	1	RAP1B	
SNN	1	SNN	
NDOR1	1	NDOR1	
RAP1A	1	RAP1A	
ZKSCAN7	1	ZNF167	
ZKSCAN8	1	ZNF192	
ZKSCAN3	1	ZKSCAN3	
ZKSCAN2	1	ZKSCAN2	
ZKSCAN5	1	ZKSCAN5	
TSNAXIP1	1	TSNAXIP1	
ZKSCAN4	1	ZKSCAN4	
CERT1	1	COL4A3BP	
NAP1L6P	1	NAP1L6	
ZKSCAN1	1	ZKSCAN1	
NOP14	1	NOP14	
NOP16	1	NOP16	
API5	1	API5	
RFXANK	1	RFXANK	
G6PC2	1	G6PC2	
LRCH2	1	LRCH2	
G6PC3	1	G6PC3	
LRCH1	1	LRCH1	
SON	1	SON	
SP2	1	SP2	
SP1	1	SP1	
SP4	1	SP4	
SP3	1	SP3	
SP6	1	SP6	
SP5	1	SP5	
LRCH4	1	LRCH4	
LRCH3	1	LRCH3	
NOP10	1	NOP10	
MTCL1	1	KIAA0802	
MTCL2	1	C20orf117	
MTCL3	1	C6orf174	
APIP	1	APIP	
DYSF	1	DYSF	
MSLN	1	MSLN	
BICD1	1	BICD1	
BICD2	1	BICD2	
SPN	1	SPN	
UNC80	1	UNC80	
SPR	1	SPR	
PRADC1	1	C2orf7	
SPDYE1	1	SPDYE1	
MSMB	1	MSMB	
UNC45A	1	UNC45A	
CERS4	1	LASS4	
UNC45B	1	UNC45B	
CERS5	1	LASS5	
CERS6	1	LASS6	
RNASET2	1	RNASET2	
MSL2	1	MSL2	
MSL3	1	MSL3	
CES4A	1	CES8	
MSL1	1	MSL1	
BMP2K	1	BMP2K	
LINC01410	1	LOC442421	
GAPDH	1	GAPDH	
CERS1	1	LASS1	
CERS2	1	LASS2	
PRKAA1	1	PRKAA1	
BLTP3A	1	UHRF1BP1	
PRKAA2	1	PRKAA2	
BLTP3B	1	UHRF1BP1L	
UHRF2	1	UHRF2	
SRC	1	SRC	
UHRF1	1	UHRF1	
SRF	1	SRF	
MLLT1	1	MLLT1	
SRI	1	SRI	
MLLT3	1	MLLT3	
SRL	1	SRL	
MALT1	1	MALT1	
MLLT6	1	MLLT6	
SRM	1	SRM	
SRR	1	SRR	
FAM120A2P	1	C9orf129	
KRIT1	1	KRIT1	
LINC00115	1	NCRNA00115	
NOP56	1	NOP56	
NOP58	1	NOP58	
SSB	1	SSB	
SPDYE3	1	SPDYE3	
SPDYE6	1	SPDYE6	
SPDYE5	1	SPDYE5	
SPDYE8	1	SPDYE8P	
MSMP	1	MSMP	
SORL1	1	SORL1	
BICC1	1	BICC1	
APLN	1	APLN	
NECAP2	1	NECAP2	
NECAP1	1	NECAP1	
CDKN2AIPNL	1	CDKN2AIPNL	
SST	1	SST	
APLF	1	APLF	
ST7	1	ST7	
PDCD4	1	PDCD4	
PDCD2	1	PDCD2	
PDCD1	1	PDCD1	
NOP53	1	GLTSCR2	
UNC79	1	KIAA1409	
MT1L	1	MT1L	
MT1M	1	MT1M	
MT1X	1	MT1X	
RCBTB1	1	RCBTB1	
RCBTB2	1	RCBTB2	
MT2A	1	MT2A	
STS	1	STS	
BCRP3	1	LOC644165	
PEG10	1	PEG10	
FBXO4	1	FBXO4	
TNFSF10	1	TNFSF10	
FBXO3	1	FBXO3	
TNFSF11	1	TNFSF11	
FBXO6	1	FBXO6	
FBXO5	1	FBXO5	
FBXO8	1	FBXO8	
FBXO7	1	FBXO7	
FBXO9	1	FBXO9	
FBXO2	1	FBXO2	
LINC00092	1	NCRNA00092	
BCS1L	1	BCS1L	
CYP39A1	1	CYP39A1	
SNORC	1	C2orf82	
MT1A	1	MT1A	
MT1F	1	MT1F	
MT1G	1	MT1G	
MTCP1	1	MTCP1	
FLYWCH2	1	FLYWCH2	
MT1H	1	MT1H	
FLYWCH1	1	FLYWCH1	
MT1E	1	MT1E	
CERKL	1	CERKL	
AARS1	1	AARS	
AARS2	1	AARS2	
SDC4	1	SDC4	
SDC2	1	SDC2	
MYCBP2	1	MYCBP2	
SDC3	1	SDC3	
CWF19L2	1	CWF19L2	
TGFA	1	TGFA	
APOO	1	APOO	
APOM	1	APOM	
APOH	1	APOH	
STK38L	1	STK38L	
APOD	1	APOD	
APOE	1	APOE	
APOB	1	APOB	
APOBEC3C	1	APOBEC3C	
TNFSF18	1	TNFSF18	
APOBEC3D	1	APOBEC3D	
MSR1	1	MSR1	
APOBEC3F	1	APOBEC3F	
APOBEC3G	1	APOBEC3G	
AFDN-DT	1	C6orf124	
TNFSF14	1	TNFSF14	
APOBEC3H	1	APOBEC3H	
DDIAS	1	C11orf82	
TGDS	1	TGDS	
TNFSF15	1	TNFSF15	
TNFSF12	1	TNFSF12	
TNFSF13	1	TNFSF13	
IGF2	1	IGF2	
DELE1	1	KIAA0141	
IGF1	1	IGF1	
BST2	1	BST2	
BST1	1	BST1	
CYP26A1	1	CYP26A1	
FBXL8	1	FBXL8	
MSRA	1	MSRA	
CWF19L1	1	CWF19L1	
ITGBL1	1	ITGBL1	
SDC1	1	SDC1	
FBXL3	1	FBXL3	
FBXL2	1	FBXL2	
FBXL5	1	FBXL5	
FBXL4	1	FBXL4	
APOBEC3A	1	APOBEC3A	
FBXL7	1	FBXL7	
APOBEC3B	1	APOBEC3B	
FBXL6	1	FBXL6	
LDHAL6B	1	LDHAL6B	
MRPS17	1	MRPS17	
MRPS15	1	MRPS15	
MRPS16	1	MRPS16	
MSTN	1	MSTN	
MRPS14	1	MRPS14	
MRPS11	1	MRPS11	
MRPS12	1	MRPS12	
MRPS10	1	MRPS10	
DMBX1	1	DMBX1	
VMO1	1	VMO1	
RAC2	1	RAC2	
RAC3	1	RAC3	
SDF4	1	SDF4	
RAC1	1	RAC1	
SDF2	1	SDF2	
MRPS28	1	MRPS28	
MRPS26	1	MRPS26	
MRPS27	1	MRPS27	
MRPS24	1	MRPS24	
SYK	1	SYK	
MRPS25	1	MRPS25	
MRPS22	1	MRPS22	
MRPS23	1	MRPS23	
MST1	1	MST1	
GAB1	1	GAB1	
MRPS21	1	MRPS21	
PRPF40B	1	PRPF40B	
GAB3	1	GAB3	
PRPF40A	1	PRPF40A	
GAB2	1	GAB2	
SYP	1	SYP	
APRT	1	APRT	
CNKSR2	1	CNKSR2	
RAP2C	1	RAP2C	
CNKSR1	1	CNKSR1	
RAP2A	1	RAP2A	
RAP2B	1	RAP2B	
CNKSR3	1	CNKSR3	
SDE2	1	C1orf55	
TLCD4	1	TMEM56	
MICU3	1	EFHA2	
MICU2	1	EFHA1	
TLCD1	1	TLCD1	
MICU1	1	CBARA1	
TLCD5	1	TMEM136	
CSTPP1	1	C11orf49	
DYNC1I2	1	DYNC1I2	
SELPLG	1	SELPLG	
MRPS35	1	MRPS35	
MRPS33	1	MRPS33	
MRPS34	1	MRPS34	
MRPS31	1	MRPS31	
PRICKLE2	1	PRICKLE2	
PRICKLE3	1	PRICKLE3	
MRPS30	1	MRPS30	
PRICKLE1	1	PRICKLE1	
PRICKLE4	1	PRICKLE4	
SH3BGRL	1	SH3BGRL	
ZFP14	1	ZFP14	
FHIP1A	1	FAM160A1	
FHIP1B	1	FAM160A2	
MSX1	1	MSX1	
RAE1	1	RAE1	
DYNC1I1	1	DYNC1I1	
MAP3K2	1	MAP3K2	
DYNC1H1	1	DYNC1H1	
MAP3K3	1	MAP3K3	
MAP3K1	1	MAP3K1	
SORT1	1	SORT1	
GAD1	1	GAD1	
IGIP	1	C5orf53	
GAD2	1	GAD2	
APTX	1	APTX	
CEBPA-DT	1	LOC80054	
VMP1	1	TMEM49	
PDCL3	1	PDCL3	
FHIP2A	1	FAM160B1	
FHIP2B	1	FAM160B2	
CACHD1	1	CACHD1	
TACC3	1	TACC3	
HDGF	1	HDGF	
RAD1	1	RAD1	
TACC1	1	TACC1	
TACC2	1	TACC2	
MAMLD1	1	MAMLD1	
ZFP28	1	ZFP28	
DENND5B	1	DENND5B	
TACO1	1	TACO1	
NCMAP	1	C1orf130	
TGM1	1	TGM1	
ZNF80	1	ZNF80	
ZNF81	1	ZNF81	
DMBT1	1	DMBT1	
ZNF83	1	ZNF83	
ZNF84	1	ZNF84	
ZNF85	1	ZNF85	
IGFLR1	1	TMEM149	
DENND5A	1	DENND5A	
TGM5	1	TGM5	
TGM3	1	TGM3	
RAG1	1	RAG1	
TGM2	1	TGM2	
MSX2	1	MSX2	
ZGRF1	1	C4orf21	
RADX	1	CXorf57	
DNAJB12	1	DNAJB12	
DNAJB13	1	DNAJB13	
ZNF98	1	ZNF98	
DNAJB14	1	DNAJB14	
SDHC	1	SDHC	
CARTPT	1	CARTPT	
SDHD	1	SDHD	
SDHA	1	SDHA	
SDHB	1	SDHB	
ZNF90	1	ZNF90	
ZNF91	1	ZNF91	
ZNF92	1	ZNF92	
ZNF93	1	ZNF93	
PSPC1	1	PSPC1	
DNAJB11	1	DNAJB11	
DENND6B	1	FAM116B	
BBOF1	1	C14orf45	
DENND6A	1	FAM116A	
RAF1	1	RAF1	
DIPK1C	1	FAM69C	
DIPK1B	1	FAM69B	
DIPK1A	1	FAM69A	
RAI1	1	RAI1	
RNASEH1	1	RNASEH1	
FGF20	1	FGF20	
LPXN	1	LPXN	
SLC6A10P	1	SLC6A10P	
RAI2	1	RAI2	
DENND4B	1	DENND4B	
DENND4A	1	DENND4A	
DENND4C	1	DENND4C	
HLA-F-AS1	1	LOC285830	
FGF17	1	FGF17	
IFT20	1	IFT20	
SDK1	1	SDK1	
IFT22	1	RABL5	
FGF14	1	FGF14	
FGF19	1	FGF19	
FGF18	1	FGF18	
IFT27	1	IFT27	
FGF13	2	FGF13:LOC158696	
FGF12	1	FGF12	
FGF11	1	FGF11	
SDK2	1	SDK2	
FGF10	1	FGF10	
IFT25	1	HSPB11	
TAT	1	TAT	
MYSM1	1	MYSM1	
IFT52	1	IFT52	
CYP26B1	1	CYP26B1	
LASP1	1	LASP1	
EEF2K	1	EEF2K	
GGACT	1	A2LD1	
IFT57	1	IFT57	
SFTA1P	1	SFTA1P	
IFT56	1	TTC26	
DIPK2B	1	CXorf36	
TBP	1	TBP	
EEF1G	1	EEF1G	
IFT43	1	C14orf179	
CYP26C1	1	CYP26C1	
EEF1D	1	EEF1D	
DIPK2A	1	C3orf58	
IFT46	1	IFT46	
RALA	1	RALA	
GALT	1	GALT	
RALB	1	RALB	
TAFAZZIN	1	TAZ	
POMZP3	1	POMZP3	
PSMB10	1	PSMB10	
IFT74	1	IFT74	
IL1RL1	1	IL1RL1	
IL1RL2	1	IL1RL2	
NWD1	1	NWD1	
NWD2	1	KIAA1239	
MTA1	1	MTA1	
OXCT1	1	OXCT1	
TDG	1	TDG	
TGS1	1	TGS1	
MVB12B	1	FAM125B	
MVB12A	1	FAM125A	
SLIT1	1	SLIT1	
DROSHA	1	RNASEN	
TDH	1	TDH	
OXCT2	1	OXCT2	
RALY	1	RALY	
SLIT3	1	SLIT3	
ZPLD1	1	ZPLD1	
SLIT2	1	SLIT2	
MTA2	1	MTA2	
MTA3	1	MTA3	
HSD3B7	1	HSD3B7	
SAE1P1	1	LOC341056	
WARS1	1	WARS	
WARS2	1	WARS2	
GALC	1	GALC	
GALE	1	GALE	
TEC	1	TEC	
TEF	1	TEF	
TNIP1	1	TNIP1	
TNIP2	1	TNIP2	
TNIP3	1	TNIP3	
GALM	1	GALM	
SLIRP	1	C14orf156	
TEK	1	TEK	
IPO13	1	IPO13	
IPO11	1	IPO11	
TES	1	TES	
MSANTD3	1	C9orf30	
MSANTD4	1	KIAA1826	
CAPN15	1	SOLH	
FAR2P1	1	LOC440905	
MTBP	1	MTBP	
MSANTD1	1	C4orf44	
TFG	1	TFG	
ZSCAN31	1	ZNF323	
MSANTD2	1	C11orf61	
ZSCAN30	1	ZNF397OS	
ZSCAN32	1	ZNF434	
HOMER3	1	HOMER3	
GAMT	1	GAMT	
PRKCG	1	PRKCG	
UBE2MP1	1	UBE2MP1	
MBNL1	1	MBNL1	
PRKCI	1	PRKCI	
MBNL2	1	MBNL2	
PRKCH	1	PRKCH	
DNAAF3	1	C19orf51	
DNAAF2	1	C14orf104	
PRKCB	1	PRKCB	
DNAAF1	1	LRRC50	
PRKCE	1	PRKCE	
PRKCD	1	PRKCD	
AFAP1	1	AFAP1	
DNAAF5	1	HEATR2	
PRKCA	1	PRKCA	
DNAAF4	1	DYX1C1	
DNAAF9	1	C20orf194	
GANC	1	GANC	
DNAAF8	1	C16orf71	
MTAP	1	MTAP	
DAAM1	1	DAAM1	
ZSCAN20	1	ZSCAN20	
DAAM2	1	DAAM2	
PRKD3	1	PRKD3	
ZSCAN22	1	ZSCAN22	
ZSCAN21	1	ZSCAN21	
ZSCAN23	1	ZSCAN23	
PRKCQ	1	PRKCQ	
PRKD2	1	PRKD2	
ZSCAN26	1	ZNF187	
PRKD1	1	PRKD1	
ZSCAN25	1	ZNF498	
FREM1	1	FREM1	
FREM2	1	FREM2	
ZSCAN29	1	ZSCAN29	
PRKDC	1	PRKDC	
PRDM15	1	PRDM15	
PRDM12	1	PRDM12	
PRDM11	1	PRDM11	
SDSL	1	SDSL	
PRDM10	1	PRDM10	
PRKCZ	1	PRKCZ	
MTDH	1	MTDH	
PRDM16	1	PRDM16	
GAR1	1	GAR1	
ZSCAN12	1	ZSCAN12	
LINC02610	1	LOC151174	
ZSCAN16	1	ZSCAN16	
FAM120AOS	1	FAM120AOS	
ZSCAN18	1	ZSCAN18	
BTF3	1	BTF3	
HOMER1	1	HOMER1	
HOMER2	1	HOMER2	
SMPD4BP	1	LOC150776	
MEX3D	1	MEX3D	
MEX3C	1	MEX3C	
MEX3B	1	MEX3B	
MEX3A	1	MEX3A	
GAPT	1	GAPT	
CDKN1C	1	CDKN1C	
DENND1C	1	DENND1C	
SETD4	1	SETD4	
BTG3	1	BTG3	
DENND1B	1	DENND1B	
SETD5	1	SETD5	
BTG2	1	BTG2	
CDKN1A	1	CDKN1A	
RARG	1	RARG	
SETD2	1	SETD2	
BTG1	1	BTG1	
CDKN1B	1	CDKN1B	
SETD3	1	SETD3	
SETD9	1	C5orf35	
DENND1A	1	DENND1A	
SETD6	1	SETD6	
SETD7	1	SETD7	
ASH2L	1	ASH2L	
ASGR1	1	ASGR1	
ASGR2	1	ASGR2	
ADAMTSL1	1	ADAMTSL1	
ADAMTSL5	1	ADAMTSL5	
ADAMTSL4	1	ADAMTSL4	
MTG1	1	MTG1	
ADAMTSL3	1	ADAMTSL3	
MTG2	1	GTPBP5	
DENND11	1	KIAA1147	
ADAMTSL2	1	ADAMTSL2	
DENND10	1	FAM45A	
TK2	1	TK2	
TK1	1	TK1	
DENND2D	1	DENND2D	
DENND2C	1	DENND2C	
ZSCAN5A	1	ZSCAN5A	
ZSCAN5B	1	ZSCAN5B	
DENND2B	1	ST5	
DENND2A	1	DENND2A	
COPZ2	1	COPZ2	
ASH1L	1	ASH1L	
COPZ1	1	COPZ1	
ANGPTL7	1	ANGPTL7	
ANGPTL6	1	ANGPTL6	
MTF1	1	MTF1	
ANGPTL8	1	LOC55908	
MTF2	1	MTF2	
ANGPTL3	1	ANGPTL3	
GAS2	1	GAS2	
RARA	1	RARA	
ANGPTL2	1	ANGPTL2	
GAS1	1	GAS1	
RARB	1	RARB	
ANGPTL4	1	ANGPTL4	
SINHCAF	1	FAM60A	
GAS6	1	GAS6	
TKT	1	TKT	
GART	1	GART	
GAS5	1	GAS5	
ANGPTL1	1	ANGPTL1	
GAS8	1	GAS8	
GAS7	1	GAS7	
AATBC	1	LOC284837	
PAPSS2	1	PAPSS2	
PAPSS1	1	PAPSS1	
ERMP1	1	ERMP1	
ARRDC1-AS1	1	C9orf37	
OLFML3	1	OLFML3	
OLFML1	1	OLFML1	
MBNL3	1	MBNL3	
CDKN2D	1	CDKN2D	
CDKN2B	1	CDKN2B	
CDKN2C	1	CDKN2C	
CDKN2A	1	CDKN2A	
IL10RB	1	IL10RB	
IL10RA	1	IL10RA	
GATC	1	GATC	
GATB	1	PET112L	
SNCAIP	1	SNCAIP	
GATM	1	GATM	
OSTM1	1	OSTM1	
COQ8B	1	ADCK4	
COQ8A	1	CABC1	
GTF2B	1	GTF2B	
TNC	1	TNC	
TNF	1	TNF	
TNN	1	TNN	
TNR	1	TNR	
GTF2I	1	GTF2I	
MAP2K3	1	MAP2K3	
LINC01341	1	LOC149134	
MAP2K4	1	MAP2K4	
MAP2K1	1	MAP2K1	
MAP2K2	1	MAP2K2	
RALGAPA1	1	RALGAPA1	
SKIDA1	1	C10orf140	
RALGAPA2	1	RALGAPA2	
GTF3A	1	GTF3A	
LARP4B	1	LARP4B	
H4C16	1	HIST4H4	
H4C14	1	HIST2H4A	
H4C11	1	HIST1H4J	
PPEF1	1	PPEF1	
TOX	1	TOX	
INSIG2	1	INSIG2	
INSIG1	1	INSIG1	
MTLN	1	NCRNA00116	
MTM1	1	MTM1	
TPO	1	TPO	
ESPNL	1	ESPNL	
ESPNP	1	ESPNP	
TPR	1	TPR	
BTLA	1	BTLA	
LINC01366	1	LOC257358	
MAP2K7	1	MAP2K7	
MAP2K5	1	MAP2K5	
MAP2K6	1	MAP2K6	
LINC02693	1	C17orf51	
SYNJ2	1	SYNJ2	
COPRS	1	C17orf79	
COPS4	1	COPS4	
COPS3	1	COPS3	
COPS6	1	COPS6	
COPS5	1	COPS5	
SYNJ1	1	SYNJ1	
COPS2	1	COPS2	
COPS8	1	COPS8	
COPS9	1	MYEOV2	
TCP10L	1	TCP10L	
POM121L10P	1	POM121L10P	
BMPR2	1	BMPR2	
GAL3ST1	1	GAL3ST1	
ASH1L-AS1	1	LOC645676	
TRH	1	TRH	
SYNE4	1	C19orf46	
SYNE3	2	C14orf139:C14orf49	
MTO1	1	MTO1	
SYNE2	1	SYNE2	
WDFY3-AS2	1	C4orf12	
SYNE1	1	SYNE1	
TRO	1	TRO	
THBD	1	THBD	
PRKG2	1	PRKG2	
SERAC1	1	SERAC1	
GAL3ST4	1	GAL3ST4	
PRKG1	1	PRKG1	
SECISBP2L	1	SECISBP2L	
AVPR2	1	AVPR2	
LANCL1	1	LANCL1	
TSN	1	TSN	
EPCIP-AS1	1	C21orf49	
ESPL1	1	ESPL1	
TST	1	TST	
LANCL2	1	LANCL2	
LANCL3	1	LANCL3	
ALDH9A1	1	ALDH9A1	
LEPROT	1	LEPROT	
DGCR11	1	DGCR11	
TTK	1	TTK	
TTL	1	TTL	
TTN	1	TTN	
ABLIM1	1	ABLIM1	
ABLIM2	1	ABLIM2	
TTR	1	TTR	
ABLIM3	1	ABLIM3	
ALOXE3	1	ALOXE3	
TUB	1	TUB	
MTOR	1	MTOR	
GLOD4	1	GLOD4	
GLOD5	1	GLOD5	
DYNC2I2	1	WDR34	
TCERG1	1	TCERG1	
DYNC2I1	1	WDR60	
C12orf57	1	C12orf57	
MTRR	1	MTRR	
HDAC10	1	HDAC10	
WDSUB1	1	WDSUB1	
AQP8	1	AQP8	
PITPNB	1	PITPNB	
ZMYND8	1	ZMYND8	
AQP9	1	AQP9	
HDAC11	1	HDAC11	
PITPNA	1	PITPNA	
AQP6	1	AQP6	
AQP7	1	AQP7	
AQP4	1	AQP4	
GBA1	1	GBA	
AQP5	1	AQP5	
AQP2	1	AQP2	
GBA3	1	GBA3	
MKI67	1	MKI67	
AQP3	1	AQP3	
GBA2	1	GBA2	
AQP1	1	AQP1	
KIAA0930	1	C22orf9	
SYNPR	1	SYNPR	
C12orf60	1	C12orf60	
BTRC	1	BTRC	
SYNPO	1	SYNPO	
DYNC2H1	1	DYNC2H1	
CPT1A	1	CPT1A	
IFRD2	1	IFRD2	
IFRD1	1	IFRD1	
KNL1	1	CASC5	
CPT1C	1	CPT1C	
CPT1B	1	CPT1B	
NIF3L1	1	NIF3L1	
HECA	1	HECA	
RTEL1	1	RTEL1	
TXK	1	TXK	
MTTP	1	MTTP	
ST20-AS1	1	C15orf37	
TRANK1	1	TRANK1	
SLC26A10P	1	SLC26A10	
TXN	1	TXN	
STRIP1	1	FAM40A	
STRIP2	1	FAM40B	
SYNRG	1	SYNRG	
OCEL1	1	OCEL1	
VNN1	1	VNN1	
ZZZ3	1	ZZZ3	
VNN2	1	VNN2	
RBAK	1	RBAK	
C12orf76	1	C12orf76	
C12orf75	1	C12orf75	
RPS2P32	1	RPS2P32	
TENM1	2	ODZ1:ODZ3	
TENM2	1	ODZ2	
TENM4	1	ODZ4	
GBE1	1	GBE1	
SEC61G	1	SEC61G	
TMED3	1	TMED3	
DGCR6L	1	DGCR6L	
TMED2	1	TMED2	
TMED1	1	TMED1	
SEC61B	1	SEC61B	
TMED7	1	TMED7	
ERMAP	1	ERMAP	
TMED6	1	TMED6	
TMED5	1	TMED5	
TMED4	1	TMED4	
ZYG11B	1	ZYG11B	
TMED9	1	TMED9	
TMED8	1	TMED8	
LINC02591	1	LOC388692	
HEG1	1	HEG1	
SCNM1	1	SCNM1	
SCAND2P	1	SCAND2	
AVPI1	1	AVPI1	
SDCCAG8	1	SDCCAG8	
SLC9A3-OT1	1	LOC25845	
DTYMK	1	DTYMK	
RBFA	1	C18orf22	
TM4SF20	1	TM4SF20	
NOP14-AS1	1	C4orf10	
C12orf43	1	C12orf43	
TM4SF18	1	TM4SF18	
TM4SF19	1	TM4SF19	
MTX1	1	MTX1	
MTX2	1	MTX2	
MTX3	1	MTX3	
GBF1	1	GBF1	
NR6A1	1	NR6A1	
PRKRA	1	PRKRA	
COPG2	1	COPG2	
COPG1	1	COPG	
LINC01278	1	LOC92249	
FRA10AC1	1	C10orf4	
IHO1	1	CCDC36	
CCL4L2	1	CCL4L2	
HELB	1	HELB	
GOLGA6L9	1	GOLGA6L9	
BMPER	1	BMPER	
SVEP1	1	SVEP1	
IL11RA	1	IL11RA	
STIMATE	1	TMEM110	
ACYP2	1	ACYP2	
CDPF1	1	C22orf40	
ACYP1	1	ACYP1	
RSBN1	1	RSBN1	
MBNL1-AS1	1	LOC401093	
ZCCHC8	1	ZCCHC8	
COPB2	1	COPB2	
ZCCHC7	1	ZCCHC7	
COPB1	1	COPB1	
ALOX15	1	ALOX15	
ZCCHC9	1	ZCCHC9	
ALOX12	1	ALOX12	
ZMAT1	1	ZMAT1	
THPO	1	THPO	
UBB	1	UBB	
ZMAT2	1	ZMAT2	
C15orf61	1	C15orf61	
ZMAT3	1	ZMAT3	
UBD	1	UBD	
ZMAT4	1	ZMAT4	
UBC	1	UBC	
ZMAT5	1	ZMAT5	
C15orf62	1	C15orf62	
LONRF3	1	LONRF3	
LONRF1	1	LONRF1	
LONRF2	1	LONRF2	
CPSF4	1	CPSF4	
CPSF7	1	CPSF7	
CPSF6	1	CPSF6	
HELQ	1	HELQ	
CPSF1	1	CPSF1	
CPSF3	1	CPSF3	
CPSF2	1	CPSF2	
HELZ	1	HELZ	
SELE	1	SELE	
SELP	1	SELP	
SEM1	1	SHFM1	
SELL	1	SELL	
BAMBI	1	BAMBI	
CRYL1	1	CRYL1	
RBIS	1	C8orf59	
FGFR4	1	FGFR4	
ZCCHC4	1	ZCCHC4	
FGFR3	1	FGFR3	
ZCCHC3	1	ZCCHC3	
FGFR2	1	FGFR2	
ZCCHC2	1	ZCCHC2	
FGFR1	1	FGFR1	
C15orf39	1	C15orf39	
GLP1R	1	GLP1R	
UCN	1	UCN	
THRB	1	THRB	
THRA	1	THRA	
SMG1P1	1	LOC641298	
SMG1P2	1	LOC440354	
SMG1P3	1	LOC100271836	
SMG1P5	1	LOC595101	
OPLAH	1	OPLAH	
RBM3	1	RBM3	
RBM4	1	RBM4	
HEPH	1	HEPH	
C15orf40	1	C15orf40	
RBM7	1	RBM7	
RBM5	1	RBM5	
RBM6	1	RBM6	
C15orf48	1	C15orf48	
GLP2R	1	GLP2R	
MYRIP	1	MYRIP	
FLJ16779	1	FLJ16779	
RBL2	1	RBL2	
GAP43	1	GAP43	
RBL1	1	RBL1	
TMEM9	1	TMEM9	
RBKS	1	RBKS	
NRXN1	1	NRXN1	
NRXN3	1	NRXN3	
NRXN2	1	NRXN2	
BICRA	1	GLTSCR1	
NXF1	1	NXF1	
MUC1	1	MUC1	
EOLA1-DT	1	LOC100131434	
MUC2	1	MUC2	
NXF3	1	NXF3	
SAP30L	1	SAP30L	
POC1A	1	POC1A	
POC1B	1	POC1B	
HES1	1	HES1	
BUB3	1	BUB3	
TENT2	1	PAPD4	
GBP2	1	GBP2	
BUB1	1	BUB1	
GBP1	1	GBP1	
HES2	1	HES2	
MUC4	1	MUC4	
GBP4	1	GBP4	
GBP3	1	GBP3	
HES4	1	HES4	
MUC6	1	MUC6	
CRYGS	1	CRYGS	
NOC2LP2	1	LOC401010	
CRYGN	1	CRYGN	
CAPN13	1	CAPN13	
CAPN14	1	CAPN14	
CAPN11	1	CAPN11	
CAPN12	1	CAPN12	
JSRP1	1	JSRP1	
CAPN10	1	CAPN10	
FSIP1	1	FSIP1	
RBMX	1	RBMX	
CSNK1A1L	1	CSNK1A1L	
ADAMDEC1	1	ADAMDEC1	
ZFYVE9	1	ZFYVE9	
ARAF	1	ARAF	
C4BPA	1	C4BPA	
C22orf23	1	C22orf23	
C4BPB	1	C4BPB	
RBPJ	1	RBPJ	
ZFYVE1	1	ZFYVE1	
ZFYVE28	1	ZFYVE28	
NDUFB2-AS1	1	LOC100134713	
ZFYVE26	1	ZFYVE26	
ZFYVE27	1	ZFYVE27	
UBASH3B	1	UBASH3B	
LRAT	1	LRAT	
UBASH3A	1	UBASH3A	
LINC01622	1	LOC285768	
GBP6	1	GBP6	
HES7	1	HES7	
GBP5	1	GBP5	
HES6	1	HES6	
HPCAL1	1	HPCAL1	
RNASE6	1	RNASE6	
LAMB2P1	1	LAMB2L	
ZFYVE21	1	ZFYVE21	
RNASE4	1	RNASE4	
RNASE3	1	RNASE3	
C22orf39	1	C22orf39	
GAPVD1	1	GAPVD1	
RNASE2	1	RNASE2	
HPCAL4	1	HPCAL4	
RNASE1	1	RNASE1	
RBP7	1	RBP7	
RBP4	1	RBP4	
RBP5	1	RBP5	
ZFYVE16	1	ZFYVE16	
RBP2	1	RBP2	
ZFYVE19	1	ZFYVE19	
RBP1	1	RBP1	
LINC02981	1	LOC441204	
CEP85L	1	C6orf204	
SDR39U1	1	SDR39U1	
SLCO5A1	1	SLCO5A1	
THY1	1	THY1	
LINC00319	1	C21orf125	
WBP2NL	1	WBP2NL	
LINC00310	1	C21orf82	
EDEM3	1	EDEM3	
MCTS1	1	MCTS1	
EDEM1	1	EDEM1	
LRBA	1	LRBA	
EDEM2	1	EDEM2	
NETO2	1	NETO2	
PTRHD1	1	C2orf79	
COL1A1	1	COL1A1	
SETX	1	SETX	
COL1A2	1	COL1A2	
DCHS2	1	DCHS2	
DCHS1	1	DCHS1	
ARF3	1	ARF3	
ARF4	1	ARF4	
ARF1	1	ARF1	
HEXB	1	HEXB	
HEXA	1	HEXA	
HEXD	1	HEXDC	
AREG	1	AREG	
IKBKB	1	IKBKB	
TUBA1C	1	TUBA1C	
TUBA1B	1	TUBA1B	
TUBA1A	1	TUBA1A	
LINC02915	1	C15orf54	
HEY1	1	HEY1	
HEY2	1	HEY2	
IKBKG	1	IKBKG	
IKBKE	1	IKBKE	
IKBIP	1	IKBIP	
ARG2	1	ARG2	
CROCCP3	1	CROCCL2	
CROCCP2	1	CROCCL1	
RRAS2	1	RRAS2	
GOLGA2P7	1	LOC388152	
RBSN	1	ZFYVE20	
GOLGA2P5	1	GOLGA2B	
LINC02908	1	C9orf139	
GPRC5B	1	GPRC5B	
GPRC5A	1	GPRC5A	
RILPL2	1	RILPL2	
RILPL1	1	RILPL1	
GPRC5D	1	GPRC5D	
DSCAML1	1	DSCAML1	
GPRC5C	1	GPRC5C	
ARF5	1	ARF5	
ARF6	1	ARF6	
KATNIP	1	KIAA0556	
RNASEL	1	RNASEL	
RNASEK	1	RNASEK	
STAU1	1	STAU1	
STAU2	1	STAU2	
SEZ6	1	SEZ6	
MIEF2	1	SMCR7	
MIEF1	1	SMCR7L	
UNG	1	UNG	
TUBA3D	1	TUBA3D	
GLRA3	1	GLRA3	
UNK	1	UNK	
H3C14	1	HIST2H3C	
RNASE7	1	RNASE7	
STAT4	1	STAT4	
H3C10	1	HIST1H3H	
STAT6	1	STAT6	
RPL13P5	1	RPL13P5	
STAT1	1	STAT1	
STAT2	1	STAT2	
STAT3	1	STAT3	
CASTOR1	1	GATSL3	
ASPRV1	1	ASPRV1	
C22orf15	1	C22orf15	
HEYL	1	HEYL	
LRG1	1	LRG1	
CASTOR2	1	GATSL1	
SERBP1	1	SERBP1	
ETFBKMT	1	C12orf72	
UBAP1	1	UBAP1	
UBAP2	1	UBAP2	
UOX	1	UOX	
ERO1A	1	ERO1L	
ERO1B	1	ERO1LB	
CCNT2	1	CCNT2	
CCNT1	2	CCNT1:LOC144438	
SMCHD1	1	SMCHD1	
HEPHL1	1	HEPHL1	
PITX2	1	PITX2	
PITX1	1	PITX1	
MINAR1	1	KIAA1024	
PPP1R16B	1	PPP1R16B	
AREL1	1	KIAA0317	
KHNYN	1	KHNYN	
PPP1R16A	1	PPP1R16A	
MUL1	1	MUL1	
TUBA4B	1	TUBA4B	
TUBA4A	1	TUBA4A	
RBX1	1	RBX1	
ADCYAP1	1	ADCYAP1	
RBMXL1	1	RBMXL1	
NPTXR	1	NPTXR	
ARL9	1	ARL9	
PFKFB2	1	PFKFB2	
PFKFB1	1	PFKFB1	
PFKFB4	1	PFKFB4	
PFKFB3	1	PFKFB3	
ARL6	1	ARL6	
TUBGCP2	1	TUBGCP2	
ARL3	1	ARL3	
ARL1	1	ARL1	
ARL2	1	ARL2	
ENTREP2	1	FAM189A1	
RAP1GAP	1	RAP1GAP	
ENTREP3	1	FAM189B	
BCL2L12	1	BCL2L12	
BCL2L13	1	BCL2L13	
SBNO1	1	SBNO1	
BCL2L10	1	BCL2L10	
SBNO2	1	SBNO2	
BCL2L11	1	BCL2L11	
ATG101	1	C12orf44	
CPAMD8	1	CPAMD8	
NPTX1	1	NPTX1	
NPTX2	1	NPTX2	
BCL2L14	1	BCL2L14	
BCL2L15	1	BCL2L15	
TIA1	1	TIA1	
BICRAL	1	KIAA0240	
ENTREP1	1	FAM189A2	
MFHAS1	1	MFHAS1	
UST	1	UST	
TUBGCP5	1	TUBGCP5	
TUBGCP6	1	TUBGCP6	
TUBGCP3	1	TUBGCP3	
TUBGCP4	1	TUBGCP4	
CNTNAP3	1	CNTNAP3	
CNTNAP2	1	CNTNAP2	
MOXD1	1	MOXD1	
CNTNAP1	1	CNTNAP1	
NXT1	1	NXT1	
PPP1R13B	1	PPP1R13B	
COX4I1	1	COX4I1	
COX4I2	1	COX4I2	
PIK3CD	1	PIK3CD	
PIK3CB	1	PIK3CB	
NXT2	1	NXT2	
PIK3CG	1	PIK3CG	
PPP1R13L	1	PPP1R13L	
LINC00336	1	C6orf227	
EIF3CL	1	EIF3CL	
LINC00339	1	HSPC157	
LINC02995	1	LOC285593	
PPP1R12A	1	PPP1R12A	
ARNT	1	ARNT	
TMED10P1	1	TMED10P1	
PIK3CA	1	PIK3CA	
PIK3C3	1	PIK3C3	
PPP1R12B	1	PPP1R12B	
PPP1R12C	1	PPP1R12C	
LINC00323	1	C21orf130	
LINC00324	1	C17orf44	
PPP1R15A	1	PPP1R15A	
PPP1R15B	1	PPP1R15B	
LRP1	1	LRP1	
LRP5	1	LRP5	
KATNB1	1	KATNB1	
LRP4	1	LRP4	
FURIN	1	FURIN	
LRP3	1	LRP3	
LRP8	1	LRP8	
PRIMPOL	1	CCDC111	
LRP6	1	LRP6	
MIEN1	1	C17orf37	
CNNM1	1	CNNM1	
RABGEF1P1	1	LOC493754	
KATNA1	1	KATNA1	
TIFA	1	TIFA	
PCBD1	1	PCBD1	
PCBD2	1	PCBD2	
CNNM2	1	CNNM2	
CNNM3	1	CNNM3	
CNNM4	1	CNNM4	
PPP1R14A	1	PPP1R14A	
METAP1D	1	MAP1D	
PPP1R14B	1	PPP1R14B	
PPP1R14C	1	PPP1R14C	
TIE1	1	TIE1	
AKR7L	1	AKR7L	
CDR2L	1	CDR2L	
PPP1R14D	1	PPP1R14D	
EIF4A2	1	EIF4A2	
EPHB6	1	EPHB6	
EIF4A1	1	EIF4A1	
TAS2R20	1	TAS2R20	
LRR1	1	PPIL5	
EIF4A3	1	EIF4A3	
ULK4	1	ULK4	
TONSL	1	NFKBIL2	
DNHD1	1	DNHD1	
GCC2	1	GCC2	
GCC1	1	GCC1	
NUBP1	1	NUBP1	
NUBP2	1	NUBP2	
UXT	1	UXT	
BAIAP2L2	1	BAIAP2L2	
TCL1A	1	TCL1A	
BAIAP2L1	1	BAIAP2L1	
POF1B	1	POF1B	
DHX57	1	DHX57	
DHX58	1	DHX58	
BCAP29	1	BCAP29	
OXER1	1	OXER1	
RCC1	1	RCC1	
CCNL2	1	CCNL2	
ACAD11	1	ACAD11	
CCNL1	1	CCNL1	
EPHB2	1	EPHB2	
ACAD10	1	ACAD10	
EPHB1	1	EPHB1	
EPHB4	1	EPHB4	
EPHB3	1	EPHB3	
EPHA5	1	EPHA5	
ARSA	1	ARSA	
EPHA4	1	EPHA4	
PABIR1	1	FAM122A	
EPHA7	1	EPHA7	
EPHA6	1	EPHA6	
MUSK	1	MUSK	
EPHA8	1	EPHA8	
TAS2R14	1	TAS2R14	
PABIR2	1	FAM122B	
GCAT	1	GCAT	
TAS2R19	1	TAS2R19	
PABIR3	1	FAM122C	
DHX40	1	DHX40	
MXRA8	1	MXRA8	
ULK3	1	ULK3	
ULK2	1	ULK2	
ULK1	1	ULK1	
MXRA7	1	MXRA7	
EPHA1	1	EPHA1	
PEX11G	1	PEX11G	
MXRA5	1	MXRA5	
EPHA3	1	EPHA3	
MMADHC	1	MMADHC	
EPHA2	1	EPHA2	
FKBP1AP1	1	FKBP1AP1	
GCDH	1	GCDH	
PAXIP1	1	PAXIP1	
PEX11A	1	PEX11A	
PEX11B	1	PEX11B	
PIK3R4	1	PIK3R4	
SUPT4H1	1	SUPT4H1	
PIK3R3	1	PIK3R3	
PIK3R2	1	PIK3R2	
PIK3R1	1	PIK3R1	
PTTG1IP	1	PTTG1IP	
ART5	1	ART5	
ART3	1	ART3	
PIK3R6	1	PIK3R6	
ART4	1	ART4	
PIK3R5	1	PIK3R5	
DHX30	1	DHX30	
DHX32	1	DHX32	
RAB11FIP1	1	RAB11FIP1	
ARSL	1	ARSE	
DHX33	1	DHX33	
TESPA1	1	KIAA0748	
PCBP3	1	PCBP3	
DHX34	1	DHX34	
MIER3	1	MIER3	
PCBP4	1	PCBP4	
ARSJ	1	ARSJ	
DHX35	1	DHX35	
MICAL1	1	MICAL1	
MIER2	1	MIER2	
PCBP1	1	PCBP1	
ARSK	1	ARSK	
DHX36	1	DHX36	
MIER1	1	MIER1	
PCBP2	1	PCBP2	
DHX37	1	DHX37	
ZBED2	1	ZBED2	
ARSI	1	ARSI	
DHX38	1	DHX38	
ZBED1	1	ZBED1	
ARSG	1	ARSG	
RCE1	1	RCE1	
ARSD	1	ARSD	
N4BP3	1	N4BP3	
RAB11FIP2	1	RAB11FIP2	
N4BP2	1	N4BP2	
RAB11FIP3	1	RAB11FIP3	
ZBED5	1	ZBED5	
ARSB	1	ARSB	
CLHC1	1	C2orf63	
N4BP1	1	N4BP1	
RAB11FIP4	1	RAB11FIP4	
ZBED4	1	ZBED4	
RAB11FIP5	1	RAB11FIP5	
ZBED3	1	ZBED3	
WWTR1	1	WWTR1	
TAS2R31	1	TAS2R31	
RCC2	1	RCC2	
MICAL3	1	MICAL3	
MICAL2	2	MICAL2:MICALCL	
ARTN	1	ARTN	
DHX29	1	DHX29	
CCNJL	1	CCNJL	
CETN2	1	CETN2	
CETN3	1	CETN3	
ARV1	1	ARV1	
STBD1	1	STBD1	
DHX15	1	DHX15	
DHX16	1	DHX16	
NCOA1	1	NCOA1	
NCOA2	1	NCOA2	
NCOA5	1	NCOA5	
STARD3NL	1	STARD3NL	
NCOA6	1	NCOA6	
NCOA3	1	NCOA3	
LINC00294	1	LOC283267	
NCOA4	1	NCOA4	
VSNL1	1	VSNL1	
BANK1	1	BANK1	
CCNI2	1	CCNI2	
NCOA7	1	NCOA7	
CRELD1	1	CRELD1	
CRELD2	1	CRELD2	
SFI1	1	SFI1	
SAMM50	1	SAMM50	
BCAP31	1	BCAP31	
GCH1	1	GCH1	
NORAD	1	LOC647979	
NUBPL	1	NUBPL	
GCGR	1	GCGR	
MAD2L2	1	MAD2L2	
GARS1	1	GARS	
CCNG2	1	CCNG2	
CCNG1	1	CCNG1	
AUNIP	1	C1orf135	
TARDBP	1	TARDBP	
MAD2L1	1	MAD2L1	
KLHL36	1	KLHL36	
KLHL38	1	KLHL38	
KLHL32	1	KLHL32	
KLHL33	1	KLHL33	
KLHL34	1	KLHL34	
KLHL35	1	KLHL35	
PHRF1	1	PHRF1	
KLHL30	1	KLHL30	
KLHL31	1	KLHL31	
CCND3	1	CCND3	
CCND2	1	CCND2	
CCND1	1	CCND1	
BANF1	1	BANF1	
PDGFRB	1	PDGFRB	
PDGFRA	1	PDGFRA	
HFM1	1	HFM1	
TPRA1	1	TPRA1	
CYBB	1	CYBB	
CYBA	1	CYBA	
RPP25L	1	C9orf23	
KLHL41	1	KBTBD10	
PDGFRL	1	PDGFRL	
KLHL42	1	KLHDC5	
PROCR	1	PROCR	
CCNE2	1	CCNE2	
CCNE1	1	CCNE1	
VCL	1	VCL	
KLHL18	1	KLHL18	
GCM1	1	GCM1	
NDRG4	1	NDRG4	
VCP	1	VCP	
NDRG3	1	NDRG3	
KLHL14	1	KLHL14	
KLHL15	1	KLHL15	
KLHL17	1	KLHL17	
KLHL10	1	KLHL10	
KLHL11	1	KLHL11	
KLHL12	1	KLHL12	
KLHL13	1	KLHL13	
NDRG2	1	NDRG2	
NDRG1	1	NDRG1	
TAF5L	1	TAF5L	
CCNB3	1	CCNB3	
CCNB2	1	CCNB2	
CCNB1	1	CCNB1	
BRINP2	1	FAM5B	
BRINP1	1	DBC1	
CYC1	1	CYC1	
PRODH	1	PRODH	
BRINP3	1	FAM5C	
GCN1	1	GCN1L1	
KLHL29	1	KLHL29	
GCKR	1	GCKR	
KLHL25	1	KLHL25	
KLHL26	1	KLHL26	
VDR	1	VDR	
KLHL28	1	KLHL28	
KLHL21	1	KLHL21	
KLHL22	1	KLHL22	
NFXL1	1	NFXL1	
KLHL23	1	KLHL23	
KLHL24	1	KLHL24	
ABHD12B	1	ABHD12B	
GULP1	1	GULP1	
KLHL20	1	KLHL20	
RCL1	1	RCL1	
GCLC	1	GCLC	
APPBP2	1	APPBP2	
CYCS	1	CYCS	
TAF4B	1	TAF4B	
GCLM	1	GCLM	
LGALS3BP	1	LGALS3BP	
YWHAE	1	YWHAE	
MCUR1	1	CCDC90A	
CNRIP1	1	CNRIP1	
YWHAB	1	YWHAB	
ABHD16A	1	BAT5	
SFR1	1	C10orf78	
YWHAQ	1	YWHAQ	
GATAD1	1	GATAD1	
YWHAG	1	YWHAG	
YWHAH	1	YWHAH	
GLRX3	1	GLRX3	
GLRX5	1	GLRX5	
TBC1D8	1	TBC1D8	
ABHD14B	1	ABHD14B	
TBC1D9	1	TBC1D9	
UBE2QL1	1	UBE2QL1	
ABHD14A	1	ABHD14A	
GLRX2	1	GLRX2	
YWHAZ	1	YWHAZ	
GCNA	1	ACRC	
C9orf152	1	C9orf152	
CCNA2	1	CCNA2	
RCN3	1	RCN3	
CCNA1	1	CCNA1	
TBC1D1	1	TBC1D1	
RCN1	1	RCN1	
SFPQ	1	SFPQ	
TBC1D2	1	TBC1D2	
PSRC1	1	PSRC1	
RCN2	1	RCN2	
TBC1D3	1	TBC1D3	
MMRN1	1	MMRN1	
TBC1D4	1	TBC1D4	
VGF	1	VGF	
TBC1D5	1	TBC1D5	
MMRN2	1	MMRN2	
TBC1D7	1	TBC1D7	
WHAMMP3	1	WHAMML1	
WHAMMP2	1	WHAMML2	
TUBAL3	1	TUBAL3	
RRBP1	1	RRBP1	
TAF1L	1	TAF1L	
ABHD17C	1	FAM108C1	
CYGB	1	CYGB	
C9orf163	1	C9orf163	
TAF1D	1	TAF1D	
TAF1B	1	TAF1B	
TNKS2	1	TNKS2	
TAF1C	1	TAF1C	
TAF1A	1	TAF1A	
VHL	1	VHL	
TAF15	1	TAF15	
TAF12	1	TAF12	
TAF13	1	TAF13	
TAF10	1	TAF10	
TAF11	1	TAF11	
ABHD16B	1	C20orf135	
PROB1	1	LOC389333	
ABHD17B	1	FAM108B1	
ABHD17A	1	FAM108A1	
ASB8	1	ASB8	
ASB9	1	ASB9	
ASB6	1	ASB6	
ASB7	1	ASB7	
ASB4	1	ASB4	
QRICH1	1	QRICH1	
QRICH2	1	QRICH2	
VIM	1	VIM	
ASB2	1	ASB2	
VIP	1	VIP	
ASB3	1	ASB3	
RPL26L1	1	RPL26L1	
ASB1	1	ASB1	
VIT	1	VIT	
MAML2	1	MAML2	
MAML1	1	MAML1	
MYT1L	1	MYT1L	
RAPH1	1	RAPH1	
THYN1	1	THYN1	
ZNG1F	1	CBWD6	
GCSH	1	GCSH	
ZNG1A	1	CBWD1	
ZNG1B	1	CBWD2	
BVES	1	BVES	
ZNG1C	1	CBWD3	
WSB1	1	WSB1	
WSB2	1	WSB2	
ANKHD1-EIF4EBP3	1	ANKHD1-EIF4EBP3	
IFT80	1	IFT80	
IFT88	1	IFT88	
EOLA2-DT	1	LOC100272228	
IFT81	1	IFT81	
MAML3	1	MAML3	
UBA52	1	UBA52	
NEDD4L	1	NEDD4L	
ATXN7L3B	1	ATXN7L3B	
SLAIN2	1	SLAIN2	
A1BG	1	A1BG	
SLAIN1	1	SLAIN1	
GSDMD	1	GSDMD	
GSDMC	1	GSDMC	
GSDMB	1	GSDMB	
GSDMA	1	GSDMA	
TMEM190	1	TMEM190	
TMEM192	1	TMEM192	
RNASE13	1	RNASE13	
A1CF	1	A1CF	
TMEM196	1	TMEM196	
TMEM198	1	TMEM198	
TMEM199	1	TMEM199	
CYLD	1	CYLD	
FA2H	1	FA2H	
ASAH2B	1	ASAH2B	
CHRFAM7A	1	CHRFAM7A	
GSDME	1	DFNA5	
LINC01512	1	LOC100132354	
TMEM181	1	TMEM181	
TMEM182	1	TMEM182	
TMEM186	1	TMEM186	
TMEM187	1	TMEM187	
GPRASP1	1	GPRASP1	
LDLRAP1	1	LDLRAP1	
GPRASP2	1	GPRASP2	
GPRASP3	1	BHLHB9	
SLC2A14	1	SLC2A14	
SLC2A11	1	SLC2A11	
SLC2A10	1	SLC2A10	
SLC2A13	1	SLC2A13	
SLC2A12	1	SLC2A12	
FN3KRP	1	FN3KRP	
TACR2	1	TACR2	
TMEM171	1	TMEM171	
TACR1	1	TACR1	
TMEM175	1	TMEM175	
TMEM177	1	TMEM177	
LSG1	1	LSG1	
TMEM179	1	TMEM179	
SLCO4A1	1	SLCO4A1	
NPSR1	1	NPSR1	
PLPPR1	1	LPPR1	
PLPPR2	1	LPPR2	
PLPPR3	1	LPPR3	
ANKRD55	1	ANKRD55	
PLPPR4	1	LPPR4	
PLPPR5	1	LPPR5	
TMEM160	1	TMEM160	
HOXD10	1	HOXD10	
TMEM163	1	TMEM163	
TMEM164	1	TMEM164	
TMEM165	1	TMEM165	
TMEM168	1	TMEM168	
TMEM169	1	TMEM169	
ANKRD53	1	ANKRD53	
ANKRD54	1	ANKRD54	
ANKRD52	1	ANKRD52	
ANKRD50	1	ANKRD50	
TMEM154	1	TMEM154	
ERP44	1	ERP44	
TMEM156	1	TMEM156	
TMEM158	1	TMEM158	
ZNFX1	1	ZNFX1	
SLCO4C1	1	SLCO4C1	
ANKRD65	1	LOC441869	
ANKRD39	1	ANKRD39	
ANKRD37	1	ANKRD37	
LINC00265	1	LOC349114	
ANKRD35	1	ANKRD35	
ANKRD36	1	ANKRD36	
LINC00261	1	C20orf56	
DACH2	1	DACH2	
ZFP36	1	ZFP36	
DACH1	1	DACH1	
GRB14	1	GRB14	
NAGLU	1	NAGLU	
ZFP30	1	ZFP30	
GRAP2	1	GRAP2	
GRB10	1	GRB10	
TMSB10	1	TMSB10	
ZFP37	1	ZFP37	
LINC01588	1	C14orf182	
CD177	1	CD177	
ANKRD49	1	ANKRD49	
ANKRD46	1	ANKRD46	
ANKRD44	1	ANKRD44	
ANKRD45	1	ANKRD45	
CD180	1	CD180	
CYS1	1	CYS1	
SYPL2	1	SYPL2	
BSCL2	1	BSCL2	
CLIP3	1	CLIP3	
CLIP2	1	CLIP2	
CLIP1	1	CLIP1	
SYPL1	1	SYPL1	
ZFP41	1	ZFP41	
CLIP4	1	CLIP4	
ANKRD42	1	ANKRD42	
ERP29	1	ERP29	
ANKRD40	1	ANKRD40	
ERP27	1	ERP27	
GRAPL	1	GRAPL	
PHPT1	1	PHPT1	
MAD1L1	1	MAD1L1	
ANKRD17	1	ANKRD17	
ANKRD16	1	ANKRD16	
CALCRL	1	CALCRL	
CD151	1	CD151	
ANKRD11	1	ANKRD11	
SUZ12P1	1	SUZ12P	
ANKRD12	1	ANKRD12	
ILDR1	1	ILDR1	
ILDR2	1	ILDR2	
ZDHHC8BP	1	ZDHHC8P1	
VTN	1	VTN	
HMBOX1	1	HMBOX1	
ZFP57	1	ZFP57	
ANKRD10	1	ANKRD10	
ANKRD28	1	ANKRD28	
ESRRA	1	ESRRA	
ANKRD29	1	ANKRD29	
CD164	1	CD164	
ANKRD26	1	ANKRD26	
CD163	1	CD163	
ANKRD27	1	ANKRD27	
IFTAP	1	C11orf74	
ANKRD24	1	ANKRD24	
CD160	1	CD160	
ZG16B	1	ZG16B	
ANKRD22	1	ANKRD22	
ANKRD23	1	ANKRD23	
ESRRB	1	ESRRB	
LSM1	1	LSM1	
ASNS	1	ASNS	
ESRRG	1	ESRRG	
LSM5	1	LSM5	
LSM4	1	LSM4	
LSM3	1	LSM3	
LSM2	1	LSM2	
TRMT9B	1	C8orf79	
CNOT4	1	CNOT4	
CNOT6	1	CNOT6	
LSM7	1	LSM7	
ZFP69	1	ZNF642	
CNOT7	1	CNOT7	
LSM6	1	LSM6	
CNOT1	1	CNOT1	
ZFP62	1	ZFP62	
CNOT2	1	CNOT2	
CNOT3	1	CNOT3	
TADA3	1	TADA3	
ZFP64	1	ZFP64	
TADA1	1	TADA1	
CNOT8	1	CNOT8	
EIF4G3	1	EIF4G3	
CNOT9	1	RQCD1	
EIF4G2	1	EIF4G2	
EIF4G1	1	EIF4G1	
DPP10	1	DPP10	
LINC01550	1	C14orf64	
EIF4E3	1	EIF4E3	
LSP1	1	LSP1	
ZFP82	1	ZFP82	
NAGPA	1	NAGPA	
SGCE	1	SGCE	
SGCD	1	SGCD	
SGCA	1	SGCA	
SGCB	1	SGCB	
LINC02878	1	BREA2	
LINC01547	1	C21orf67	
HIF1AN	1	HIF1AN	
SGCG	1	SGCG	
LINC02875	1	C17orf82	
LINC02870	1	C10orf91	
LINC02872	1	C9orf170	
VWF	1	VWF	
ZFP92	1	ZFP92	
ZFP91	1	ZFP91	
ASPN	1	ASPN	
ZFP90	1	ZFP90	
ASPM	1	ASPM	
ETV3L	1	ETV3L	
ASPH	1	ASPH	
ESRP2	1	ESRP2	
ESRP1	1	ESRP1	
ASPG	1	ASPG	
LINC00205	1	LOC642852	
SNRPA1	1	SNRPA1	
PKHD1L1	1	PKHD1L1	
EIF4E2	1	EIF4E2	
ASPA	1	ASPA	
LINC00240	1	C6orf41	
MIR155HG	1	MIR155HG	
NLGN3	1	NLGN3	
LINC00242	1	C6orf122	
NLGN1	1	NLGN1	
NLGN2	1	NLGN2	
VXN	1	C8orf46	
EP400P1	1	EP400NL	
EEIG2	1	FAM102B	
LINC00239	1	C14orf72	
SNRPB2	1	SNRPB2	
WASF1	1	WASF1	
WASF2	1	WASF2	
WASF3	1	WASF3	
LINC02897	1	C1orf229	
EEIG1	1	FAM102A	
CDRT4	1	CDRT4	
RCVRN	1	RCVRN	
LINC02893	1	LOC440173	
TXNRD3	1	TXNRD3IT1	
TXNRD2	1	TXNRD2	
TXNRD1	1	TXNRD1	
ASS1	1	ASS1	
LINC01559	1	C12orf36	
CBLN4	1	CBLN4	
RHEBL1	1	RHEBL1	
LINC01554	1	C5orf27	
CBLN3	1	CBLN3	
MMACHC	1	MMACHC	
CBLN2	1	CBLN2	
CBLN1	1	CBLN1	
STEEP1	1	CXorf56	
FAAH	1	FAAH	
VIPR1	1	VIPR1	
VIPR2	1	VIPR2	
LST1	1	LST1	
GDE1	1	GDE1	
HGH1	1	C8orf30A	
PKD2L1	1	PKD2L1	
SCARNA2	1	SCARNA2	
NADSYN1	1	NADSYN1	
RAPGEFL1	1	RAPGEFL1	
TRMT44	1	C4orf23	
ZFPL1	1	ZFPL1	
AGFG2	1	AGFG2	
AGFG1	1	AGFG1	
GARIN5A	1	FAM71E1	
CYP27A1	1	CYP27A1	
CARHSP1	1	CARHSP1	
RRAGA	1	RRAGA	
RRAGC	1	RRAGC	
PDE12	1	PDE12	
RRAGB	1	RRAGB	
CD109	1	CD109	
RRAGD	1	RRAGD	
VDAC3	1	VDAC3	
VDAC2	1	VDAC2	
VDAC1	1	VDAC1	
ZFPM2	1	ZFPM2	
CBLL1	1	CBLL1	
ZFPM1	1	ZFPM1	
CD101	1	CD101	
NECAB2	1	NECAB2	
NECAB1	1	NECAB1	
NECAB3	1	NECAB3	
PDE1C	1	PDE1C	
PDE1B	1	PDE1B	
PDE1A	1	PDE1A	
EIF5A2	1	EIF5A2	
CD99L2	1	CD99L2	
TRMT2A	1	TRMT2A	
TRMT2B	1	TRMT2B	
CYP27B1	1	CYP27B1	
DGUOK	1	DGUOK	
NUAK1	1	NUAK1	
NUAK2	1	NUAK2	
VPS8	1	VPS8	
LARRPM	1	LOC100270746	
FADD	1	FADD	
TRMT1L	1	C1orf25	
ZRSR2	1	ZRSR2	
CBLIF	1	GIF	
SIAH2	1	SIAH2	
PDE2A	1	PDE2A	
SIAH1	1	SIAH1	
DDIT4L	1	DDIT4L	
GDF1	1	GDF1	
IFNLR1	1	IL28RA	
GDF3	1	GDF3	
GDF6	1	GDF6	
HSPBAP1	1	HSPBAP1	
ACADSB	1	ACADSB	
GDF5	1	GDF5	
UBAC1	1	UBAC1	
UBAC2	1	UBAC2	
GDF9	1	GDF9	
SCARNA9	1	SCARNA9	
CYP27C1	1	CYP27C1	
STAG1	1	STAG1	
STAG2	1	STAG2	
STAG3	1	STAG3	
SCARNA7	1	SCARNA7	
CORO6	1	CORO6	
PDE3A	1	PDE3A	
TRMT12	1	TRMT12	
TRMT13	1	CCDC76	
ALDH18A1	1	ALDH18A1	
CORO7	1	CORO7	
TRMT11	1	TRMT11	
INKA2	1	C1orf183	
INKA1	1	C3orf54	
CLIC6	1	CLIC6	
OR2A1	1	OR2A1	
CLIC5	1	CLIC5	
CLIC4	1	CLIC4	
PMS2CL	1	PMS2CL	
CLIC3	1	CLIC3	
FASTKD1	1	FASTKD1	
GDI1	1	GDI1	
FASTKD2	1	FASTKD2	
SH3KBP1	1	SH3KBP1	
FAF1	1	FAF1	
FASTKD3	1	FASTKD3	
TPI1P2	1	TPI1P2	
FAF2	1	FAF2	
GDI2	1	GDI2	
STAB2	1	STAB2	
ZBTB8OS	1	ZBTB8OS	
URB1-AS1	1	C21orf119	
STAB1	1	STAB1	
CLIC2	1	CLIC2	
CLIC1	1	CLIC1	
MAP4K1	1	MAP4K1	
LINC00174	1	NCRNA00174	
PRMT6	1	PRMT6	
MAP4K2	1	MAP4K2	
PRMT5	1	PRMT5	
ATP6V0B	1	ATP6V0B	
MANBA	1	MANBA	
PRMT7	1	PRMT7	
PRMT2	1	PRMT2	
PRMT1	1	PRMT1	
LINC00173	1	NCRNA00173	
PRMT3	1	PRMT3	
NAALADL2	1	NAALADL2	
NAALADL1	1	NAALADL1	
BBS10	1	BBS10	
BBS12	1	BBS12	
FASTKD5	1	FASTKD5	
WAC	1	WAC	
RDH5	1	RDH5	
SGK3	1	SGK3	
KPTN	1	KPTN	
SGK1	1	SGK1	
UMPS	1	UMPS	
ATP6V0C	1	ATP6V0C	
PRMT9	1	PRMT10	
SGK2	1	SGK2	
RAPSN	1	RAPSN	
LILRA6	1	LILRA6	
AHI1-DT	1	C6orf217	
WAS	1	WAS	
LILRA1	1	LILRA1	
LILRA2	1	LILRA2	
LILRA3	1	LILRA3	
LILRA4	1	LILRA4	
PPP1R2P1	1	PPP1R2P1	
LILRA5	1	LILRA5	
TLDC2	1	C20orf118	
MAP4K5	1	MAP4K5	
MPZL3	1	MPZL3	
CORIN	1	CORIN	
MAP4K3	1	MAP4K3	
MPZL1	1	MPZL1	
MAP4K4	1	MAP4K4	
MPZL2	1	MPZL2	
DNAJC5B	1	DNAJC5B	
CIMAP1D	1	ODF3L2	
CIMAP1C	1	ODF3L1	
CIMAP1B	1	ODF3B	
STAC3	1	STAC3	
LILRB1	1	LILRB1	
LILRB2	1	LILRB2	
LILRB3	1	LILRB3	
LILRB4	1	LILRB4	
LILRB5	1	LILRB5	
TJP1	1	TJP1	
TPPP3	1	TPPP3	
STAC2	1	STAC2	
TOMM7	1	TOMM7	
LINC00189	1	NCRNA00189	
TJP3	1	TJP3	
TOMM5	1	TOMM5	
TJP2	1	TJP2	
TOMM6	1	TOMM6	
PMS2P9	1	LOC100132832	
AMY2A	1	AMY2A	
AMY2B	1	AMY2B	
PMS2P5	1	PMS2L5	
PMS2P4	1	PMS2L4	
ARID4A	1	ARID4A	
ARID4B	1	ARID4B	
TMEM140	1	TMEM140	
MANEA	1	MANEA	
TMEM141	1	TMEM141	
TMEM143	1	TMEM143	
RDM1	1	RDM1	
TMEM144	1	TMEM144	
TMEM145	1	TMEM145	
TMEM147	1	TMEM147	
PTTG1	1	PTTG1	
PDE8B	1	PDE8B	
PDE8A	1	PDE8A	
TMEM14A	1	TMEM14A	
TMEM14B	1	TMEM14B	
TMEM14C	1	TMEM14C	
UNC5CL	1	UNC5CL	
AMY1A	1	AMY1A	
ARID5A	1	ARID5A	
ARID5B	1	ARID5B	
CGRRF1	1	CGRRF1	
TMEM130	1	TMEM130	
TMEM131	1	TMEM131	
SGO1	1	SGOL1	
SGO2	1	SGOL2	
TMEM134	1	TMEM134	
TMEM135	1	TMEM135	
DNAJC30	1	DNAJC30	
TMEM138	1	TMEM138	
TMEM139	1	TMEM139	
PMS2P3	1	PMS2L3	
PMS2P2	1	PMS2L2	
PMS2P1	1	PMS2L1	
LMX1B	1	LMX1B	
STAM2	1	STAM2	
PDE9A	1	PDE9A	
FAIM	1	FAIM	
ATP6V1A	1	ATP6V1A	
DNAJC22	1	DNAJC22	
DNAJC24	1	DNAJC24	
DNAJC25	1	DNAJC25	
DNAJC27	1	DNAJC27	
DNAJC28	1	DNAJC28	
SEL1L3	1	SEL1L3	
TMEM121	1	TMEM121	
TMEM123	1	TMEM123	
ASIC4	1	ACCN4	
TMEM125	1	TMEM125	
PODXL	1	PODXL	
TMEM127	1	TMEM127	
TMEM128	1	TMEM128	
DNAJC21	1	DNAJC21	
SOHLH2	1	SOHLH2	
TMEM129	1	TMEM129	
ATP6V1H	1	ATP6V1H	
STAP1	1	STAP1	
STAP2	1	STAP2	
SUDS3	1	SUDS3	
ASIC2	1	ACCN1	
ASIC3	1	ACCN3	
ATP6V1D	1	ATP6V1D	
ASIC1	1	ACCN2	
ATP6V1F	1	ATP6V1F	
DNAJC19	1	DNAJC19	
EPHX2	1	EPHX2	
EPHX1	1	EPHX1	
DNAJC11	1	DNAJC11	
EPHX4	1	EPHX4	
DNAJC12	1	DNAJC12	
EPHX3	1	EPHX3	
DNAJC13	1	DNAJC13	
DNAJC14	1	DNAJC14	
DNAJC15	1	DNAJC15	
DNAJC16	1	DNAJC16	
DNAJC17	1	DNAJC17	
DNAJC18	1	DNAJC18	
MANCR	1	LOC100216001	
TMEM115	1	TMEM115	
TMEM116	1	TMEM116	
TMEM117	1	TMEM117	
DNAJC10	1	DNAJC10	
TMEM119	1	TMEM119	
OR2A7	1	OR2A7	
OR2A4	1	OR2A4	
ACADVL	1	ACADVL	
MCTP1	1	MCTP1	
PDE3B	1	PDE3B	
ELAVL4	1	ELAVL4	
ELAVL1	1	ELAVL1	
ELAVL2	1	ELAVL2	
ELAVL3	1	ELAVL3	
SGSH	1	SGSH	
TMEM100	1	TMEM100	
TMEM101	1	TMEM101	
KRT10-AS1	1	TMEM99	
TMEM102	1	TMEM102	
UPK1B	1	UPK1B	
UPK1A	1	UPK1A	
NETO1	1	NETO1	
TMEM104	1	TMEM104	
TMEM105	1	TMEM105	
ENOSF1	1	ENOSF1	
TMEM107	1	TMEM107	
PDE4B	1	PDE4B	
TMEM108	1	TMEM108	
PDE4A	1	PDE4A	
TMEM109	1	TMEM109	
HIBCH	1	HIBCH	
GARIN1A	1	FAM71F2	
PDE4D	1	PDE4D	
PDE4C	1	PDE4C	
ARID1A	1	ARID1A	
UPK3B	1	UPK3B	
ARID1B	1	ARID1B	
UPK3A	1	UPK3A	
LATS1	1	LATS1	
LATS2	1	LATS2	
EHHADH	1	EHHADH	
PDE5A	1	PDE5A	
MCTP2	1	MCTP2	
FAN1	1	MTMR15	
POLDIP2	1	POLDIP2	
POLDIP3	1	POLDIP3	
IER5L	1	IER5L	
WIZ	1	WIZ	
DBF4B	1	DBF4B	
CZIB	1	C1orf123	
SLC22A18AS	1	SLC22A18AS	
PDE6D	1	PDE6D	
PDE6B	1	PDE6B	
PDE6A	1	PDE6A	
ATE1	1	ATE1	
SGTB	1	SGTB	
WTAP	1	WTAP	
PDE6G	1	PDE6G	
SGTA	1	SGTA	
DTNBP1	1	DTNBP1	
ZFC3H1	1	ZFC3H1	
ARID3A	1	ARID3A	
ARID3B	1	ARID3B	
SH3YL1	1	SH3YL1	
LTBR	1	LTBR	
PDE7B	1	PDE7B	
PDE7A	1	PDE7A	
ATF1	1	ATF1	
ATF2	1	ATF2	
TESK1	1	TESK1	
TESK2	1	TESK2	
NDST2	1	NDST2	
ENDOU	1	ENDOU	
NDST1	1	NDST1	
ENDOV	1	FLJ35220	
NDST3	1	NDST3	
C3AR1	1	C3AR1	
FOXO3B	1	FOXO3B	
SUPT20H	1	FAM48A	
WLS	1	WLS	
ATG3	1	ATG3	
ENDOG	1	ENDOG	
MCEMP1	1	C19orf59	
CD2AP	1	CD2AP	
ATF7	1	ATF7	
FAR1	1	FAR1	
FAR2	1	FAR2	
ATF5	1	ATF5	
ATF6	1	ATF6	
ATF3	1	ATF3	
ATF4	1	ATF4	
GATA6	1	GATA6	
PDGFB	1	PDGFB	
TPRG1L	1	TPRG1L	
GATA5	1	GATA5	
PDGFA	1	PDGFA	
GATA4	1	GATA4	
GATA3	1	GATA3	
GATA2	1	GATA2	
GATA1	1	GATA1	
CIAO3	1	NARFL	
CIAO1	1	CIAO1	
EPB41L5	1	EPB41L5	
EPB41L1	1	EPB41L1	
EPB41L2	1	EPB41L2	
PDGFD	1	PDGFD	
EPB41L3	1	EPB41L3	
PDGFC	1	PDGFC	
PIP5K1A	1	PIP5K1A	
PIP5K1B	1	PIP5K1B	
PIP5K1C	1	PIP5K1C	
ATG7	1	ATG7	
ATG5	1	ATG5	
RDUR	1	LOC152225	
VANGL1	1	VANGL1	
VANGL2	1	VANGL2	
PRXL2A	1	C10orf58	
PRXL2B	1	C1orf93	
FASN	1	FASN	
PRXL2C	1	C9orf21	
FAT1	1	FAT1	
FAT2	1	FAT2	
FAT3	1	FAT3	
FAT4	1	FAT4	
HNRNPA1L2	1	HNRNPA1L2	
LIN54	1	LIN54	
BHLHE41	1	BHLHE41	
HOXC11	1	HOXC11	
HOXC10	1	HOXC10	
SMPD3	1	SMPD3	
SMPD2	1	SMPD2	
ATIC	1	ATIC	
SMPD4	1	SMPD4	
SMPD1	1	SMPD1	
TCP11L1	1	TCP11L1	
TCP11L2	1	TCP11L2	
ENOPH1	1	ENOPH1	
LIN52	1	LIN52	
GATD1	1	PDDC1	
MIR646HG	1	C20orf197	
TPSG1	1	TPSG1	
GATD3	1	C21orf33	
CDC20B	1	CDC20B	
PHF20L1	1	PHF20L1	
CYP21A2	1	CYP21A2	
SAMD5	1	SAMD5	
TPSD1	1	TPSD1	
SAMD8	1	SAMD8	
ATL3	1	ATL3	
LIN37	1	LIN37	
SAMD9	1	SAMD9	
ATL1	1	ATL1	
FAXC	1	C6orf168	
ATL2	1	ATL2	
WRN	1	WRN	
FAM201A	1	C9orf122	
CNPY4	1	CNPY4	
SAMD1	1	SAMD1	
SAMD3	1	SAMD3	
LIMS3	1	LIMS3	
C4orf3	1	C4orf3	
TMEM270	1	WBSCR28	
TMEM272	1	FLJ37307	
WTIP	1	WTIP	
TMEM273	1	C10orf128	
FAM200C	1	C5orf54	
FAM200B	1	FAM200B	
FAM200A	1	FAM200A	
WT1	1	WT1	
SLMAP	1	SLMAP	
EBAG9	1	EBAG9	
LIMS2	1	LIMS2	
LIMS1	1	LIMS1	
MPV17L	1	MPV17L	
ATN1	1	ATN1	
LTN1	1	RNF160	
FAM204A	1	C10orf84	
HHAT	1	HHAT	
CEP250	1	CEP250	
EIF1AX	1	EIF1AX	
CNPY2	1	CNPY2	
CNPY3	1	CNPY3	
CDC25C	1	CDC25C	
NCCRP1	1	NCCRP1	
CDC25A	1	CDC25A	
CDC25B	1	CDC25B	
TPST2	1	TPST2	
TPST1	1	TPST1	
HNF1A-AS1	1	C12orf27	
LPAL2	1	LPAL2	
SHC4	1	SHC4	
CD274	1	CD274	
SHC2	1	SHC2	
SHC3	1	SHC3	
SHC1	1	SHC1	
LIN7A	1	LIN7A	
LIN7C	1	LIN7C	
LIN7B	1	LIN7B	
EIF1AD	1	EIF1AD	
TKFC	1	DAK	
EIF4EBP1	1	EIF4EBP1	
EIF4EBP2	1	EIF4EBP2	
EIF4EBP3	1	EIF4EBP3	
LINC01003	1	LOC100128822	
CD276	1	CD276	
LINC01001	1	LOC100133161	
MFSD6L	1	MFSD6L	
LTO1	1	ORAOV1	
SHBG	1	SHBG	
LRGUK	1	LRGUK	
MCMDC2	1	C8orf45	
LEAP2	1	LEAP2	
AKAP8L	1	AKAP8L	
TSPAN12	1	TSPAN12	
TSPAN11	1	TSPAN11	
TSPAN10	1	TSPAN10	
HHEX	1	HHEX	
TAGAP	1	TAGAP	
CEP290	1	CEP290	
UNKL	1	UNKL	
APAF1	1	APAF1	
CEP295	1	KIAA1731	
ATRX	1	ATRX	
SEZ6L	1	SEZ6L	
ATRN	1	ATRN	
TMBIM4	1	TMBIM4	
HAND2	1	HAND2	
TMBIM1	1	TMBIM1	
TMBIM6	1	TMBIM6	
PRPS2	1	PRPS2	
PRPS1	1	PRPS1	
PBXIP1	1	PBXIP1	
TSPAN33	1	TSPAN33	
DEPP1	1	C10orf10	
TSPAN32	1	TSPAN32	
TSPAN31	1	TSPAN31	
KCTD20	1	KCTD20	
KCTD21	1	KCTD21	
PCDH1	1	PCDH1	
H2AZ1	1	H2AFZ	
H2AZ2	1	H2AFV	
MARCKSL1	1	MARCKSL1	
PCDH9	1	PCDH9	
MID1IP1	1	MID1IP1	
PCDH7	1	PCDH7	
PCDH8	1	PCDH8	
KIAA1549L	1	C11orf41	
SYT16	1	SYT16	
SYT15	1	SYT15	
FAM209B	1	C20orf107	
SYT14	1	SYT14	
SYT13	1	SYT13	
REC8	1	REC8	
SUGCT	1	C7orf10	
SYT17	1	SYT17	
TSPAN15	1	TSPAN15	
MGAM2	2	LOC100124692:LOC93432	
TSPAN14	1	TSPAN14	
TSPAN13	1	TSPAN13	
SYT12	1	SYT12	
SYT11	1	SYT11	
TSPAN18	1	TSPAN18	
TSPAN17	1	TSPAN17	
CD248	1	CD248	
CD247	1	CD247	
PIK3AP1	1	PIK3AP1	
SHFL	1	C19orf66	
RECK	1	RECK	
CD244	1	CD244	
DMGDH	1	DMGDH	
LTV1	1	LTV1	
SMARCAL1	1	SMARCAL1	
HHIP	1	HHIP	
NUDT1	1	NUDT1	
NUDT2	1	NUDT2	
NTAQ1	1	WDYHV1	
NUDT5	1	NUDT5	
NUDT6	1	NUDT6	
NUDT3	1	NUDT3	
IL27RA	1	IL27RA	
NUDT4	1	NUDT4	
MFSD2B	1	MFSD2B	
MFSD2A	1	MFSD2A	
KCTD19	1	KCTD19	
RIIAD1	1	C1orf230	
MFSD11	1	MFSD11	
MFSD12	1	C19orf28	
MFSD10	1	MFSD10	
NICOL1	1	C4orf48	
KCTD10	1	KCTD10	
KCTD13	1	KCTD13	
KCTD14	1	KCTD14	
CD226	1	CD226	
KCTD11	1	KCTD11	
MGARP	1	C4orf49	
KCTD12	1	KCTD12	
BCORL1	1	BCORL1	
KCTD17	1	KCTD17	
KCTD18	1	KCTD18	
KCTD15	1	KCTD15	
KCTD16	1	KCTD16	
USHBP1	1	USHBP1	
FBF1	1	FBF1	
LPAR1	1	LPAR1	
LPAR2	1	LPAR2	
LPAR3	1	LPAR3	
LPAR4	1	LPAR4	
MBTD1	1	MBTD1	
CEP192	1	CEP192	
DMAC2L	1	ATP5S	
STAT5A	1	STAT5A	
STAT5B	1	STAT5B	
REG4	1	REG4	
GREB1	1	GREB1	
OSGIN1	1	OSGIN1	
BSDC1	1	BSDC1	
OSGIN2	1	OSGIN2	
NTAN1	1	NTAN1	
AIMP1	1	AIMP1	
AIMP2	1	AIMP2	
ALDH6A1	1	ALDH6A1	
LPAR5	1	LPAR5	
CD209	1	CD209	
LPAR6	1	LPAR6	
CD207	1	CD207	
KYAT3	1	CCBL2	
KYAT1	1	CCBL1	
MRAP2	1	MRAP2	
CD200	1	CD200	
SUGP2	1	SFRS14	
SUGP1	1	SF4	
DHRS12	1	DHRS12	
DHRS13	1	DHRS13	
DHRS11	1	DHRS11	
FBH1	1	FBXO18	
IL24	1	IL24	
WT1-AS	1	WIT1	
WFDC1	1	WFDC1	
B3GNTL1	1	B3GNTL1	
SH3RF1	1	SH3RF1	
WFDC2	1	WFDC2	
WFDC3	1	WFDC3	
AKAP12	1	AKAP12	
AKAP13	1	AKAP13	
AKAP10	1	AKAP10	
AKAP11	1	AKAP11	
SPTAN1	1	SPTAN1	
OXGR1	1	OXGR1	
IL10	1	IL10	
IL11	1	IL11	
PRORSD1P	1	PRDXDD1P	
ATMIN	1	ATMIN	
IL15	1	IL15	
PABPC4	1	PABPC4	
PABPC5	1	PABPC5	
IL18	1	IL18	
IL19	1	IL19	
IL16	1	IL16	
IL1A	1	IL1A	
IL1B	1	IL1B	
PABPC3	1	PABPC3	
PABPC1	1	PABPC1	
TAGLN	1	TAGLN	
RELA	1	RELA	
RELB	1	RELB	
MFSD4A	1	MFSD4	
REM1	1	REM1	
RELN	1	RELN	
PDZD11	1	PDZD11	
MGAT5	2	MGAT5:LOC151162	
MGAT3	1	MGAT3	
MGAT1	1	MGAT1	
MGAT2	1	MGAT2	
RELT	1	RELT	
XDH	1	XDH	
MFSD4B	1	KIAA1919	
REM2	1	REM2	
H2BC9	1	HIST1H2BH	
IL32	1	IL32	
IL33	1	IL33	
H2BC8	1	HIST1H2BG	
H2BC5	1	HIST1H2BD	
PNPLA7	1	PNPLA7	
H2BC6	1	HIST1H2BE	
PNPLA8	1	PNPLA8	
IL34	1	IL34	
H2BC4	1	HIST1H2BC	
PCDHB15	1	PCDHB15	
VEGFB	1	VEGFB	
PCDHB14	1	PCDHB14	
VEGFC	1	VEGFC	
VEGFD	1	FIGF	
PCDHB13	1	PCDHB13	
PCDHB12	1	PCDHB12	
PCDHB11	1	PCDHB11	
PCDHB10	1	PCDHB10	
VEGFA	1	VEGFA	
NUDT9	1	NUDT9	
SH3RF3	1	SH3RF3	
SH3RF2	1	SH3RF2	
KITLG	1	KITLG	
NUDT7	1	NUDT7	
MIS18A	1	C21orf45	
NUDT8	1	NUDT8	
OTULIN	1	FAM105B	
HNRNPA2B1	1	HNRNPA2B1	
PCDHB16	1	PCDHB16	
PNPLA3	1	PNPLA3	
AGGF1	1	AGGF1	
CCNYL1	1	CCNYL1	
PNPLA4	1	PNPLA4	
PNPLA6	1	PNPLA6	
KIAA1958	1	KIAA1958	
CCNYL6	1	LOC641367	
PNPLA1	1	PNPLA1	
PNPLA2	1	PNPLA2	
ZFAND4	1	ANUBL1	
UBE3C	1	UBE3C	
UBE3D	1	UBE2CBP	
ZFAND3	1	ZFAND3	
ZFAND6	1	ZFAND6	
ZFAND5	1	ZFAND5	
UBE3A	1	UBE3A	
TMEM260	1	C14orf101	
UBE3B	1	UBE3B	
ZFAND1	1	ZFAND1	
UBE2Z	1	UBE2Z	
TMEM263	1	C12orf23	
TMEM266	1	C15orf27	
TMEM267	1	C5orf28	
TMEM268	1	C9orf91	
IL6R	1	IL6R	
GEN1	1	GEN1	
IL4R	1	IL4R	
UBE4A	1	UBE4A	
UBE4B	1	UBE4B	
TMEM250	1	C9orf69	
POU3F1	1	POU3F1	
TMEM253	1	C14orf176	
TMEM254	1	C10orf57	
TMEM256	1	C17orf61	
SHQ1	1	SHQ1	
TMEM258	1	C11orf10	
MAP7D3	1	MAP7D3	
TMEM259	1	C19orf6	
MAP7D1	1	MAP7D1	
SHPK	1	SHPK	
EHBP1L1	1	EHBP1L1	
MAP7D2	1	MAP7D2	
SIDT1	1	SIDT1	
SIDT2	1	SIDT2	
FBN2	1	FBN2	
CACNA1B	1	CACNA1B	
CACNA1A	1	CACNA1A	
CACNA1D	1	CACNA1D	
BHLHE22	1	BHLHE22	
CACNA1C	1	CACNA1C	
C8orf44	1	C8orf44	
CACNA1F	1	CACNA1F	
TMEM240	1	C1orf70	
CACNA1E	1	CACNA1E	
TMEM241	1	C18orf45	
CACNA1H	1	CACNA1H	
TMEM242	1	C6orf35	
CACNA1G	1	CACNA1G	
TMEM243	1	C7orf23	
C8orf48	1	C8orf48	
CACNA1I	1	CACNA1I	
TMEM245	1	C9orf5	
SNTG2	1	SNTG2	
TMEM248	1	C7orf42	
DHRS7B	1	DHRS7B	
MFAP3L	1	MFAP3L	
TFAP2A	1	TFAP2A	
UBE2F	1	UBE2F	
TFAP2C	1	TFAP2C	
UBE2H	1	UBE2H	
PDHA1	1	PDHA1	
UBE2I	1	UBE2I	
VCAM1	1	VCAM1	
TFAP2E	1	TFAP2E	
UBE2B	1	UBE2B	
UBE2C	1	UBE2C	
UBE2A	1	UBE2A	
C8orf33	1	C8orf33	
C8orf34	1	C8orf34	
TMEM230	1	C20orf30	
TJAP1	1	TJAP1	
TMEM231	1	TMEM231	
TMEM232	1	TMEM232	
TMEM233	1	TMEM233	
UBE2W	1	UBE2W	
TMEM234	1	C1orf91	
TMEM236	1	FAM23A	
TMEM237	1	ALS2CR4	
CCPG1	1	CCPG1	
UBE2S	1	UBE2S	
UBE2T	1	UBE2T	
BHLHE40	2	BHLHE40:STRA13	
UBE2N	1	UBE2N	
UBE2O	1	UBE2O	
MANSC1	1	MANSC1	
IL7R	1	IL7R	
MXD1	1	MXD1	
UBE2K	1	UBE2K	
MXD3	1	MXD3	
FBN1	1	FBN1	
MXD4	1	MXD4	
UBE2M	1	UBE2M	
RERE	1	RERE	
PHTF2	1	PHTF2	
ZSCAN12P1	1	ZSCAN12P1	
PHTF1	1	PHTF1	
RERG	1	RERG	
TMEM220	1	TMEM220	
TMEM222	1	TMEM222	
TMEM223	1	TMEM223	
RASGEF1A	1	RASGEF1A	
MAN1A2	1	MAN1A2	
RASGEF1B	1	RASGEF1B	
RASGEF1C	1	RASGEF1C	
DACT2	1	DACT2	
DACT3	1	DACT3	
MAN1A1	1	MAN1A1	
GET1	1	WRB	
GET3	1	ASNA1	
ARFGEF3	1	KIAA1244	
DACT1	1	DACT1	
GET4	1	GET4	
SNTA1	1	SNTA1	
GREM1	1	GREM1	
GREM2	1	GREM2	
C8orf58	1	C8orf58	
TMEM213	1	TMEM213	
RER1	1	RER1	
SETBP1	1	SETBP1	
TMEM214	1	TMEM214	
TMEM215	1	TMEM215	
TMEM216	1	TMEM216	
TMEM217	1	TMEM217	
TMEM218	1	TMEM218	
TMEM219	1	TMEM219	
MAN1B1	1	MAN1B1	
FBP1	1	FBP1	
FBP2	1	FBP2	
IL9R	1	IL9R	
RAP1GDS1	1	RAP1GDS1	
C8orf82	1	MGC70857	
RETN	1	RETN	
TMEM201	1	TMEM201	
PABPN1	1	PABPN1	
TMEM203	1	TMEM203	
TMEM204	1	TMEM204	
MKNK1	1	MKNK1	
TMEM205	1	TMEM205	
MKNK2	1	MKNK2	
MXI1	1	MXI1	
MAN1C1	1	MAN1C1	
TMEM208	1	TMEM208	
TMEM209	1	TMEM209	
FBRS	1	FBRS	
ARFGEF1	1	ARFGEF1	
ARFGEF2	1	ARFGEF2	
RAMP2-AS1	1	LOC100190938	
ZNF804A	1	ZNF804A	
ZNF300P1	1	LOC134466	
SLC50A1	1	RAG1AP1	
MZF1-AS1	1	LOC100131691	
C8orf76	1	C8orf76	
REST	1	REST	
KRAS	1	KRAS	
SUGT1	1	SUGT1	
SNTB1	1	SNTB1	
SNTB2	1	SNTB2	
MAP10	1	KIAA1383	
EMC10	1	C19orf63	
EMBP1	1	LOC647121	
NYNRIN	1	NYNRIN	
CDK5RAP1	1	CDK5RAP1	
DLEU1	1	DLEU1	
PROK2	1	PROK2	
DLEU2	1	DLEU2	
CDK5RAP3	1	CDK5RAP3	
DLEU7	1	DLEU7	
PROK1	1	PROK1	
CDK5RAP2	1	CDK5RAP2	
MAP1S	1	MAP1S	
REV1	1	REV1	
GTPBP8	1	GTPBP8	
SCRIB	1	SCRIB	
GTPBP2	1	GTPBP2	
GTPBP1	1	GTPBP1	
GTPBP4	1	GTPBP4	
GTPBP3	1	GTPBP3	
ZC2HC1C	1	FAM164C	
ZC2HC1A	1	FAM164A	
PLEKHS1	1	C10orf81	
MAP1B	1	MAP1B	
MAP1A	1	MAP1A	
PPIEL	1	PPIEL	
RPL23P8	1	RPL23P8	
CTBP2	1	CTBP2	
CTBP1	1	CTBP1	
NAIF1	1	NAIF1	
XPA	1	XPA	
XPC	1	XPC	
RPS4Y1	1	RPS4Y1	
PCDHA1	1	PCDHA1	
PCDHA5	1	PCDHA5	
GSG1L	1	GSG1L	
HMOX1	1	HMOX1	
PCDHA4	1	PCDHA4	
PCDHA3	1	PCDHA3	
PCDHA2	1	PCDHA2	
PCDHA9	1	PCDHA9	
PROM1	1	PROM1	
PCDHA8	1	PCDHA8	
HMOX2	1	HMOX2	
PCDHA7	1	PCDHA7	
PCDHA6	1	PCDHA6	
PROM2	1	PROM2	
BARD1	1	BARD1	
TPRG1	1	TPRG1	
SETD1B	1	SETD1B	
SETD1A	1	SETD1A	
IRF2BP1	1	IRF2BP1	
IRF2BP2	1	IRF2BP2	
PCDHB2	1	PCDHB2	
PCDHB6	1	PCDHB6	
PCDHB5	1	PCDHB5	
MMS19	1	MMS19	
PCDHB4	1	PCDHB4	
PCDHB3	1	PCDHB3	
PCDHB9	1	PCDHB9	
PCDHB8	1	PCDHB8	
PCDHB7	1	PCDHB7	
KRI1	1	KRI1	
SPOUT1	1	C9orf114	
TAF7L	1	TAF7L	
PLEKHN1	1	PLEKHN1	
SMAD5-AS1	1	SMAD5OS	
TERF1	1	TERF1	
TERF2	1	TERF2	
FAM210B	1	C20orf108	
NCOR2	1	NCOR2	
FAM210A	1	C18orf19	
TAF6L	1	TAF6L	
NCOR1	1	NCOR1	
AEBP2	1	AEBP2	
PLEKHO1	1	PLEKHO1	
PLEKHO2	1	PLEKHO2	
CDC123	1	CDC123	
NDUFA4L2	1	NDUFA4L2	
SIAE	1	SIAE	
TAF9B	1	TAF9B	
CHKB-DT	1	LOC100144603	
RUNX1T1	1	RUNX1T1	
YTHDF1	1	YTHDF1	
YTHDF2	1	YTHDF2	
YTHDF3	1	YTHDF3	
CSNK1A1	1	CSNK1A1	
ECEL1	1	ECEL1	
SYNJ2BP	1	SYNJ2BP	
MKLN1	1	MKLN1	
SMOC2	1	SMOC2	
SMOC1	1	SMOC1	
CYP20A1	1	CYP20A1	
NUCB1	1	NUCB1	
TMEM39A	1	TMEM39A	
ENSG00000293232	1	LOC100134368	
TMEM39B	1	TMEM39B	
SCRG1	1	SCRG1	
NUCB2	1	NUCB2	
CEP126	1	KIAA1377	
MTFMT	1	MTFMT	
OXNAD1	1	OXNAD1	
TXNL4B	1	TXNL4B	
PLXND1	1	PLXND1	
PRORP	1	KIAA0391	
PROS1	1	PROS1	
CEP120	1	CEP120	
AUP1	1	AUP1	
CDC14C	1	CDC14C	
VIRMA	1	KIAA1429	
FAM216B	1	C13orf30	
CDC14A	1	CDC14A	
FAM216A	1	C12orf24	
CEP128	1	C14orf145	
HID1	1	C17orf28	
CDC14B	1	CDC14B	
SALL1	1	SALL1	
SALL2	1	SALL2	
SALL4	1	SALL4	
PHYHD1	1	PHYHD1	
PLXNC1	1	PLXNC1	
SNRNP35	1	SNRNP35	
TXNL4A	1	TXNL4A	
PCDHAC2	1	PCDHAC2	
PCDHAC1	1	PCDHAC1	
PLEKHJ1	1	PLEKHJ1	
RARS2	1	RARS2	
TLE4	1	TLE4	
CSNK1G3	1	CSNK1G3	
TLE3	1	TLE3	
SUPT16H	1	SUPT16H	
TLE2	1	TLE2	
CEP135	1	CEP135	
RARS1	1	RARS	
SNRPN	1	SNRPN	
TLE1	1	TLE1	
HARBI1	1	HARBI1	
CEP131	1	AZI1	
SPICE1	1	CCDC52	
PRP4K	1	PRPF4B	
VRK1	1	VRK1	
VRK2	1	VRK2	
VRK3	1	VRK3	
ILF2	1	ILF2	
HIC1	1	HIC1	
TLE6	1	TLE6	
TLE5	1	AES	
HIC2	1	HIC2	
ILF3	1	ILF3	
LTB4R2	1	LTB4R2	
PRELID1P6	1	LOC388955	
SNRPG	1	SNRPG	
SNRNP27	1	SNRNP27	
SNRPE	1	SNRPE	
SNRNP25	1	SNRNP25	
SNRPF	1	SNRPF	
SNRPC	1	SNRPC	
CSNK1G2	1	CSNK1G2	
SNRPA	1	SNRPA	
CSNK1G1	1	CSNK1G1	
SNRPB	1	SNRPB	
CEP104	1	KIAA0562	
FAM114A1	1	FAM114A1	
FAM114A2	1	FAM114A2	
FAM218A	1	C4orf39	
AEBP1	1	AEBP1	
ALOX12P2	1	ALOX12P2	
DDRGK1	1	DDRGK1	
PLXNA2	1	PLXNA2	
PLXNA1	1	PLXNA1	
PLXNA4	1	PLXNA4	
PLXNA3	1	PLXNA3	
LINC02210	1	C17orf69	
EIF2B5	1	EIF2B5	
EIF2B4	1	EIF2B4	
SEC16B	1	SEC16B	
CEP112	1	CCDC46	
EIF2B3	1	EIF2B3	
EIF2B2	1	EIF2B2	
SEC16A	1	SEC16A	
M6PR	1	M6PR	
SCRT1	1	SCRT1	
FAM217B	1	C20orf177	
GFAP	1	GFAP	
LRFN3	1	LRFN3	
LRFN2	1	LRFN2	
LRFN5	1	LRFN5	
LRFN4	1	LRFN4	
LRFN1	1	LRFN1	
PLEKHM1	1	PLEKHM1	
PLXNB3	1	PLXNB3	
PLEKHM2	1	PLEKHM2	
PLXNB2	1	PLXNB2	
PLXNB1	1	PLXNB1	
ADORA2A-AS1	1	C22orf45	
PLEKHM3	1	PLEKHM3	
PLEKHF2	1	PLEKHF2	
DUSP5P1	1	DUSP5P	
PLEKHF1	1	PLEKHF1	
CEP164	1	CEP164	
PIK3C2G	1	PIK3C2G	
PIK3C2A	1	PIK3C2A	
FCAR	1	FCAR	
PIK3C2B	1	PIK3C2B	
SCRN1	1	SCRN1	
SNRNP70	1	SNRNP70	
PIP5KL1	1	PIP5KL1	
SCRN3	1	SCRN3	
SCRN2	1	SCRN2	
TLK2	1	TLK2	
TLK1	1	TLK1	
CEP170	1	CEP170	
EIF2B1	1	EIF2B1	
PLEKHG3	1	PLEKHG3	
RFC5	1	RFC5	
PLEKHG4	1	PLEKHG4	
PLEKHG1	1	PLEKHG1	
RFC3	1	RFC3	
PLEKHG2	1	PLEKHG2	
RFC4	1	RFC4	
PLEKHG7	2	PLEKHG7:C12orf74	
RFC1	1	RFC1	
RFC2	1	RFC2	
CEMIP2	1	TMEM2	
PLEKHG5	1	PLEKHG5	
PLEKHG6	1	PLEKHG6	
FAM219B	1	C15orf17	
FAM219A	1	C9orf25	
CATSPERZ	1	C11orf20	
SKIC8	1	WDR61	
CATSPERB	1	CATSPERB	
FOXD4L6	1	FOXD4L6	
CATSPERE	1	C1orf101	
SKIC2	1	SKIV2L	
SKIC3	1	TTC37	
CATSPERG	1	CATSPERG	
MTFR1	1	MTFR1	
MTFR2	1	FAM54A	
AQP7P1	1	AQP7P1	
FOXD4L4	1	FOXD4L2	
FOXD4L1	1	FOXD4L1	
AQP7P3	1	AQP7P3	
CATSPER1	1	CATSPER1	
CATSPER3	1	CATSPER3	
PLEKHH2	1	PLEKHH2	
CATSPER2	1	CATSPER2	
PLEKHH3	1	PLEKHH3	
MTFP1	1	MTP18	
P2RY8	1	P2RY8	
SELENBP1	1	SELENBP1	
P2RY6	1	P2RY6	
P2RY2	1	P2RY2	
P2RY1	1	P2RY1	
RFFL	1	RFFL	
PLEKHH1	1	PLEKHH1	
SEC11A	1	SEC11A	
SEC11C	1	SEC11C	
ANGPT4	1	ANGPT4	
PPIL1	1	PPIL1	
ANGPT2	1	ANGPT2	
PPIL2	1	PPIL2	
ANGPT1	1	ANGPT1	
KRR1	1	KRR1	
CEP152	1	CEP152	
SNX29P2	1	RUNDC2C	
TPRKB	1	TPRKB	
GFER	1	GFER	
P2RX7	1	P2RX7	
P2RX6	1	P2RX6	
P2RX5	1	P2RX5	
SNRNP40	1	SNRNP40	
TAFA5	1	FAM19A5	
P2RX4	1	P2RX4	
TAFA2	1	FAM19A2	
TAFA3	1	FAM19A3	
KIAA0586	1	KIAA0586	
P2RX2	1	P2RX2	
P2RX1	1	P2RX1	
TAFA1	1	FAM19A1	
CEP162	1	KIAA1009	
TLL2	1	TLL2	
SNRNP48	1	SNRNP48	
TLL1	1	TLL1	
PPIL3	1	PPIL3	
PPIL4	1	PPIL4	
PPIL6	1	PPIL6	
GFI1	1	GFI1	
FCF1	1	FCF1	
TPRXL	1	TPRXL	
KDM7A-DT	1	LOC100134229	
RPL36AL	1	RPL36AL	
DZIP1L	1	DZIP1L	
CIAO2A	1	FAM96A	
CIAO2B	1	FAM96B	
LINC02159	1	LOC285629	
SIL1	1	SIL1	
VRTN	1	C14orf115	
IL15RA	1	IL15RA	
KRT4	1	KRT4	
KRT2	1	KRT2	
KRT8	1	KRT8	
FLT3LG	1	FLT3LG	
KRT7	1	KRT7	
DLEC1	1	DLEC1	
KRT5	1	KRT5	
SIK3	1	SIK3	
SIK1	1	SIK1	
SIK2	1	SIK2	
TLN2	1	TLN2	
TLN1	1	TLN1	
SPTBN4	1	SPTBN4	
SPTBN5	1	SPTBN5	
FUT10	1	FUT10	
FUT11	1	FUT11	
HTATSF1	1	HTATSF1	
TP53BP2	1	TP53BP2	
TP53BP1	1	TP53BP1	
CCR10	1	CCR10	
SPTBN1	1	SPTBN1	
SPTBN2	1	SPTBN2	
SETDB1	1	SETDB1	
SETDB2	1	SETDB2	
PYCR1	1	PYCR1	
PYCR2	1	PYCR2	
PYCR3	1	PYCRL	
CCSER2	1	FAM190B	
CCSER1	1	FAM190A	
SIM2	1	SIM2	
CD320	1	CD320	
TOP2A	1	TOP2A	
TOP2B	1	TOP2B	
GFM1	1	GFM1	
DIP2C-AS1	1	C10orf108	
HIP1	1	HIP1	
CITED1	1	CITED1	
CITED2	1	CITED2	
GFM2	1	GFM2	
ZNRF2P1	1	LOC441208	
CITED4	1	CITED4	
LIMD1	1	LIMD1	
LIMD2	1	LIMD2	
SH3PXD2A	1	SH3PXD2A	
SH3PXD2B	1	SH3PXD2B	
SOSTDC1	1	SOSTDC1	
PSENEN	1	PSENEN	
TOP3B	1	TOP3B	
IZUMO4	1	C19orf36	
TOP3A	1	TOP3A	
PROX2	1	PROX2	
PROX1	1	PROX1	
CBFA2T2	1	CBFA2T2	
CBFA2T3	1	CBFA2T3	
LIME1	1	LIME1	
TLR1	1	TLR1	
ALDH5A1	1	ALDH5A1	
MIR17HG	1	MIR17HG	
TLR9	1	TLR9	
TLR8	1	TLR8	
TLR7	1	TLR7	
CD302	1	CD302	
TLR6	1	TLR6	
TLR5	1	TLR5	
TLR4	1	TLR4	
VGLL1	1	VGLL1	
TLR3	1	TLR3	
VGLL4	1	VGLL4	
TLR2	1	TLR2	
VGLL3	1	VGLL3	
GUCY2C	1	GUCY2C	
LINC02145	1	FLJ33360	
GUCY2D	1	GUCY2D	
RFNG	1	RFNG	
PHYHIP	1	PHYHIP	
HIRA	1	HIRA	
KIAA0513	1	KIAA0513	
LIMA1	1	LIMA1	
APBB2	1	APBB2	
APBB1	1	APBB1	
APBB3	1	APBB3	
MAPDA	1	ADAL	
SORBS2	1	SORBS2	
SORBS1	1	SORBS1	
PA2G4P4	1	PA2G4P4	
SORBS3	1	SORBS3	
APBA1	1	APBA1	
APBA3	1	APBA3	
APBA2	1	APBA2	
FCN1	1	FCN1	
FCMR	1	FAIM3	
FCN3	1	FCN3	
TPSB2	1	TPSB2	
RASEF	1	RASEF	
H2AB1	1	H2AFB1	
HAPSTR1	1	C16orf72	
HOXA13	1	HOXA13	
HOXA11	1	HOXA11	
HOXA10	1	HOXA10	
TATDN3	1	TATDN3	
TATDN1	1	TATDN1	
TATDN2	1	TATDN2	
SIT1	1	SIT1	
HCFC1R1	1	HCFC1R1	
COTL1	1	COTL1	
TMEM38A	1	TMEM38A	
TMEM38B	1	TMEM38B	
H2AC8	1	HIST1H2AE	
MIGA2	1	FAM73B	
MIGA1	1	FAM73A	
H2AC6	1	HIST1H2AC	
ANXA13	1	ANXA13	
SHISA5	1	SHISA5	
ANXA11	1	ANXA11	
NOSIP	1	NOSIP	
SHISA4	1	SHISA4	
ANXA10	1	ANXA10	
SHISA3	1	SHISA3	
PCDHA13	1	PCDHA13	
SHISA2	1	SHISA2	
PCDHA12	1	PCDHA12	
SHISA9	1	SHISA9	
PCDHA11	1	PCDHA11	
LZTFL1	1	LZTFL1	
PCDHA10	1	PCDHA10	
SHISA7	1	SHISA7	
SHISA6	1	SHISA6	
MYCL	1	MYCL1	
PRPF4	1	PRPF4	
PACRGL	1	PACRGL	
MYCN	1	MYCN	
PRPF6	1	PRPF6	
FANCD2	1	FANCD2	
PRPF3	1	PRPF3	
RPS19BP1	1	RPS19BP1	
EFNA5	1	EFNA5	
EFNA4	1	EFNA4	
PRPF8	1	PRPF8	
EFNB2	1	EFNB2	
EFNB1	1	EFNB1	
MYG1	1	C12orf10	
EFNB3	1	EFNB3	
POU2F1	1	POU2F1	
EIF2S2	1	EIF2S2	
POU2F2	1	POU2F2	
EIF2S1	1	EIF2S1	
POU2F3	1	POU2F3	
EFNA1	1	EFNA1	
EFNA3	1	EFNA3	
EFNA2	1	EFNA2	
EIF2S3	1	EIF2S3	
PRPH2	1	PRPH2	
TLX2	1	TLX2	
TLX1	1	TLX1	
PI4KA	1	PI4KA	
MAP6D1	1	MAP6D1	
DYNLRB2	1	DYNLRB2	
DYNLRB1	1	DYNLRB1	
PI4KB	1	PI4KB	
TMEM35A	1	TMEM35	
AVEN	1	AVEN	
TEKTIP1	1	C19orf71	
MEGF10	1	MEGF10	
MEGF11	1	MEGF11	
MIDEAS	1	C14orf43	
SIX1	1	SIX1	
IRF2BPL	1	C14orf4	
SIX4	1	SIX4	
SIX5	1	SIX5	
SIX2	1	SIX2	
SIX3	1	SIX3	
GFUS	1	TSTA3	
AKTIP	1	AKTIP	
MYH3	1	MYH3	
RASA3	1	RASA3	
RASA4	1	RASA4	
RASA1	1	RASA1	
RASA2	1	RASA2	
RFT1	1	RFT1	
MYH9	1	MYH9	
COLEC12	1	COLEC12	
COLEC11	1	COLEC11	
COLEC10	1	COLEC10	
BRAT1	1	C7orf27	
CIART	1	C1orf51	
RASD2	1	RASD2	
MAPK9	1	MAPK9	
MAPK8	1	MAPK8	
MAPK7	1	MAPK7	
RASD1	1	RASD1	
MAPK1	1	MAPK1	
MAPK6	1	MAPK6	
MAPK4	1	MAPK4	
MAPK3	1	MAPK3	
TMEM30A	1	TMEM30A	
TMEM30B	1	TMEM30B	
LIMK2	1	LIMK2	
QPCTL	1	QPCTL	
LIMK1	1	LIMK1	
ANXA2R	1	C5orf39	
KISS1	1	KISS1	
FCSK	1	FUK	
ZNF815P	1	ZNF815	
TDRKH	1	TDRKH	
AVIL	1	AVIL	
FZD10	1	FZD10	
GHITM	1	GHITM	
MYLK	1	MYLK	
LSM10	1	LSM10	
LSM12	1	LSM12	
LSM11	1	LSM11	
ZNF826P	1	ZNF826	
XYLB	1	XYLB	
RFX2	1	RFX2	
RFX3	1	RFX3	
RFX1	1	RFX1	
UPB1	1	UPB1	
MYL4	1	MYL4	
RIMOC1	1	C5orf51	
MYL5	1	MYL5	
MYL6	1	MYL6	
RFX8	1	RFX8	
CTBP1-DT	1	C4orf42	
RFX6	1	RFX6	
RFX7	1	RFX7	
MYL3	1	MYL3	
RFX5	1	RFX5	
MYL9	1	MYL9	
CFAP20DC	1	C3orf67	
MYNN	1	MYNN	
GABARAP	1	GABARAP	
IL22RA2	1	IL22RA2	
CYB5R2	1	CYB5R2	
HSD11B1	1	HSD11B1	
CYB5R1	1	CYB5R1	
HSD11B2	1	HSD11B2	
CYB5R4	1	CYB5R4	
CYB5R3	1	CYB5R3	
MYO6	1	MYO6	
PRRT1	1	PRRT1	
PRRT3	1	PRRT3	
PRRT2	1	PRRT2	
TMA7	1	CCDC72	
SNUPN	1	SNUPN	
IL22RA1	1	IL22RA1	
GNAO1-DT	1	LOC283856	
LYPD6B	1	LYPD6B	
HNRNPA3P1	1	HNRNPA3P1	
NOSTRIN	1	NOSTRIN	
CYB5RL	1	CYB5RL	
AVL9	1	AVL9	
PRRT4	1	PRRT4	
JPH1	1	JPH1	
VSIR	1	C10orf54	
MYPN	1	MYPN	
JPH4	1	JPH4	
JPH2	1	JPH2	
JPH3	1	JPH3	
B3GALT2	1	B3GALT2	
B3GALT1	1	B3GALT1	
UPF2	1	UPF2	
UPF1	1	UPF1	
MRPL23-AS1	1	LOC100133545	
MYOF	1	MYOF	
TMC8	1	TMC8	
TMC7	1	TMC7	
TMC6	1	TMC6	
TMC5	1	TMC5	
CCSAP	1	C1orf96	
TMC4	1	TMC4	
TMC2	1	TMC2	
MYOT	1	MYOT	
PELI1	1	PELI1	
TMF1	1	TMF1	
MYRF	1	C11orf9	
PELI3	1	PELI3	
PELI2	1	PELI2	
OVCA2	1	OVCA2	
AXDND1	1	C1orf125	
GGA2	1	GGA2	
GGA1	1	GGA1	
MTNAP1	1	C17orf80	
GGA3	1	GGA3	
TCOF1	1	TCOF1	
GPA33	1	GPA33	
BRD10	1	KIAA2026	
RABAC1	1	RABAC1	
ATRNL1	1	ATRNL1	
BYSL	1	BYSL	
RPL22L1	1	RPL22L1	
ENSG00000293358	1	LOC653653	
UPK2	1	UPK2	
UCKL1-AS1	1	UCKL1AS	
ZC3HAV1L	1	ZC3HAV1L	
PRDM10-DT	1	NCRNA00167	
YY1	1	YY1	
YY2	1	YY2	
RUVBL2	1	RUVBL2	
RUVBL1	1	RUVBL1	
ENSG00000293349	1	LOC344967	
TCP11	1	TCP11	
EPM2A	1	EPM2A	
AGTPBP1	1	AGTPBP1	
S100A2	1	S100A2	
S100A1	1	S100A1	
AFG2A	1	SPATA5	
AFG2B	1	SPATA5L1	
ZFP69B	1	ZNF643	
TNNI3K	1	TNNI3K	
OLFM4	1	OLFM4	
CXCR2P1	1	CXCR2P1	
FTSJ1	1	FTSJ1	
MYT1	1	MYT1	
FTSJ3	1	FTSJ3	
SAP30	1	SAP30	
FRMD3	1	FRMD3	
OLFM1	1	OLFM1	
FRMD5	1	FRMD5	
OLFM2	1	OLFM2	
FRMD6	1	FRMD6	
TXLNA	1	TXLNA	
MAPKAPK3	1	MAPKAPK3	
TXLNB	1	TXLNB	
FRMD8	1	FRMD8	
MAPKAPK2	1	MAPKAPK2	
S100A6	1	S100A6	
PFN1P2	1	C1orf152	
S100A5	1	S100A5	
MAPKAPK5	1	MAPKAPK5	
S100A4	1	S100A4	
S100A3	1	S100A3	
FLVCR1-DT	1	LQK1	
S100A9	1	S100A9	
S100A8	1	S100A8	
TACSTD2	1	TACSTD2	
UBFD1	1	UBFD1	
ULK4P3	1	FAM7A3	
ULK4P2	1	FAM7A2	
LVRN	1	AQPEP	
B3GALT4	1	B3GALT4	
B3GALT6	1	B3GALT6	
B3GALT5	1	B3GALT5	
GABPB1-AS1	1	LOC100129387	
B3GALT9	1	LOC402377	
GGCT	1	GGCT	
TMIE	1	TMIE	
RGCC	1	C13orf15	
GGCX	1	GGCX	
LRIT3	1	LRIT3	
CRYBG2	1	AIM1L	
CRYBG1	1	AIM1	
CRYBG3	1	CRYBG3	
EFCAB14	1	KIAA0494	
EFCAB13	1	C17orf57	
EFCAB11	1	C14orf143	
EFCAB10	1	EFCAB10	
ATP7B	1	ATP7B	
FIRRM	1	C1orf112	
PMEPA1	1	PMEPA1	
UPP2	1	UPP2	
UPP1	1	UPP1	
ATP7A	1	ATP7A	
DNM1L	1	DNM1L	
EDIL3	1	EDIL3	
CTNNBL1	1	CTNNBL1	
FIRRE	1	LOC286467	
PELP1	1	PELP1	
KSR1	1	KSR1	
SIGMAR1	1	SIGMAR1	
HAS2-AS1	1	HAS2AS	
KSR2	1	KSR2	
DDOST	1	DDOST	
NT5C3A	1	NT5C3	
QTRT1	1	QTRT1	
NT5C3B	1	NT5C3L	
PPM1A	1	PPM1A	
QTRT2	1	QTRTD1	
PPM1B	1	PPM1B	
RASAL2-AS1	1	LOC100302401	
SNURF	1	SNURF	
SEC22B	1	SEC22B	
SEC22A	1	SEC22A	
SEC22C	1	SEC22C	
SRRM2-AS1	1	LOC100128788	
RUSC1-AS1	1	C1orf104	
FOCAD	1	KIAA1797	
SEC23A	1	SEC23A	
PPM1L	1	PPM1L	
PPM1M	1	PPM1M	
PPM1N	1	PPM1N	
PPM1H	1	PPM1H	
AFG1L	1	LACE1	
PPM1J	1	PPM1J	
PPM1K	1	PPM1K	
BARX1	1	BARX1	
PPM1D	1	PPM1D	
BARX2	1	BARX2	
PPM1E	1	PPM1E	
PPM1F	1	PPM1F	
PPM1G	1	PPM1G	
TP53INP2	1	TP53INP2	
TP53INP1	1	TP53INP1	
SAP18	1	SAP18	
ATP9B	1	ATP9B	
SEC23B	1	SEC23B	
ATP9A	1	ATP9A	
MCOLN3	1	MCOLN3	
SEC24B	1	SEC24B	
SEC24A	1	SEC24A	
PRRX1	1	PRRX1	
NICN1	1	NICN1	
PRRX2	1	PRRX2	
LYSMD2	1	LYSMD2	
IMMT	1	IMMT	
LYSMD1	1	LYSMD1	
LYSMD4	1	LYSMD4	
LYSMD3	1	LYSMD3	
MCOLN1	1	MCOLN1	
TPD52L1	1	TPD52L1	
MCOLN2	1	MCOLN2	
TPD52L2	1	TPD52L2	
ATOX1	1	ATOX1	
CTCFL	1	CTCFL	
TMLHE	1	TMLHE	
DOP1B	1	DOPEY2	
NOVA1	1	NOVA1	
DOP1A	1	DOPEY1	
NOVA2	1	NOVA2	
NT5C1B	1	NT5C1B	
ALDH8A1	1	ALDH8A1	
SEC24D	1	SEC24D	
SEC24C	1	SEC24C	
JPT1	1	HN1	
TMEM41A	1	TMEM41A	
PLEKHB2	1	PLEKHB2	
TMEM41B	1	TMEM41B	
JPT2	1	HN1L	
PLEKHB1	1	PLEKHB1	
JMJD1C	1	JMJD1C	
CYB5D2	1	CYB5D2	
CYB5D1	1	CYB5D1	
RASSF1	1	RASSF1	
RASSF2	1	RASSF2	
RASSF3	1	RASSF3	
RASSF4	1	RASSF4	
RASSF5	1	RASSF5	
RASSF6	1	RASSF6	
CALN1	1	CALN1	
TMPO	1	TMPO	
IMP3	1	IMP3	
IMP4	1	IMP4	
C5orf15	1	C5orf15	
CD2BP2	1	CD2BP2	
UPRT	1	UPRT	
PLA1A	1	PLA1A	
PCDH10	1	PCDH10	
BRCC3	1	BRCC3	
PCDH12	1	PCDH12	
PCDH19	1	PCDH19	
PCDH18	1	PCDH18	
PCDH17	1	PCDH17	
ZMPSTE24	1	ZMPSTE24	
C5orf24	1	C5orf24	
C5orf22	1	C5orf22	
OR7D2	1	OR7D2	
PAG1	1	PAG1	
SEC31B	1	SEC31B	
SEC31A	1	SEC31A	
PIK3CD-AS1	1	C1orf200	
XRCC6	1	XRCC6	
XRCC4	1	XRCC4	
XRCC5	1	XRCC5	
PCDH20	1	PCDH20	
XRCC2	1	XRCC2	
EAF1	1	EAF1	
XRCC3	1	XRCC3	
DCLK3	1	DCLK3	
EAF2	1	EAF2	
RASSF7	1	RASSF7	
DCLK2	1	DCLK2	
PNMA8A	1	PNMAL1	
RASSF8	1	RASSF8	
XRCC1	1	XRCC1	
RASSF9	1	RASSF9	
DCLK1	1	DCLK1	
PNMA8B	1	PNMAL2	
ATOSB	1	KIAA1539	
C5orf34	1	C5orf34	
ATOSA	1	KIAA1370	
PAEP	1	PAEP	
PAF1	1	PAF1	
CALM3	1	CALM3	
RGL3	1	RGL3	
RGL4	1	RGL4	
CALM1	1	CALM1	
RGL1	1	RGL1	
KIAA0825	1	C5orf36	
CALM2	1	CALM2	
SHISAL2A	1	FAM159A	
RGL2	1	RGL2	
INTS11	1	CPSF3L	
INTS12	1	INTS12	
INTS13	1	C12orf11	
INTS14	1	C15orf44	
GPAA1	1	GPAA1	
INTS10	1	INTS10	
SECTM1	1	SECTM1	
BRCA1	1	BRCA1	
BRCA2	1	BRCA2	
INTS15	1	C7orf26	
C5orf46	1	C5orf46	
ARIH2	1	ARIH2	
QSOX1	1	QSOX1	
ARIH1	1	ARIH1	
QSOX2	1	QSOX2	
NXPE3	1	FAM55C	
VKORC1	1	VKORC1	
GRIPAP1	1	GRIPAP1	
LINC01144	1	LOC400752	
NBPF3	1	NBPF3	
NBPF9	1	NBPF9	
LINC01140	1	LOC339524	
ZFR	1	ZFR	
SORCS1	1	SORCS1	
RGMB	1	RGMB	
SORCS3	1	SORCS3	
NBPF1	1	NBPF1	
SORCS2	1	SORCS2	
ZFX	1	ZFX	
PNMA6A	1	PNMA6A	
RGMA	1	RGMA	
C5orf58	1	C5orf58	
MZB1	1	MGC29506	
LINC01138	2	LOC100286793:FLJ39739	
POPDC2	1	POPDC2	
POPDC3	1	POPDC3	
INPP1	1	INPP1	
ATP23	1	XRCC6BP1	
DERL3	1	DERL3	
CRYBA2	1	CRYBA2	
DERL1	1	DERL1	
DERL2	1	DERL2	
TXLNG	1	TXLNG	
C5orf63	1	FLJ44606	
EXOSC7	1	EXOSC7	
C19orf48P	1	C19orf48	
EXOSC6	1	EXOSC6	
EXOSC5	1	EXOSC5	
PAK1	1	PAK1	
EXOSC4	1	EXOSC4	
EXOSC9	1	EXOSC9	
EXOSC8	1	EXOSC8	
PAK6	1	PAK6	
EXOSC3	1	EXOSC3	
PAK3	1	PAK3	
EXOSC2	1	EXOSC2	
PAK2	1	PAK2	
EXOSC1	1	EXOSC1	
PAK5	1	PAK7	
PAK4	1	PAK4	
PLEKHA1	1	PLEKHA1	
PLEKHA2	1	PLEKHA2	
CRYBB1	1	CRYBB1	
CRYBB3	1	CRYBB3	
PLEKHA5	1	PLEKHA5	
CRYBB2	1	CRYBB2	
PLEKHA6	1	PLEKHA6	
PLEKHA3	1	PLEKHA3	
PLEKHA4	1	PLEKHA4	
PLEKHA7	1	PLEKHA7	
PLEKHA8	1	PLEKHA8	
RGP1	1	RGP1	
DPY19L1	1	DPY19L1	
DPY19L2	1	DPY19L2	
DPY19L3	1	DPY19L3	
DPY19L4	1	DPY19L4	
STK17A	1	STK17A	
STK17B	1	STK17B	
FHOD3	1	FHOD3	
FHOD1	1	FHOD1	
WWC1	1	WWC1	
WWC2	1	WWC2	
JADE1	1	PHF17	
KNDC1	1	KNDC1	
CUTALP	1	LOC253039	
JADE3	1	PHF16	
JADE2	1	PHF15	
RGS4	1	RGS4	
RGS5	1	RGS5	
RGS2	1	RGS2	
RGS3	1	RGS3	
PPME1	1	PPME1	
RGS1	1	RGS1	
KHSRP	1	KHSRP	
CCRL2	1	CCRL2	
PALM	1	PALM	
WWC3	1	WWC3	
ARID2	1	ARID2	
GGT1	1	GGT1	
RGS9	1	RGS9	
RGS6	1	RGS6	
RGS7	1	RGS7	
MAT1A	1	MAT1A	
GPANK1	1	BAT4	
TMX4	1	TMX4	
TMX3	1	TMX3	
TMX2	1	TMX2	
TMX1	1	TMX1	
MASP2	1	MASP2	
MASP1	1	MASP1	
MZF1	1	MZF1	
PSMD10	1	PSMD10	
PSMD12	1	PSMD12	
PSMD11	1	PSMD11	
NXPH2	1	NXPH2	
PSMD14	1	PSMD14	
NXPH3	1	NXPH3	
PSMD13	1	PSMD13	
YTHDC1	1	YTHDC1	
NXPH4	1	NXPH4	
YTHDC2	1	YTHDC2	
MIR4435-2HG	1	LOC541471	
CALCR	1	CALCR	
CALD1	1	CALD1	
CYP11A1	1	CYP11A1	
GGT5	1	GGT5	
MIR9-1HG	1	C1orf61	
FDPS	1	FDPS	
GGT7	1	GGT7	
GGT6	1	GGT6	
CACFD1	1	C9orf7	
VTA1	1	VTA1	
CYRIB	1	FAM49B	
CYRIA	1	FAM49A	
TIMM10B	1	FXC1	
PAN2	1	PAN2	
QDPR	1	QDPR	
PAN3	1	PAN3	
PICALM	1	PICALM	
TMEM45B	1	TMEM45B	
GSK3B	1	GSK3B	
GSK3A	1	GSK3A	
MAST4	1	MAST4	
CPXM2	1	CPXM2	
MAST3	1	MAST3	
PRKCSH	1	PRKCSH	
MAST2	1	MAST2	
MAST1	1	MAST1	
DNAAF11	1	LRRC6	
TRIAP1	1	TRIAP1	
TMEM191A	1	TMEM191A	
DNAAF10	1	WDR92	
CALB2	1	CALB2	
CALB1	1	CALB1	
MLST8	1	MLST8	
TIMM17A	1	TIMM17A	
TIMM17B	1	TIMM17B	
CPXM1	1	CPXM1	
CYREN	1	C7orf49	
HSDL2	1	HSDL2	
HSDL1	1	HSDL1	
MASTL	1	MASTL	
ZP1	1	ZP1	
EAPP	1	EAPP	
ZP3	1	ZP3	
PAOX	1	PAOX	
TMEM45A	1	TMEM45A	
PARG	1	PARG	
PARN	1	PARN	
MAT2B	1	MAT2B	
SAMHD1	1	SAMHD1	
AURKC	1	AURKC	
AURKB	1	AURKB	
PARL	1	PARL	
AURKA	1	AURKA	
ATOH7	1	ATOH7	
MAT2A	1	MAT2A	
SH3TC2	1	SH3TC2	
SH3TC1	1	SH3TC1	
ATOH8	1	ATOH8	
KTN1-AS1	1	C14orf33	
SMNDC1	1	SMNDC1	
CHURC1	1	CHURC1	
CEP170P1	1	CEP170L	
CYP24A1	1	CYP24A1	
R3HDM4	1	C19orf22	
R3HDM1	1	R3HDM1	
R3HDM2	1	R3HDM2	
CNTFR	1	CNTFR	
PATJ	1	INADL	
SOX21	1	SOX21	
ARIH2OS	1	C3orf71	
HOXA9	1	HOXA9	
SOX17	1	SOX17	
SOX18	1	SOX18	
SOX15	1	SOX15	
FDXR	1	FDXR	
HOXA3	1	HOXA3	
HOXA2	1	HOXA2	
HOXA1	1	HOXA1	
HOXA7	1	HOXA7	
HOXA6	1	HOXA6	
HOXA5	1	HOXA5	
HOXA4	1	HOXA4	
UNC13B	1	UNC13B	
UNC13A	1	UNC13A	
SOX13	1	SOX13	
SYTL1	1	SYTL1	
SOX11	1	SOX11	
SOX12	1	SOX12	
PASK	1	PASK	
SYTL5	1	SYTL5	
SOX10	1	SOX10	
SYTL4	1	SYTL4	
SYTL3	1	SYTL3	
UNC13D	1	UNC13D	
SYTL2	1	SYTL2	
FCAMR	1	FCAMR	
HOXB9	1	HOXB9	
PRR19	1	PRR19	
FDX1	1	FDX1	
LGALS12	1	LGALS12	
FDX2	1	FDX1L	
HOXB4	1	HOXB4	
PRR16	1	PRR16	
HOXB3	1	HOXB3	
PRR15	1	PRR15	
HOXB2	1	HOXB2	
PRR18	1	PRR18	
HOXB8	1	HOXB8	
PRR12	1	PRR12	
HOXB7	1	HOXB7	
PRR11	1	PRR11	
HOXB6	1	HOXB6	
LINS1	1	LINS1	
PRR14	1	PRR14	
HOXB5	1	HOXB5	
PRR13	1	PRR13	
CDC42SE1	1	CDC42SE1	
HOXD1	1	HOXD1	
ENDOD1	1	ENDOD1	
SNU13	1	NHP2L1	
SKA3	1	SKA3	
HIF1A	1	HIF1A	
SKA1	1	SKA1	
SKA2	1	SKA2	
POU5F1B	1	POU5F1B	
INE1	1	INE1	
HOXC5	1	HOXC5	
HOXC4	1	HOXC4	
PRR29	1	C17orf72	
HOXC9	1	HOXC9	
HOXC8	1	HOXC8	
KIAA0319L	1	KIAA0319L	
PRR22	1	PRR22	
RREB1	1	RREB1	
ELANE	1	ELANE	
NXNL2	1	NXNL2	
HOXC6	1	HOXC6	
MAD2L1BP	1	MAD2L1BP	
MTHFR	1	MTHFR	
MTHFS	1	MTHFS	
INO80	1	INO80	
SOX30	1	SOX30	
GLUD1	1	GLUD1	
GLUD2	1	GLUD2	
TNFSF4	1	TNFSF4	
H2BP1	1	HIST2H2BA	
ZNF702P	1	ZNF702P	
TNFSF9	1	TNFSF9	
UNC119	1	UNC119	
HOXD4	1	HOXD4	
TNFSF8	1	TNFSF8	
HOXD3	1	HOXD3	
PRR34	1	C22orf26	
HOXD9	1	HOXD9	
HOXD8	1	HOXD8	
CDC42SE2	1	CDC42SE2	
TINAGL1	1	TINAGL1	
HIF3A	1	HIF3A	
CYB561D1	1	CYB561D1	
ING1	1	ING1	
CYB561D2	1	CYB561D2	
ING4	1	ING4	
ING5	1	ING5	
ING2	1	ING2	
ING3	1	ING3	
PAXX	1	C9orf142	
PDCD4-AS1	1	LOC282997	
SANBR	1	KIAA1841	
BATF2	1	BATF2	
BATF3	1	BATF3	
CNTD1	1	CNTD1	
HSBP1	1	HSBP1	
TNNC1	1	TNNC1	
TNNC2	1	TNNC2	
PAWR	1	PAWR	
PAX6	1	PAX6	
ARHGAP5-AS1	1	C14orf128	
PAX5	1	PAX5	
INF2	1	INF2	
PAX8	1	PAX8	
ZNF833P	1	ZNF833	
PAX9	1	PAX9	
CTDP1	1	CTDP1	
AHNAK	1	AHNAK	
TM9SF4	1	TM9SF4	
TM9SF3	1	TM9SF3	
MIR503HG	1	MGC16121	
LGALS7B	1	LGALS7B	
WWOX	1	WWOX	
ADAT1	1	ADAT1	
WWP1	1	WWP1	
WWP2	1	WWP2	
ADAT3	1	ADAT3	
MZT1	1	C13orf37	
ADAT2	1	ADAT2	
KTN1	1	KTN1	
TM9SF2	1	TM9SF2	
TM9SF1	1	TM9SF1	
STING1	1	TMEM173	
ZYX	1	ZYX	
NOTUM	1	NOTUM	
INHA	1	INHA	
CYB561	1	CYB561	
GALNT9-AS1	1	LOC100130238	
GHDC	1	GHDC	
TOR2A	1	TOR2A	
CLSTN2	1	CLSTN2	
CLSTN3	1	CLSTN3	
CLSTN1	1	CLSTN1	
RTKN2	1	RTKN2	
BZW2	1	BZW2	
BZW1	1	BZW1	
PYCARD	1	PYCARD	
TUBB8	1	TUBB8	
TUBB6	1	TUBB6	
TUBB3	1	TUBB3	
TUBB1	1	TUBB1	
LINC01106	1	LOC151009	
SMARCAD1	1	SMARCAD1	
STK32A	1	STK32A	
STK32B	1	STK32B	
STK32C	1	STK32C	
TOR3A	1	TOR3A	
CYB561A3	1	CYBASC3	
INIP	1	C9orf80	
RALGAPB	1	RALGAPB	
ADAM6	1	ADAM6	
ADAM9	1	ADAM9	
ADAM8	1	ADAM8	
TNIK	1	TNIK	
RHCG	1	RHCG	
INTS6L	1	DDX26B	
RHCE	1	RHCE	
METTL2B	1	METTL2B	
DNMT1	1	DNMT1	
MINDY3	1	FAM188A	
RTL10	1	C22orf29	
MINDY4	1	FAM188B	
LINC01134	1	LOC100133612	
MINDY1	1	FAM63A	
FECH	1	FECH	
MINDY2	1	FAM63B	
TNKS	1	TNKS	
METTL2A	1	METTL2A	
RHEX	1	C1orf186	
ITPRIPL2	1	ITPRIPL2	
ADAP2	1	ADAP2	
ITPRIPL1	1	ITPRIPL1	
PITRM1	1	PITRM1	
LINC01128	1	LOC643837	
LINC01124	1	LOC440925	
SKIL	1	SKIL	
LINC01126	1	LOC100129726	
ADISSP	1	C20orf27	
TOR1A	1	TOR1A	
CEP350	1	CEP350	
TNK2	1	TNK2	
TNK1	1	TNK1	
ADAP1	1	ADAP1	
TOR1B	1	TOR1B	
RHEB	1	RHEB	
LINC01118	1	LOC100134259	
SERINC1	1	SERINC1	
SERINC3	1	SERINC3	
SERINC2	1	SERINC2	
SERINC5	1	SERINC5	
SERINC4	1	SERINC4	
TUBA8	1	TUBA8	
DAGLA	1	DAGLA	
GOLGA8CP	1	GOLGA8C	
SCPEP1	1	SCPEP1	
METTL14	1	METTL14	
METTL13	1	METTL13	
METTL16	1	METT10D	
METTL15	1	METT5D1	
METTL18	1	C1orf156	
METTL17	1	METT11D1	
ELAC2	1	ELAC2	
ELAC1	1	ELAC1	
ASMTL	1	ASMTL	
ARK2N	1	C18orf25	
INMT	1	INMT	
METTL23	1	C17orf95	
METTL22	1	C16orf68	
ARK2C	1	RNF165	
METTL25	1	C12orf26	
METTL24	1	C6orf186	
DMRTA1	1	DMRTA1	
TESMIN	1	MTL5	
DAGLB	1	DAGLB	
METTL27	1	WBSCR27	
METTL26	1	C16orf13	
PRR5L	1	PRR5L	
CHADL	1	CHADL	
TNNI1	1	TNNI1	
ETFRF1	1	LYRM5	
TNNI2	1	TNNI2	
TNNI3	1	TNNI3	
CTNNAL1	1	CTNNAL1	
TP53RK	1	TP53RK	
HSF2BP	1	HSF2BP	
ANTXR2	1	ANTXR2	
ANTXR1	1	ANTXR1	
CCT6B	1	CCT6B	
DNM1P46	1	C15orf51	
INSC	1	INSC	
SAP130	1	SAP130	
C6orf226	1	C6orf226	
CHAC2	1	CHAC2	
CHAC1	1	CHAC1	
SKP2	1	SKP2	
TNS4	1	TNS4	
TNS3	1	TNS3	
TNS2	1	TENC1	
SKP1	1	SKP1	
TNS1	1	TNS1	
TMEM52B	1	C12orf59	
NFKBIL1	1	NFKBIL1	
SACM1L	1	SACM1L	
EBF1	1	EBF1	
EBF2	1	EBF2	
EBF3	1	EBF3	
EBF4	1	EBF4	
RUNX3	1	RUNX3	
RUNX2	1	RUNX2	
RUNX1	1	RUNX1	
MARF1	1	KIAA0430	
ALDH7A1	1	ALDH7A1	
RWDD2B	1	RWDD2B	
RWDD2A	1	RWDD2A	
INTU	1	INTU	
FHL1P1	1	LOC100128164	
LINC01096	1	LOC285548	
EBI3	1	EBI3	
LINC01091	1	LOC285419	
PRRC1	1	PRRC1	
RFPL3S	1	RFPL3S	
LINC01089	1	LOC338799	
TMEM50A	1	TMEM50A	
INSR	1	INSR	
TMEM50B	1	TMEM50B	
AMMECR1	1	AMMECR1	
CIDEB	1	CIDEB	
TMSB4XP8	1	TMSL3	
NOTCH2NLA	1	NOTCH2NL	
CIDEC	1	CIDEC	
CCT6A	1	CCT6A	
MARCO	1	MARCO	
RTL8A	1	FAM127B	
RTL8B	1	FAM127C	
RTL8C	1	FAM127A	
INVS	1	INVS	
HBS1L	1	HBS1L	
FEN1	1	FEN1	
EPB41L4B	1	EPB41L4B	
EPB41L4A	1	EPB41L4A	
UCHL1	1	UCHL1	
NKIRAS1	1	NKIRAS1	
PCF11	1	PCF11	
NKIRAS2	1	NKIRAS2	
RFPL1S	1	RFPL1S	
CAMLG	1	CAMLG	
RHOG	1	RHOG	
RHOH	1	RHOH	
IL17RE	1	IL17RE	
RHOF	1	RHOF	
TUBG2	1	TUBG2	
IL17RD	1	IL17RD	
RHOC	1	RHOC	
TUBG1	1	TUBG1	
UCHL3	1	UCHL3	
ZNF503-AS2	1	C10orf41	
IL17RC	1	IL17RC	
RHOD	1	RHOD	
IL17RB	1	IL17RB	
RHOA	1	RHOA	
UCHL5	1	UCHL5	
IL17RA	1	IL17RA	
RHOB	1	RHOB	
TNNT1	1	TNNT1	
MMP23B	1	MMP23B	
TNNT2	1	TNNT2	
RHOJ	1	RHOJ	
TNNT3	1	TNNT3	
LINC01018	1	LOC255167	
RHOU	1	RHOU	
RHOV	1	RHOV	
RHOQ	1	RHOQ	
TOR4A	1	C9orf167	
TNXB	1	TNXB	
LINC02381	1	LOC400043	
TUBD1	1	TUBD1	
PBLD	1	PBLD	
KIAA0753	1	KIAA0753	
TBL1X	1	TBL1X	
ADAD2	1	ADAD2	
RANBP2	1	RANBP2	
RANBP1	1	RANBP1	
RANBP3	1	RANBP3	
RANBP9	1	RANBP9	
TUBE1	1	TUBE1	
RANBP6	1	RANBP6	
RSL1D1	1	RSL1D1	
DNM1P35	1	DNM1P35	
CAMK4	1	CAMK4	
R3HCC1	1	R3HCC1	
B9D1	1	B9D1	
GHRL	1	GHRL	
B9D2	1	B9D2	
CAMK1	1	CAMK1	
STEAP3	1	STEAP3	
STEAP4	1	STEAP4	
GOLT1B	1	GOLT1B	
GOLT1A	1	GOLT1A	
ARHGAP39	1	ARHGAP39	
SSC4D	1	SRCRB4D	
NALF2	1	FAM155B	
NALF1	1	FAM155A	
ARHGAP35	1	GRLF1	
ARHGAP44	1	RICH2	
ARHGAP42	2	TMEM133:ARHGAP42	
BASP1	1	BASP1	
MIR9-2HG	1	LOC645323	
PDIA3	1	PDIA3	
PDIA2	1	PDIA2	
NPY1R	1	NPY1R	
PDIA6	1	PDIA6	
LGALS9C	1	LGALS9C	
PDIA5	1	PDIA5	
ARHGAP45	1	HMHA1	
LGALS9B	1	LGALS9B	
PDIA4	1	PDIA4	
CMPK1	1	CMPK1	
CMPK2	1	CMPK2	
LRIF1	1	C1orf103	
STEAP1	1	STEAP1	
STEAP2	1	STEAP2	
BTF3L4	1	BTF3L4	
TMEM59L	1	TMEM59L	
ARHGAP19	1	ARHGAP19	
ARHGAP18	1	ARHGAP18	
ARHGAP17	1	ARHGAP17	
ARHGAP15	1	ARHGAP15	
SEZ6L2	1	SEZ6L2	
NALCN	1	NALCN	
ARHGAP12	1	ARHGAP12	
ARHGAP22	1	ARHGAP22	
ARHGAP21	1	ARHGAP21	
ARHGAP20	1	ARHGAP20	
MAN2A2	1	MAN2A2	
MAN2A1	1	MAN2A1	
MARK4	1	MARK4	
MARK3	1	MARK3	
MARK2	1	MARK2	
MARK1	1	MARK1	
RAP1GAP2	1	RAP1GAP2	
ALYREF	1	THOC4	
ASPSCR1	1	ASPSCR1	
TDRD9	1	TDRD9	
ARHGAP29	1	ARHGAP29	
A2ML1	1	A2ML1	
ARHGAP28	1	ARHGAP28	
SSC5D	1	SSC5D	
TDRD7	1	TDRD7	
ARHGAP27	2	SH3D20:ARHGAP27	
TDRD6	1	TDRD6	
ARHGAP26	1	ARHGAP26	
TDRD5	1	TDRD5	
ARHGAP25	1	ARHGAP25	
ARHGAP24	1	ARHGAP24	
NMRAL1	1	NMRAL1	
TDRD3	1	TDRD3	
ARHGAP23	1	ARHGAP23	
ARHGAP33	1	ARHGAP33	
TDRD1	1	TDRD1	
ARHGAP32	1	ARHGAP32	
ARHGAP31	1	ARHGAP31	
ARHGAP30	1	ARHGAP30	
DNMBP	1	DNMBP	
TP53I3	1	TP53I3	
C22orf46P	1	C22orf46	
MAN2B2	1	MAN2B2	
EBPL	1	EBPL	
MAN2B1	1	MAN2B1	
ULBP2	1	ULBP2	
ULBP1	1	ULBP1	
ULBP3	1	ULBP3	
CRISP2	1	CRISP2	
CRISP3	1	CRISP3	
FDCSP	1	C4orf7	
MADCAM1	1	MADCAM1	
MAN2C1	1	MAN2C1	
NPY5R	1	NPY5R	
DESI1	1	PPPDE2	
DESI2	1	PPPDE1	
MARS2	1	MARS2	
MARS1	1	MARS	
URB2	1	URB2	
URB1	1	URB1	
ARHGAP10	1	ARHGAP10	
ASMTL-AS1	1	NCRNA00105	
ITGB1BP1	1	ITGB1BP1	
ITGB1BP2	1	ITGB1BP2	
NPY4R	1	PPYR1	
MOSPD2	1	MOSPD2	
OPRL1	1	OPRL1	
MOSPD1	1	MOSPD1	
MTIF2	1	MTIF2	
DLEU2L	1	DLEU2L	
MOSPD3	1	MOSPD3	
MTIF3	1	MTIF3	
TOB2	1	TOB2	
TOB1	1	TOB1	
PRRG4	1	PRRG4	
NT5DC1	1	NT5DC1	
PRRG3	1	PRRG3	
NT5DC2	1	NT5DC2	
PRRG2	1	PRRG2	
NT5DC3	1	NT5DC3	
PRRG1	1	PRRG1	
LRIG1	1	LRIG1	
LRIG3	1	LRIG3	
LRIG2	1	LRIG2	
CD27-AS1	1	LOC678655	
CYP1B1-AS1	1	C2orf58	
SHCBP1	1	SHCBP1	
PIKFYVE	1	PIKFYVE	
GNPDA1	1	GNPDA1	
GNPDA2	1	GNPDA2	
SSBP1	1	SSBP1	
SSBP2	1	SSBP2	
SSBP3	1	SSBP3	
SSBP4	1	SSBP4	
NUP107	1	NUP107	
PWWP2B	1	PWWP2B	
SPINT2	1	SPINT2	
ALKBH7	1	ALKBH7	
SLA2	1	SLA2	
ALKBH6	1	ALKBH6	
ALKBH8	1	ALKBH8	
ALKBH3	1	ALKBH3	
ALKBH2	1	ALKBH2	
ALKBH5	1	ALKBH5	
ALKBH4	1	ALKBH4	
DPYSL4	1	DPYSL4	
DPYSL5	1	DPYSL5	
KIAA1586	1	KIAA1586	
ALKBH1	1	ALKBH1	
DPYSL2	1	DPYSL2	
DPYSL3	1	DPYSL3	
FGFR1OP2	1	FGFR1OP2	
GPBP1	1	GPBP1	
PWWP2A	1	PWWP2A	
VSTM1	1	VSTM1	
VSTM4	1	C10orf72	
VSTM5	1	C11orf90	
FNBP4	1	FNBP4	
SAP30BP	1	SAP30BP	
FNBP1	1	FNBP1	
CACNA2D1	1	CACNA2D1	
CACNA2D3	1	CACNA2D3	
CACNA2D2	1	CACNA2D2	
CACNA2D4	1	CACNA2D4	
ABITRAM	1	C9orf6	
SPINT1	1	SPINT1	
ASPHD1	1	ASPHD1	
FEZ1	1	FEZ1	
FEZ2	1	FEZ2	
TCEANC2	1	C1orf83	
PLBD1	1	PLBD1	
TXNIP	1	TXNIP	
ASPHD2	1	ASPHD2	
CLOCK	1	CLOCK	
PLBD2	1	PLBD2	
SLBP	1	SLBP	
URI1	1	C19orf2	
SAR1A	1	SAR1A	
SAR1B	1	SAR1B	
ZC3HAV1	1	ZC3HAV1	
TEX29	1	C13orf16	
PRPSAP1	1	PRPSAP1	
LOH12CR2	1	LOH12CR2	
PRPSAP2	1	PRPSAP2	
HLCS	1	HLCS	
MOV10L1	1	MOV10L1	
ATRIP	1	ATRIP	
TOE1	1	TOE1	
BTBD19	1	BTBD19	
CREBBP	1	CREBBP	
BTBD17	1	BTBD17	
TEX30	1	C13orf27	
BTBD18	1	BTBD18	
NCAPH2	1	NCAPH2	
BTBD16	1	BTBD16	
PBX3	1	PBX3	
PBX2	1	PBX2	
PBX4	1	PBX4	
BTBD10	1	BTBD10	
PBX1	1	PBX1	
AIRIM	1	C1orf109	
NANOG	1	NANOG	
NCAPG2	1	NCAPG2	
SNX12	1	SNX12	
AOC4P	1	LOC90586	
SNX13	1	SNX13	
SNX10	1	SNX10	
JRKL	1	JRKL	
SNX11	1	SNX11	
IL18BP	1	IL18BP	
CASP12	1	CASP12	
CASP10	1	CASP10	
SLC18A2	1	SLC18A2	
SLC18A3	1	SLC18A3	
RING1	1	RING1	
TEX10	1	TEX10	
TEX11	1	TEX11	
ZNF674-AS1	1	LOC401588	
TEX14	1	TEX14	
TEX15	1	TEX15	
TTC28-AS1	1	LOC284900	
PLSCR1	1	PLSCR1	
PLSCR3	1	PLSCR3	
PLSCR2	1	PLSCR2	
PLSCR4	1	PLSCR4	
GHRLOS	1	GHRLOS	
SLC18B1	1	C6orf192	
PAFAH1B3	1	PAFAH1B3	
PAFAH1B2	1	PAFAH1B2	
PAFAH1B1	1	PAFAH1B1	
ECHS1	1	ECHS1	
URM1	1	URM1	
SNX32	1	SNX32	
SNX33	1	SNX33	
SNX30	1	SNX30	
SNX31	1	SNX31	
RIDA	1	HRSP12	
SNX29	2	SNX29:RUNDC2A	
SNX27	1	SNX27	
SNX25	1	SNX25	
CASP8AP2	1	CASP8AP2	
RIC3	1	RIC3	
SLF1	1	ANKRD32	
SLF2	1	FAM178A	
RIC1	1	KIAA1432	
APEX2	1	APEX2	
SNX24	1	SNX24	
SNX21	1	SNX21	
SNX22	1	SNX22	
SNX20	1	SNX20	
SNX18	1	SNX18	
GID4	1	C17orf39	
SNX19	1	SNX19	
MYBBP1A	1	MYBBP1A	
SNX16	1	SNX16	
SNX17	1	SNX17	
APEX1	1	APEX1	
SHKBP1	1	SHKBP1	
SNX14	1	SNX14	
GID8	1	C20orf11	
SNX15	1	SNX15	
PWWP3B	1	MUM1L1	
NCAPD2	1	NCAPD2	
CIAPIN1	1	CIAPIN1	
NCAPD3	1	NCAPD3	
LY6K	1	LY6K	
ALDH1L1	1	ALDH1L1	
RIF1	1	RIF1	
TMEM167B	1	TMEM167B	
TMEM167A	1	TMEM167A	
MAP3K7CL	1	C21orf7	
LY75	1	LY75	
ALDH1L2	1	ALDH1L2	
LAPTM4B	1	LAPTM4B	
LAPTM4A	1	LAPTM4A	
UROD	1	UROD	
TOM1	1	TOM1	
CTNNBIP1	1	CTNNBIP1	
PAX8-AS1	1	LOC654433	
SDCBP2	1	SDCBP2	
RINT1	1	RINT1	
LY6D	1	LY6D	
LY6H	1	LY6H	
AJUBA	1	JUB	
ARL8A	1	ARL8A	
ARL8B	1	ARL8B	
LY6E	1	LY6E	
GRIA1	1	GRIA1	
GRIA2	1	GRIA2	
LY96	1	LY96	
CREBL2	1	CREBL2	
PKMYT1	1	PKMYT1	
AMDHD1	1	AMDHD1	
AMDHD2	1	AMDHD2	
PARD6G-AS1	1	LOC100130522	
TNFRSF17	1	TNFRSF17	
TNFRSF14	1	TNFRSF14	
IP6K1	1	IP6K1	
GRIA3	1	GRIA3	
IP6K3	1	IP6K3	
SAC3D1	1	SAC3D1	
GRIA4	1	GRIA4	
IP6K2	1	IP6K2	
UROS	1	UROS	
LY86	1	LY86	
UCKL1	1	UCKL1	
NOXA1	1	NOXA1	
RHPN1-AS1	1	C8orf51	
RIGI	1	DDX58	
TRIM74	1	TRIM74	
ECE1	1	ECE1	
ECE2	1	ECE2	
ARL5B	1	ARL5B	
KIAA1549	1	KIAA1549	
TRIM68	1	TRIM68	
TRIM69	1	TRIM69	
ARL5A	1	ARL5A	
TRIM65	1	TRIM65	
TRIM66	1	TRIM66	
ZNF883	1	ZNF883	
PIERCE1	1	C9orf116	
TRIM67	1	TRIM67	
TRIM61	1	TRIM61	
ZNF880	1	ZNF880	
TRIM62	1	TRIM62	
TRIM63	1	TRIM63	
GNRHR2	1	GNRHR2	
GRID1	1	GRID1	
TNFRSF18	1	TNFRSF18	
TNFRSF19	1	TNFRSF19	
ARFGAP3	1	ARFGAP3	
TNFRSF1B	1	TNFRSF1B	
ARFGAP1	1	ARFGAP1	
ARFGAP2	1	ARFGAP2	
TNFRSF1A	1	TNFRSF1A	
ARL4C	1	ARL4C	
ARL4D	1	ARL4D	
ARL4A	1	ARL4A	
PCCA	1	PCCA	
PCCB	1	PCCB	
ZNF879	1	ZNF879	
ZNF878	1	ZNF878	
TRIM58	1	TRIM58	
TNFRSF25	1	TNFRSF25	
TRIM59	1	TRIM59	
ZNF875	1	HKR1	
TOP1	1	TOP1	
DCTPP1	1	DCTPP1	
TRIM54	1	TRIM54	
TNFRSF21	1	TNFRSF21	
TRIM55	1	TRIM55	
TRIM56	1	TRIM56	
TRIM50	1	TRIM50	
CANT1	1	CANT1	
TRIM52	1	TRIM52	
CARNMT1	1	C9orf41	
HM13	1	HM13	
SRBD1	1	SRBD1	
TRIM46	1	TRIM46	
UBQLN1	1	UBQLN1	
TRIM47	1	TRIM47	
RILP	1	RILP	
UBQLN4	1	UBQLN4	
ZNF862	1	ZNF862	
TRIM44	1	TRIM44	
TRIM45	1	TRIM45	
UBQLN2	1	UBQLN2	
ZNF860	1	ZNF860	
TRIM41	1	TRIM41	
TXNL1	1	TXNL1	
CABLES1	1	CABLES1	
KIAA0232	1	KIAA0232	
TM6SF1	1	TM6SF1	
EFR3B	1	EFR3B	
CABLES2	1	CABLES2	
TM6SF2	1	TM6SF2	
DBNDD1	1	DBNDD1	
DBNDD2	1	DBNDD2	
TRIM39	1	TRIM39	
UBQLNL	1	UBQLNL	
TRIM35	1	TRIM35	
TRIM36	1	TRIM36	
TRIM37	1	TRIM37	
TRIM38	1	TRIM38	
ZNF853	1	ZNF853	
TRIM31	1	TRIM31	
TRIM32	1	TRIM32	
TRIM33	1	TRIM33	
TRIM34	1	TRIM34	
TNFRSF6B	1	TNFRSF6B	
THSD7B	1	THSD7B	
ECI1	1	DCI	
RFESD	1	RFESD	
ECI2	1	PECI	
C16orf89	1	C16orf89	
MTFR1L	1	FAM54B	
C16orf87	1	C16orf87	
C16orf86	1	C16orf86	
EFR3A	1	EFR3A	
RINL	1	RINL	
TRIM28	1	TRIM28	
TRIM29	1	TRIM29	
TRIM24	1	TRIM24	
TRIM25	1	TRIM25	
ARL16	1	ARL16	
TRIM26	1	TRIM26	
THSD7A	1	THSD7A	
TRIM27	1	TRIM27	
TRIM21	1	TRIM21	
TP63	1	TP63	
TRIM22	1	TRIM22	
TRIM23	1	TRIM23	
ARL10	1	ARL10	
ARL11	1	ARL11	
LINC03124	1	C2orf27A	
ARL14	1	ARL14	
GIN1	1	GIN1	
ARL15	1	ARL15	
ECH1	1	ECH1	
TMEM170B	1	TMEM170B	
TMEM170A	1	TMEM170A	
C16orf74	1	C16orf74	
SLPI	1	SLPI	
TRIM17	1	TRIM17	
PNLDC1	1	PNLDC1	
TRIM13	1	TRIM13	
TRIM14	1	TRIM14	
RIN3	1	RIN3	
TRIM15	1	TRIM15	
TRIM16	1	TRIM16	
RIN1	1	RIN1	
RIN2	1	RIN2	
TP53	1	TP53	
TRIM10	1	TRIM10	
TRIM11	1	TRIM11	
GIPR	1	GIPR	
ACTR3B	1	ACTR3B	
TTBK1	1	TTBK1	
TTBK2	1	TTBK2	
ACTR3C	1	ACTR3C	
SYNGR1	1	SYNGR1	
SYNGR2	1	SYNGR2	
HLTF	1	HLTF	
SARAF	1	TMEM66	
B4GALNT1	1	B4GALNT1	
B4GALNT3	1	B4GALNT3	
PCK1	1	PCK1	
LYAR	1	LYAR	
B4GALNT4	1	B4GALNT4	
PCK2	1	PCK2	
PHETA2	1	FAM109B	
FER1L5	1	FER1L5	
HARS1	1	HARS	
FER1L4	1	FER1L4	
SPHKAP	1	SPHKAP	
NBEAL1	1	NBEAL1	
NBEAL2	1	NBEAL2	
C16orf54	1	C16orf54	
PHETA1	1	FAM109A	
FER1L6	1	FER1L6	
HARS2	1	HARS2	
POLA1	1	POLA1	
POLA2	1	POLA2	
EWSAT1	1	TMEM84	
TP73	1	TP73	
HERPUD2	1	HERPUD2	
COX7B	1	COX7B	
ECM1	1	ECM1	
ECM2	1	ECM2	
HIBADH	1	HIBADH	
GRIK5	1	GRIK5	
GRIK3	1	GRIK3	
GRIK4	1	GRIK4	
GRIK2	1	GRIK2	
MTMR9LP	1	MTMR9L	
COX7C	1	COX7C	
HERPUD1	1	HERPUD1	
ACTR1A	1	ACTR1A	
PCM1	1	PCM1	
ACTR1B	1	ACTR1B	
PCLO	1	PCLO	
NMRK1	1	C9orf95	
CNTRL	1	CEP110	
MCF2L2	1	MCF2L2	
GIT1	1	GIT1	
ATPAF2	1	ATPAF2	
COX8A	1	COX8A	
TOX4	1	TOX4	
TOX3	1	TOX3	
TOX2	1	TOX2	
SLTM	1	SLTM	
CLECL1P	1	CLECL1	
SLU7	1	SLU7	
ATPAF1	1	ATPAF1	
PCNA	1	PCNA	
GPALPP1	1	KIAA1704	
FITM1	1	FITM1	
NOXO1	1	NOXO1	
FITM2	1	FITM2	
COX5B	1	COX5B	
COX5A	1	COX5A	
PCNP	1	PCNP	
SLX4	1	BTBD12	
ORMDL2	1	ORMDL2	
ORMDL3	1	ORMDL3	
CYTOR	1	NCRNA00152	
SEC14L1P1	1	LOC729799	
SLX9	1	C21orf70	
PCNT	1	PCNT	
GIT2	1	GIT2	
ATP2B1-AS1	1	LOC338758	
TMEM176B	1	TMEM176B	
TMEM176A	1	TMEM176A	
ORMDL1	1	ORMDL1	
COX6C	1	COX6C	
CYP8B1	1	CYP8B1	
YIF1A	1	YIF1A	
GRIN1	1	GRIN1	
C16orf96	1	LOC342346	
YIF1B	1	YIF1B	
RIT1	1	RIT1	
SEC23IP	1	SEC23IP	
ACTR10	1	ACTR10	
IL18R1	1	IL18R1	
GRINA	1	GRINA	
NUP188	1	NUP188	
MILIP	1	LOC92659	
GRIP1	1	GRIP1	
SPINK4	1	SPINK4	
TMOD1	1	TMOD1	
PCID2	1	PCID2	
SPINK2	1	SPINK2	
SPINK1	1	SPINK1	
FBXW10	1	FBXW10	
FBXW11	1	FBXW11	
TMOD4	1	TMOD4	
TMOD3	1	TMOD3	
SPINK5	1	SPINK5	
TMOD2	1	TMOD2	
TTC7B	1	TTC7B	
TTC7A	1	TTC7A	
GRIP2	1	GRIP2	
PCP2	1	PCP2	
PCP4	1	PCP4	
LYG1	1	LYG1	
POLG2	1	POLG2	
COX19	1	COX19	
COX16	1	COX16	
COX15	1	COX15	
COX18	1	COX18	
COX17	1	COX17	
NUP160	1	NUP160	
TIMM50	1	TIMM50	
COX11	1	COX11	
COX14	1	C12orf62	
CYTL1	1	CYTL1	
ECT2	1	ECT2	
COX10	1	COX10	
CNTLN	1	CNTLN	
AUTS2	1	AUTS2	
CNTN5	1	CNTN5	
NUP155	1	NUP155	
HNRNPA1P33	1	LOC728643	
ANKRD40CL	1	C17orf73	
PCIF1	1	PCIF1	
BLTP2	1	KIAA0100	
USB1	1	C16orf57	
NUP153	1	NUP153	
TIMM44	1	TIMM44	
BLTP1	1	KIAA1109	
MKRN1	1	MKRN1	
CNTN1	1	CNTN1	
MKRN2	1	MKRN2	
RSPH14	1	RTDR1	
CNTN2	1	CNTN2	
CNTN3	1	CNTN3	
CNTN4	1	CNTN4	
COX20	1	FAM36A	
SWSAP1	1	C19orf39	
TNFAIP8	1	TNFAIP8	
TTC23	1	TTC23	
TTC24	1	TTC24	
TNFAIP6	1	TNFAIP6	
TTC22	1	TTC22	
TNFAIP2	1	TNFAIP2	
TNFAIP3	1	TNFAIP3	
PCTP	1	PCTP	
TNFAIP1	1	TNFAIP1	
USE1	1	USE1	
RPSAP9	1	RPSAP9	
TTC27	1	TTC27	
TTC28	1	TTC28	
FYCO1	1	FYCO1	
LYL1	1	LYL1	
CYTIP	1	CYTIP	
GUSBP3	1	GUSBP3	
GUSBP4	1	GUSBL2	
GUSBP5	1	LOC441046	
GUSBP1	1	GUSBP1	
GUSBP2	1	GUSBL1	
NUP133	1	NUP133	
TTC32	1	TTC32	
TTC33	1	TTC33	
TTC31	1	TTC31	
SHROOM2	1	SHROOM2	
SHROOM3	1	SHROOM3	
OLIG1	1	OLIG1	
SHROOM1	1	SHROOM1	
SYNGR3	1	SYNGR3	
SYNGR4	1	SYNGR4	
SHROOM4	1	SHROOM4	
TTC38	1	TTC38	
OXLD1	1	C17orf90	
FDPSP2	1	FDPSL2A	
SUMO1P3	1	SUMO1P3	
SLC3A1	1	SLC3A1	
SLC3A2	1	SLC3A2	
CAND2	1	CAND2	
CYTH3	1	CYTH3	
POLD3	1	POLD3	
CYTH2	1	CYTH2	
POLD4	1	POLD4	
CAND1	1	CAND1	
CYTH4	1	CYTH4	
POLD1	1	POLD1	
POLD2	1	POLD2	
CYTH1	1	CYTH1	
TIMM8B	1	TIMM8B	
TTC14	1	TTC14	
TIMM8A	1	TIMM8A	
TTC12	1	TTC12	
TTC13	1	TTC13	
TPBG	1	TPBG	
CIMIP2B	1	FAM166B	
USF3	1	KIAA2018	
NBEAP1	1	BCL8	
CIMIP2C	1	C2orf70	
TTC19	1	TTC19	
USF2	1	USF2	
TTC16	1	TTC16	
USF1	1	USF1	
TTC17	1	TTC17	
POLE4	1	POLE4	
SMUG1	1	SMUG1	
OPN1SW	1	OPN1SW	
POLE2	1	POLE2	
POLE3	1	POLE3	
SARDH	1	SARDH	
GPD1L	1	GPD1L	
PRSS1	1	PRSS1	
WIPF1	1	WIPF1	
WIPF2	1	WIPF2	
WIPF3	1	WIPF3	
NPIPB13	1	LOC613037	
SMC5	1	SMC5	
SLC4A2	1	SLC4A2	
SMC6	1	SMC6	
FAM86FP	1	LOC653113	
SLC4A3	1	SLC4A3	
SMC3	1	SMC3	
SLC4A4	1	SLC4A4	
SMC4	1	SMC4	
SLC4A5	1	SLC4A5	
SNORD116-20	1	SNORD116-20	
SMC2	1	SMC2	
GJA1	1	GJA1	
EVA1A	1	FAM176A	
GJA3	1	GJA3	
EVA1B	1	FAM176B	
ZMIZ1	1	ZMIZ1	
EVA1C	1	C21orf63	
GJA5	1	GJA5	
ZMIZ2	1	ZMIZ2	
GJA4	1	GJA4	
NAMPT	1	NAMPT	
PXDC1	1	C6orf145	
GJA9	1	GJA9	
PRSS8	1	PRSS8	
SBDSP1	1	SBDSP1	
PRSS3	1	PRSS3	
NUP214	1	NUP214	
NUP210	1	NUP210	
ARMC9	1	ARMC9	
ARMC7	1	ARMC7	
ARMC8	1	ARMC8	
FAM86EP	1	LOC348926	
ARMC1	1	ARMC1	
ARMC2	1	ARMC2	
DEPDC1B	1	DEPDC1B	
ADCY9	1	ADCY9	
ARMC5	1	ARMC5	
ARMC6	1	ARMC6	
ARMC3	1	ARMC3	
SNORD116-28	1	SNORD116-28	
HMBS	1	HMBS	
LIPT2	1	LIPT2	
LIPT1	1	LIPT1	
NUP205	1	NUP205	
TPH1	1	TPH1	
AKAP17A	1	SFRS17A	
ARPP19	1	ARPP19	
SAMSN1	1	SAMSN1	
NUGGC	1	C8orf80	
FAM86HP	1	LOC729375	
GJC1	1	GJC1	
PLAC8	1	PLAC8	
FAM171A1	1	FAM171A1	
PLAC9	1	PLAC9	
FAM171A2	1	FAM171A2	
GJC3	1	GJC3	
NCSTN	1	NCSTN	
GJC2	1	GJC2	
POM121C	1	POM121C	
PLAC1	1	PLAC1	
PLAC4	1	PLAC4	
FDFT1	1	FDFT1	
POU6F2	1	POU6F2	
POU6F1	1	POU6F1	
GJB2	1	GJB2	
GJB1	1	GJB1	
GJB4	1	GJB4	
GJB3	1	GJB3	
SIMC1P1	1	LOC202181	
GJB6	1	GJB6	
GJB5	1	GJB5	
LDAF1	1	TMEM159	
FAM86JP	1	LOC100125556	
SMG1	1	SMG1	
SMG9	1	C19orf61	
SMG7	1	SMG7	
SMG8	1	C17orf71	
LYST	1	LYST	
SMG5	1	SMG5	
SMG6	1	SMG6	
TPI1	1	TPI1	
CDYL2	1	CDYL2	
GJD2	1	GJD2	
GJD3	1	GJD3	
RPL34-DT	1	LOC285456	
USO1	1	USO1	
ADCY4	1	ADCY4	
ADCY3	1	ADCY3	
ADCY2	1	ADCY2	
ADCY1	1	ADCY1	
SPTY2D1	1	SPTY2D1	
ADCY7	1	ADCY7	
ADCY6	1	ADCY6	
FGD1	1	FGD1	
ADCY5	1	ADCY5	
FGD2	1	FGD2	
FGD3	1	FGD3	
ARFRP1	1	ARFRP1	
FGD4	1	FGD4	
FGD5	1	FGD5	
FGD6	1	FGD6	
SLC17A9	1	SLC17A9	
GPAT4	1	AGPAT6	
ASPDH	1	ASPDH	
SLC17A5	1	SLC17A5	
USP1	1	USP1	
PCGF1	1	PCGF1	
SLC17A6	1	SLC17A6	
GPAT3	1	AGPAT9	
ENSG00000291065	1	LOC441666	
SLC17A7	1	SLC17A7	
GPAT2	1	GPAT2	
SLC17A4	1	SLC17A4	
PCGF6	1	PCGF6	
RSPH4A	1	RSPH4A	
NOXRED1	1	C14orf148	
KIDINS220	1	KIDINS220	
PCGF5	1	PCGF5	
TPK1	1	TPK1	
PBDC1	1	CXorf26	
PCGF2	1	PCGF2	
PCGF3	1	PCGF3	
SYVN1	1	SYVN1	
AGMAT	1	AGMAT	
JKAMP	1	JKAMP	
VMA21	1	VMA21	
PCYOX1L	1	PCYOX1L	
MRE11	1	MRE11A	
TPMT	1	TPMT	
TMEM179B	1	TMEM179B	
FGF1	1	FGF1	
FGF2	1	FGF2	
IPO7	1	IPO7	
IPO4	1	IPO4	
EDC3	1	EDC3	
IPO5	1	IPO5	
EDC4	1	EDC4	
FGF5	1	FGF5	
RIMS2	1	RIMS2	
NPEPPS	1	NPEPPS	
RIMS1	1	RIMS1	
FGF7	1	FGF7	
IPO8	1	IPO8	
RIMS4	1	RIMS4	
IPO9	1	IPO9	
RIMS3	1	RIMS3	
FGF9	1	FGF9	
CSGALNACT1	1	CSGALNACT1	
USP8	1	USP8	
USP7	1	USP7	
USP6	1	USP6	
TPM4	1	TPM4	
USP5	1	USP5	
MAMSTR	1	MAMSTR	
TMEM178A	1	TMEM178	
TPM3	1	TPM3	
USP4	1	USP4	
SWAP70	1	SWAP70	
TPM2	1	TPM2	
USP3	1	USP3	
CSGALNACT2	1	CSGALNACT2	
IPMK	1	IPMK	
TPM1	1	TPM1	
USP2	1	USP2	
DYRK1A	1	DYRK1A	
DYRK1B	1	DYRK1B	
CHD1L	1	CHD1L	
EDAR	1	EDAR	
PYGO1	1	PYGO1	
PYGO2	1	PYGO2	
ZNF799	1	ZNF799	
IPPK	1	IPPK	
RTN4R	1	RTN4R	
ZNF793	1	ZNF793	
ZNF792	1	ZNF792	
ZNF791	1	ZNF791	
ZNF790	1	ZNF790	
GLT8D1	1	GLT8D1	
GLT8D2	1	GLT8D2	
HMMR	1	HMMR	
FGGY	1	FGGY	
PRECSIT	1	C13orf29	
SMN2	1	SMN2	
SLC66A1LP	1	C3orf55	
ZNF789	1	ZNF789	
SMN1	1	SMN1	
TPPP	1	TPPP	
ZNF787	1	ZNF787	
ZNF786	1	ZNF786	
ZNF785	1	ZNF785	
ZNF784	1	ZNF784	
ZNF782	1	ZNF782	
AKIRIN2	1	AKIRIN2	
ZNF781	1	ZNF781	
AKIRIN1	1	AKIRIN1	
SLC4A10	1	SLC4A10	
SLC4A11	1	SLC4A11	
PXDNL	1	PXDNL	
DAB2	1	DAB2	
DAB1	1	DAB1	
PDCL	1	PDCL	
TPP2	1	TPP2	
ZNF778	1	ZNF778	
TPP1	1	TPP1	
ZNF777	1	ZNF777	
ZNF776	1	ZNF776	
OR13A1	1	OR13A1	
ZNF775	1	ZNF775	
ZNF774	1	ZNF774	
DDX11L2	1	DDX11L2	
MIR31HG	1	LOC554202	
ZNF773	1	ZNF773	
ZNF772	1	ZNF772	
ZNF771	1	ZNF771	
ZNF770	1	ZNF770	
UFSP2	1	UFSP2	
UFSP1	1	UFSP1	
ZNF768	1	ZNF768	
ZNF766	1	ZNF766	
ZNF765	1	ZNF765	
TNPO1	1	TNPO1	
ZNF764	1	ZNF764	
ENSG00000291006	1	LOC730101	
TNPO2	1	TNPO2	
ZNF763	1	ZNF763	
PAAF1	1	PAAF1	
TNPO3	1	TNPO3	
ILKAP	1	ILKAP	
TPRN	1	TPRN	
ZNF761	1	ZNF761	
CTDSPL	1	CTDSPL	
EDF1	1	EDF1	
WIPI1	1	WIPI1	
WIPI2	1	WIPI2	
ZNF75D	1	ZNF75D	
ZNF75A	1	ZNF75A	
NPEPL1	1	NPEPL1	
CTDSP1	1	CTDSP1	
DAD1	1	DAD1	
CTDSP2	1	CTDSP2	
ZNF750	1	ZNF750	
SMPX	1	SMPX	
PLAG1	1	PLAG1	
FGL1	1	FGL1	
FGL2	1	FGL2	
PDHB	1	PDHB	
ZNF749	1	ZNF749	
ZNF747	1	ZNF747	
ZNF746	1	ZNF746	
RPL32P3	1	RPL32P3	
ZNF740	1	ZNF740	
NLGN4X	1	NLGN4X	
SMOX	1	SMOX	
MFAP5	1	MFAP5	
MFAP4	1	MFAP4	
MFAP1	1	MFAP1	
ZNF738	1	ZNF738	
MFAP3	1	MFAP3	
ZNF737	1	ZNF737	
MFAP2	1	MFAP2	
ZNF732	1	ZNF732	
TPT1	1	TPT1	
TMEM183A	1	TMEM183A	
PDCD2L	1	PDCD2L	
TIAL1	1	TIAL1	
ZNF846	1	ZNF846	
DAG1	1	DAG1	
PDK4	1	PDK4	
ZNF845	1	ZNF845	
PDK3	1	PDK3	
ZNF844	1	ZNF844	
ZNF843	1	ZNF843	
ZNF841	1	ZNF841	
BRICD5	1	C16orf79	
PDK2	1	PDK2	
PDK1	1	PDK1	
KRTAP5-AS1	1	LOC338651	
PDHX	1	PDHX	
SLC51A	1	OSTalpha	
TIAM2	1	TIAM2	
TIAM1	1	TIAM1	
PWAR5	1	PAR5	
ZNF839	1	ZNF839	
ZNF837	1	ZNF837	
ZNF836	1	ZNF836	
HMSD	1	HMSD	
HSBP1L1	1	HSBP1L1	
ZNF835	1	ZNF835	
GINM1	1	C6orf72	
ZNF831	1	ZNF831	
ZNF830	1	ZNF830	
TMEM185B	1	TMEM185B	
TMEM185A	1	TMEM185A	
STXBP3	1	STXBP3	
STXBP4	1	STXBP4	
STXBP1	1	STXBP1	
STXBP2	1	STXBP2	
GSKIP	1	C14orf129	
RPAP1	1	RPAP1	
RPAP2	1	RPAP2	
RPAP3	1	RPAP3	
CD79B	1	CD79B	
CD79A	1	CD79A	
CDRT15P1	1	CDRT15P	
ZNF829	1	ZNF829	
PDCD11	1	PDCD11	
ZNF827	1	ZNF827	
PDCD10	1	PDCD10	
ZNF823	1	ZNF823	
STXBP5	1	STXBP5	
ZNF821	1	ZNF821	
STXBP6	1	STXBP6	
TMEM184A	1	TMEM184A	
TMEM184C	1	TMEM184C	
TMEM184B	1	TMEM184B	
SMU1	1	SMU1	
TPX2	1	TPX2	
SMTN	1	SMTN	
ADCK2	1	ADCK2	
ZNF816	1	ZNF816A	
ADCK1	1	ADCK1	
ZNF814	1	ZNF814	
ZNF813	1	ZNF813	
ADCK5	1	ADCK5	
DCP1A	1	DCP1A	
HAR1A	1	HAR1A	
DCP1B	1	DCP1B	
HAR1B	1	HAR1B	
RPAIN	1	RPAIN	
C2CD6	1	ALS2CR11	
ZCCHC12	1	ZCCHC12	
C2CD5	1	KIAA0528	
ZCCHC10	1	ZCCHC10	
C2CD3	1	C2CD3	
C2CD2	1	C2CD2	
ZCCHC18	1	ZCCHC18	
ZCCHC17	1	ZCCHC17	
ZCCHC14	1	ZCCHC14	
ZNF808	1	ZNF808	
ZNF805	1	ZNF805	
ZNF800	1	ZNF800	
ZCCHC24	1	ZCCHC24	
EDN1	1	EDN1	
EDN2	1	EDN2	
EDN3	1	EDN3	
PDCD1LG2	1	PDCD1LG2	
PPHLN1	1	PPHLN1	
CYP7B1	1	CYP7B1	
TEKT4P2	1	LOC100132288	
VWA8	1	KIAA0564	
BDNF-AS	1	BDNFOS	
MATN1	1	MATN1	
VWA1	1	VWA1	
VWA2	1	VWA2	
ACTRT3	1	ARPM1	
MATN4	1	MATN4	
MATN3	1	MATN3	
VWA7	1	C6orf27	
MATN2	1	MATN2	
VWCE	1	VWCE	
CHRAC1	1	CHRAC1	
PDPR	1	PDPR	
PDPN	1	PDPN	
TRAM1L1	1	TRAM1L1	
GINS1	1	GINS1	
GINS2	1	GINS2	
GINS3	1	GINS3	
GINS4	1	GINS4	
GRHL3	1	GRHL3	
GRHL1	1	GRHL1	
GRHL2	1	GRHL2	
PDP1	1	PDP1	
MPHOSPH9	1	MPHOSPH9	
PDP2	1	PDP2	
F2RL1	1	F2RL1	
MPHOSPH8	1	MPHOSPH8	
F2RL2	1	F2RL2	
F2RL3	1	F2RL3	
MPHOSPH6	1	MPHOSPH6	
ZWILCH	1	ZWILCH	
DEUP1	1	CCDC67	
LZIC	1	LZIC	
MARCHF10	1	MARCH10	
CCDC28B	1	CCDC28B	
CCDC28A	1	CCDC28A	
MAGED4B	1	MAGED4B	
AZI2	1	AZI2	
RALBP1	1	RALBP1	
VWDE	1	VWDE	
ZBTB11-AS1	1	LOC100009676	
MATR3	1	MATR3	
DAP3	1	DAP3	
ADCY10P1	1	LOC221442	
PMAIP1	1	PMAIP1	
SPECC1	1	CYTSB	
GRHPR	1	GRHPR	
TSGA10	1	TSGA10	
EOLA2	1	CXorf40B	
MRFAP1L2	1	LOC93622	
EOLA1	1	CXorf40A	
MRFAP1L1	1	MRFAP1L1	
RABEPK	1	RABEPK	
OASL	1	OASL	
LRRTM3	1	LRRTM3	
LRRTM4	1	LRRTM4	
FAM86B2	1	FAM86B2	
LRRTM1	1	LRRTM1	
TOP1MT	1	TOP1MT	
LRRTM2	1	LRRTM2	
BRD3OS	1	NCRNA00094	
IQCE	1	IQCE	
PLAUR	1	PLAUR	
TOP1P1	1	TOP1P1	
FAM86B1	1	FAM86B1	
LINC03040	1	C6orf223	
IQCC	1	IQCC	
IQCD	1	IQCD	
IQCG	1	IQCG	
IQCH	1	IQCH	
SUPV3L1	1	SUPV3L1	
ALDH1A3	1	ALDH1A3	
IQCN	1	KIAA1683	
IQCK	1	IQCK	
RABEP1	1	RABEP1	
OAS1	1	OAS1	
RABEP2	1	RABEP2	
OAS2	1	OAS2	
THRAP3	1	THRAP3	
ALDH1A2	1	ALDH1A2	
OAS3	1	OAS3	
ALDH1A1	1	ALDH1A1	
PDXK	1	PDXK	
PDXP	1	PDXP	
FAM86DP	1	FAM86D	
ERICH5	1	C8orf47	
ERICH6	1	FAM194A	
OGFRL1	1	OGFRL1	
UXT-AS1	1	LOC100133957	
ALDH1B1	1	ALDH1B1	
ERICH1	1	ERICH1	
ERICH3	1	C1orf173	
SNCG	1	SNCG	
SNCB	1	SNCB	
LURAP1	1	C1orf190	
S100PBP	1	S100PBP	
SNCA	1	SNCA	
PDX1	1	PDX1	
LINC03062	1	LOC100129066	
SLC4A7	1	SLC4A7	
SLC4A8	1	SLC4A8	
SLC4A9	1	SLC4A9	
NSDHL	1	NSDHL	
DAXX	1	DAXX	
CRIPTO	1	TDGF1	
SND1	1	SND1	
SLC5A6	1	SLC5A6	
SLC5A7	1	SLC5A7	
SLC5A9	1	SLC5A9	
PADI3	1	PADI3	
PADI2	1	PADI2	
TBPL1	1	TBPL1	
PADI4	1	PADI4	
PADI1	1	PADI1	
MTMR1	1	MTMR1	
SAMTOR	1	C7orf60	
MTMR2	1	MTMR2	
MTMR3	1	MTMR3	
MEAF6	1	MEAF6	
MTMR8	1	MTMR8	
MTMR9	1	MTMR9	
SLC5A1	1	SLC5A1	
MTMR4	1	MTMR4	
SLC5A2	1	SLC5A2	
OAZ1	1	OAZ1	
SLC5A3	1	SLC5A3	
MTMR6	1	MTMR6	
OAZ2	1	OAZ2	
SLC5A4	1	SLC5A4	
MTMR7	1	MTMR7	
OAZ3	1	OAZ3	
SLC5A5	1	SLC5A5	
HMGXB4	1	HMGXB4	
NRAD1	1	LOC121838	
HMGXB3	1	HMGXB3	
PROSER3	1	C19orf55	
B3GALNT2	1	B3GALNT2	
B3GALNT1	1	B3GALNT1	
NAPSA	1	NAPSA	
NAPSB	1	NAPSB	
ERLIN1	1	ERLIN1	
AZU1	1	AZU1	
ERLIN2	1	ERLIN2	
SNF8	1	SNF8	
MLLT11	1	MLLT11	
MLLT10	1	MLLT10	
NAPEPLD	1	NAPEPLD	
SASS6	1	SASS6	
STAG3L1	1	STAG3L1	
STAG3L3	1	STAG3L3	
STAG3L2	1	STAG3L2	
STAG3L4	1	STAG3L4	
LITAF	1	LITAF	
TRIOBP	1	TRIOBP	
EEA1	1	EEA1	
RPL23AP82	1	RPL23AP82	
FGFBP3	1	FGFBP3	
ELOVL1	1	ELOVL1	
FGFBP1	1	FGFBP1	
FGFBP2	1	FGFBP2	
ELOVL4	1	ELOVL4	
RIPK3	1	RIPK3	
ELOVL5	1	ELOVL5	
RIPK2	1	RIPK2	
ELOVL2	1	ELOVL2	
ELOVL3	1	ELOVL3	
RIPK4	1	RIPK4	
VWA5A	1	VWA5A	
ELOVL6	1	ELOVL6	
ELOVL7	1	ELOVL7	
POU5F1	1	POU5F1	
SUMF2	1	SUMF2	
SUMF1	1	SUMF1	
SLC29A4	1	SLC29A4	
SLC29A1	1	SLC29A1	
SLC29A3	1	SLC29A3	
SLC29A2	1	SLC29A2	
FSTL1	1	FSTL1	
FSTL4	1	FSTL4	
FSTL3	1	FSTL3	
RECQL4	1	RECQL4	
FSTL5	1	FSTL5	
RECQL5	1	RECQL5	
CARNS1	1	CARNS1	
RPL23AP64	1	RPL23AP64	
P2RY12	1	P2RY12	
P2RY13	1	P2RY13	
P2RY10	1	P2RY10	
UTP6	1	UTP6	
P2RY11	1	P2RY11	
SLC16A1	1	SLC16A1	
UTP4	1	CIRH1A	
UTP3	1	UTP3	
P2RY14	1	P2RY14	
MEAK7	1	KIAA1609	
YLPM1	1	YLPM1	
VWA3A	1	VWA3A	
VWA3B	1	VWA3B	
ZNF699	1	ZNF699	
ZNF697	1	ZNF697	
RPL23AP53	1	RPL23AP53	
ZNF696	1	ZNF696	
ZNF695	1	ZNF695	
PECR	1	PECR	
ZNF692	1	ZNF692	
ZNF691	1	ZNF691	
CSE1L	1	CSE1L	
STK19	1	STK19	
HNMT	1	HNMT	
ATP8B5P	1	ATP8B5P	
RNF126P1	1	RNF126P1	
STK10	1	STK10	
STK11	1	STK11	
STK16	1	STK16	
KPNA6	1	KPNA6	
SLC16A6	1	SLC16A6	
KPNA7	1	KPNA7	
SLC16A7	1	SLC16A7	
KPNA4	1	KPNA4	
SLC16A8	1	SLC16A8	
ZNF689	1	ZNF689	
KPNA5	1	KPNA5	
SLC16A9	1	SLC16A9	
ZNF688	1	ZNF688	
KPNA2	1	KPNA2	
SLC16A2	1	SLC16A2	
ZNF687	1	ZNF687	
KPNA3	1	KPNA3	
SLC16A3	1	SLC16A3	
SLC16A4	1	SLC16A4	
KPNA1	1	KPNA1	
SLC16A5	1	SLC16A5	
ZNF684	1	ZNF684	
ZNF683	1	ZNF683	
ZNF682	1	ZNF682	
ZNF681	1	ZNF681	
ZNF680	1	ZNF680	
ACAP3	1	ACAP3	
ACAP2	1	ACAP2	
ACAP1	1	ACAP1	
SLC7A5P2	1	SLC7A5P2	
UTS2	1	UTS2	
ZNF678	1	ZNF678	
ZNF677	1	ZNF677	
UTRN	1	UTRN	
ZNF676	1	ZNF676	
ZNF675	1	ZNF675	
KPNB1	1	KPNB1	
PVALB	1	PVALB	
ZNF674	1	ZNF674	
ZNF672	1	ZNF672	
ZNF671	1	ZNF671	
ZNF670	1	ZNF670	
TSACC	1	C1orf182	
PEF1	1	PEF1	
STK39	1	STK39	
THADA	1	THADA	
FHIT	1	FHIT	
ACAT2	1	ACAT2	
ACAT1	1	ACAT1	
STK31	1	STK31	
STK33	1	STK33	
STK35	1	STK35	
STK36	1	STK36	
STK38	1	STK38	
ZNF669	1	ZNF669	
ZNF668	1	ZNF668	
ZNF667	1	ZNF667	
ZNF665	1	ZNF665	
ENSG00000291149	1	LOC154761	
ZNF664	1	ZNF664	
ZNF662	1	ZNF662	
ZNF660	1	ZNF660	
SRD5A2	1	SRD5A2	
SRD5A1	1	SRD5A1	
SRD5A3	1	SRD5A3	
EEF2	1	EEF2	
KIAA1755	1	KIAA1755	
PTGES2-AS1	1	LOC389791	
STK24	1	STK24	
STK25	1	STK25	
STK26	1	MST4	
ZNF658	1	ZNF658	
ZNF655	1	ZNF655	
ZNF654	1	ZNF654	
ZNF653	1	ZNF653	
ZNF652	1	ZNF652	
POMT2	1	POMT2	
FHL1	1	FHL1	
POMT1	1	POMT1	
FHL2	1	FHL2	
FHL3	1	FHL3	
SUMO4	1	SUMO4	
NRARP	1	NRARP	
FHL5	1	FHL5	
MIR924HG	1	LOC647946	
CAPZB	1	CAPZB	
SUMO1	1	SUMO1	
SUMO3	1	SUMO3	
ZNF649	1	ZNF649	
IQUB	1	IQUB	
SUMO2	1	SUMO2	
ZNF646	1	ZNF646	
TNFSF12-TNFSF13	1	TNFSF12-TNFSF13	
ZNF644	1	ZNF644	
ZNF641	1	ZNF641	
OVGP1	1	OVGP1	
PEG3	1	PEG3	
DBF4	1	DBF4	
NSMCE4A	1	NSMCE4A	
SNPH	1	SNPH	
ZNF639	1	ZNF639	
ZNF638	1	ZNF638	
ZNF37BP	1	ZNF37B	
ZNF630	1	ZNF630	
C2orf81	1	C2orf81	
CKMT2	1	CKMT2	
C2orf88	1	C2orf88	
ZNF629	1	ZNF629	
ZNF628	1	ZNF628	
ZNF627	1	ZNF627	
ZNF626	1	ZNF626	
CDC37L1	1	CDC37L1	
ZNF625	1	ZNF625	
ZNF624	1	ZNF624	
ZNF623	1	ZNF623	
ZNF622	1	ZNF622	
ZNF621	1	ZNF621	
ZNF620	1	ZNF620	
C2orf72	1	C2orf72	
TMPPE	1	TMPPE	
SNRK	1	SNRK	
ZNF619	1	ZNF619	
C2orf74	1	C2orf74	
ZNF618	1	ZNF618	
C2orf76	1	C2orf76	
ZNF616	1	ZNF616	
ZNF615	1	ZNF615	
ZNF614	1	ZNF614	
ZNF613	1	ZNF613	
ZNF611	1	ZNF611	
ZNF610	1	ZNF610	
LPGAT1	1	LPGAT1	
OGFOD3	1	C17orf101	
ENSG00000280424	1	LOC730668	
C2orf69	1	C2orf69	
C2orf68	1	C2orf68	
ZNF727	1	ZNF727	
OGFOD1	1	OGFOD1	
OGFOD2	1	OGFOD2	
ZNF721	1	ZNF721	
PELO	1	PELO	
ARMT1	1	C6orf211	
LINC02035	1	LOC100129550	
PHYKPL	1	AGXT2L2	
SCAF11	1	SFRS2IP	
THAP2	1	THAP2	
FNDC8	1	FNDC8	
THAP1	1	THAP1	
FNDC5	1	FNDC5	
THAP4	1	THAP4	
THAP3	1	THAP3	
THAP6	1	THAP6	
FNDC4	1	FNDC4	
SNTN	1	SNTN	
THAP5	1	THAP5	
ZNF718	1	ZNF718	
FNDC1	1	FNDC1	
THAP8	1	THAP8	
ZNF717	1	ZNF717	
THAP7	1	THAP7	
THAP9	1	THAP9	
ZNF714	1	ZNF714	
ZNF713	1	ZNF713	
TAGLN2	1	TAGLN2	
ZNF711	1	ZNF711	
TAGLN3	1	TAGLN3	
ZNF710	1	ZNF710	
OBI1	1	RNF219	
WDR5CP	1	LOC401127	
CRACD	1	KIAA1211	
FUNDC2P2	1	FUNDC2P2	
APH1A	1	APH1A	
SNX3	1	SNX3	
SNX4	1	SNX4	
ZNF709	1	ZNF709	
COMMD8	1	COMMD8	
SNX1	1	SNX1	
ZNF708	1	ZNF708	
APH1B	1	APH1B	
COMMD9	1	COMMD9	
SNX2	1	SNX2	
ZNF707	1	ZNF707	
ZNF706	1	ZNF706	
ZNF704	1	ZNF704	
C2orf42	1	C2orf42	
PENK	1	PENK	
ZNF703	1	ZNF703	
ZNF701	1	ZNF701	
SNX9	1	SNX9	
ZNF700	1	ZNF700	
C2orf49	1	C2orf49	
SNX7	1	SNX7	
SNX8	1	SNX8	
SNX5	1	SNX5	
SNX6	1	SNX6	
CRADD	1	CRADD	
INTS1	1	INTS1	
INTS3	1	INTS3	
INTS2	1	INTS2	
SNW1	1	SNW1	
TASOR2	1	C10orf18	
INTS5	1	INTS5	
INTS4	1	INTS4	
PEMT	1	PEMT	
INTS7	1	INTS7	
INTS6	1	INTS6	
INTS9	1	INTS9	
INTS8	1	INTS8	
TMEM151A	1	TMEM151A	
CCDC122	1	CCDC122	
CCDC121	1	CCDC121	
CCDC120	1	CCDC120	
TMEM151B	1	TMEM151B	
CCDC127	1	CCDC127	
CCDC126	1	CCDC126	
CCDC125	1	CCDC125	
CCDC124	1	CCDC124	
CHRDL2	1	CHRDL2	
PEPD	1	PEPD	
CHRDL1	1	CHRDL1	
ACADL	1	ACADL	
ACADM	1	ACADM	
ACADS	1	ACADS	
ACAD8	1	ACAD8	
CCDC112	1	CCDC112	
CCDC110	1	CCDC110	
TMEM150B	1	TMEM150B	
DBNL	1	DBNL	
TMEM150A	1	TMEM150A	
CCDC116	1	CCDC116	
CCDC115	1	CCDC115	
ACAD9	1	ACAD9	
MINK1	1	MINK1	
COMMD2	1	COMMD2	
COMMD3	1	COMMD3	
CCDC117	1	CCDC117	
COMMD1	1	COMMD1	
COMMD6	1	COMMD6	
COMMD7	1	COMMD7	
TMEM150C	1	TMEM150C	
COMMD4	1	COMMD4	
COMMD5	1	COMMD5	
CSDE1	1	CSDE1	
KXD1	1	C19orf50	
C2orf15	1	C2orf15	
DBN1	1	DBN1	
STK40	1	STK40	
CAPS2	1	CAPS2	
SATB1	1	SATB1	
CCDC103	1	CCDC103	
SATB2	1	SATB2	
DOT1L	1	DOT1L	
HEATR1	1	HEATR1	
CCDC107	1	CCDC107	
MALSU1	1	C7orf30	
CCDC106	1	CCDC106	
SERTAD3	1	SERTAD3	
SERTAD4	1	SERTAD4	
SERTAD1	1	SERTAD1	
SERTAD2	1	SERTAD2	
PERP	1	PERP	
PES1	1	PES1	
HEATR3	1	HEATR3	
HEATR4	1	HEATR4	
HEATR6	1	HEATR6	
ALDH4A1	1	ALDH4A1	
PER2	1	PER2	
PER1	1	PER1	
GFI1B	1	GFI1B	
CMSS1	1	C3orf26	
PER3	1	PER3	
CSDC2	1	CSDC2	
ESYT3	1	ESYT3	
EPPK1	1	EPPK1	
ESYT2	1	ESYT2	
ESYT1	1	ESYT1	
CCDC167	1	C6orf129	
DBR1	1	DBR1	
ACAA2	1	ACAA2	
CCDC168	1	LOC643677	
CYP46A1	1	CYP46A1	
CAPN8	1	CAPN8	
CAPN9	1	CAPN9	
CAPN6	1	CAPN6	
CAPN7	1	CAPN7	
DUOXA1	1	DUOXA1	
CAPN5	1	CAPN5	
DUOXA2	1	DUOXA2	
CAPN2	1	CAPN2	
CAPN3	1	CAPN3	
CAPN1	1	CAPN1	
SATL1	1	SATL1	
ACAA1	1	ACAA1	
CCDC163	1	CCDC163P	
ARHGEF40	1	FLJ10357	
CCDC160	1	CCDC160	
EOMES	1	EOMES	
ZBP1	1	ZBP1	
CCDC154	1	CCDC154	
CCDC159	1	CCDC159	
CCDC158	1	CCDC158	
CCDC157	1	CCDC157	
PCOLCE	1	PCOLCE	
TANC2	1	TANC2	
TANC1	1	TANC1	
CCDC152	1	CCDC152	
CCDC150	1	CCDC150	
CCDC142	1	CCDC142	
CCDC149	1	CCDC149	
ARHGEF26	1	SGEF	
CCDC148	1	CCDC148	
ARHGEF25	1	GEFT	
ARHGEF28	1	RGNEF	
CCDC146	1	CCDC146	
ACACB	1	ACACB	
ACACA	1	ACACA	
KIR2DL4	1	KIR2DL4	
BET1P1	1	LOC100128542	
CCDC141	1	CCDC141	
ARHGEF33	1	ARHGEF33	
CCDC134	1	CCDC134	
ARHGEF35	1	ARHGEF35	
ARHGEF37	1	ARHGEF37	
CCDC138	1	CCDC138	
CCDC137	1	CCDC137	
ARHGEF39	1	C9orf100	
CCDC136	1	CCDC136	
ARHGEF38	1	ARHGEF38	
IL17REL	1	IL17REL	
TREH	1	TREH	
SOBP	1	SOBP	
DNPH1	1	C6orf108	
ZNF252P	1	ZNF252	
ARMH4	1	C14orf37	
GPER1	1	GPER	
ZNF385B	1	ZNF385B	
HORMAD1	1	HORMAD1	
ZNF385D	1	ZNF385D	
ARMH3	1	C10orf76	
ZNF385A	1	ZNF385A	
ARMH1	1	C1orf228	
ARHGEF11	1	ARHGEF11	
BCKDHA	1	BCKDHA	
KRT222	1	KRT222	
ARHGEF10	1	ARHGEF10	
CCDC198	1	C14orf105	
ARHGEF12	1	ARHGEF12	
ARHGEF15	1	ARHGEF15	
ARHGEF17	1	ARHGEF17	
ARHGEF16	1	ARHGEF16	
BCKDHB	1	BCKDHB	
ARHGEF19	1	ARHGEF19	
ARHGEF18	1	ARHGEF18	
PEX2	1	PEX2	
PEX1	1	PEX1	
GPCPD1	1	GPCPD1	
HEXA-AS1	1	C15orf34	
PEX7	1	PEX7	
IRF3	1	IRF3	
IRF4	2	IRF4:MUM1	
PEX3	1	PEX3	
IRF1	1	IRF1	
PEX6	1	PEX6	
IRF2	1	IRF2	
PEX5	1	PEX5	
IRF7	1	IRF7	
BLVRB	1	BLVRB	
IRF8	1	IRF8	
CCDC191	1	KIAA1407	
CCDC190	1	C1orf110	
IRF5	1	IRF5	
IRF6	1	IRF6	
BLVRA	1	BLVRA	
IRF9	1	IRF9	
TPT1-AS1	1	LOC100190939	
CCDC186	1	C10orf118	
DBX2	1	DBX2	
DNPEP	1	DNPEP	
MARVELD2	1	MARVELD2	
MARVELD1	1	MARVELD1	
MARVELD3	1	MARVELD3	
CCDC181	1	C1orf114	
CCDC180	1	KIAA1529	
CCDC184	1	C12orf68	
CCDC183	1	KIAA1984	
CCDC178	1	C18orf34	
SOD2	1	SOD2	
NCBP2AS2	1	LOC152217	
SOD3	1	SOD3	
SOD1	1	SOD1	
EEPD1	1	EEPD1	
IRGQ	1	IRGQ	
GOLPH3	1	GOLPH3	
GLB1	1	GLB1	
BRMS1L	1	BRMS1L	
CCDC170	1	C6orf97	
FAM98C	1	FAM98C	
RANGRF	1	RANGRF	
FAM98B	1	FAM98B	
FAM98A	1	FAM98A	
CCDC174	1	C3orf19	
CCDC171	1	C9orf93	
TRIR	1	C19orf43	
GUSBP14	1	LOC100170939	
TRIO	1	TRIO	
GUSBP11	1	LOC91316	
GLDC	1	GLDC	
TRIL	1	TRIL	
UPK3BL1	1	UPK3BL	
FNBP1L	1	FNBP1L	
H2AC15	1	HIST1H2AK	
GLDN	1	GLDN	
H2AC17	1	HIST1H2AM	
H2AC18	1	HIST2H2AA3	
MILR1	1	C17orf60	
GLE1	1	GLE1	
H2AC11	1	HIST1H2AG	
CREB3L3	1	CREB3L3	
CREB3L4	1	CREB3L4	
CREB3L1	1	CREB3L1	
CREB3L2	1	CREB3L2	
MS4A14	1	MS4A14	
PIP4K2A	1	PIP4K2A	
PLCE1	1	PLCE1	
PIP4K2B	1	PIP4K2B	
PIP4K2C	1	PIP4K2C	
JUNB	1	JUNB	
NHLRC3	1	NHLRC3	
NHLRC4	1	NHLRC4	
GLCE	1	GLCE	
PIH1D1	1	PIH1D1	
SARNP	1	SARNP	
TYRO3	1	TYRO3	
PIH1D2	1	PIH1D2	
NHLRC1	1	NHLRC1	
NHLRC2	1	NHLRC2	
FICD	1	FICD	
SRCAP	1	SRCAP	
GLG1	1	GLG1	
CRACR2A	1	EFCAB4B	
CRACR2B	1	EFCAB4A	
PPP4C	1	PPP4C	
PLCG2	1	PLCG2	
PLCG1	1	PLCG1	
NR2C2AP	1	NR2C2AP	
NSUN5P1	1	NSUN5P1	
JUND	1	JUND	
NSUN5P2	1	NSUN5P2	
DNASE2B	1	DNASE2B	
FIBP	1	FIBP	
SLC6A6	1	SLC6A6	
PPP5C	1	PPP5C	
SLC6A7	1	SLC6A7	
H2AC25	1	HIST3H2A	
SLC6A8	1	SLC6A8	
GIPC3	1	GIPC3	
SLC6A9	1	SLC6A9	
GIPC1	1	GIPC1	
H2AC20	1	HIST2H2AC	
GIPC2	1	GIPC2	
PLCH1	1	PLCH1	
PLCH2	1	PLCH2	
TRMU	1	TRMU	
TGFB1I1	1	TGFB1I1	
TRMO	1	C9orf156	
HRCT1	1	HRCT1	
GLI1	1	GLI1	
SLC6A1	1	SLC6A1	
H2AZ1-DT	1	LOC256880	
PFAS	1	PFAS	
GLI3	1	GLI3	
SLC6A3	1	SLC6A3	
GLI2	1	GLI2	
MS4A4A	1	MS4A4A	
SLC6A4	1	SLC6A4	
GLI4	1	GLI4	
IMPA1	1	IMPA1	
IMPA2	1	IMPA2	
RIOK2	1	RIOK2	
RIOK1	1	RIOK1	
GOLGA2P10	1	LOC80154	
HSFX2	1	HSFX2	
FCER2	1	FCER2	
MS4A6A	1	MS4A6A	
RIPPLY3	1	DSCR6	
PLCB3	1	PLCB3	
AKR7A2P1	1	AFARP1	
PLCB4	1	PLCB4	
PLCB1	1	PLCB1	
ZNF599	1	ZNF599	
PLCB2	1	PLCB2	
ZNF598	1	ZNF598	
ZNF597	1	ZNF597	
ZNF596	1	ZNF596	
ZNF595	1	ZNF595	
OCA2	1	OCA2	
ZNF594	1	ZNF594	
ZNF593	1	ZNF593	
ZNF592	1	ZNF592	
PACC1	1	TMEM206	
FIGN	1	FIGN	
MIPOL1	1	MIPOL1	
ZNF589	1	ZNF589	
ZNF587	1	ZNF587	
ZNF586	1	ZNF586	
ZNF584	1	ZNF584	
ZNF583	1	ZNF583	
ZNF582	1	ZNF582	
ZNF581	1	ZNF581	
ZNF580	1	ZNF580	
RIOK3	1	RIOK3	
CARD8	1	CARD8	
CARD9	1	CARD9	
CARD6	1	CARD6	
LAPTM5	1	LAPTM5	
TTC9C	1	TTC9C	
SULF1	1	SULF1	
LRPPRC	1	LRPPRC	
SULF2	1	SULF2	
FIG4	1	FIG4	
RLIM	1	RLIM	
SARM1	1	SARM1	
FILIP1	1	FILIP1	
ZNF579	1	ZNF579	
ZNF578	1	ZNF578	
PLCD3	1	PLCD3	
ZNF577	1	ZNF577	
PLCD4	1	PLCD4	
SLC28A1	1	SLC28A1	
ZNF576	1	ZNF576	
PLCD1	1	PLCD1	
ZNF575	1	ZNF575	
SLC28A3	1	SLC28A3	
ZNF574	1	ZNF574	
ZNF573	1	ZNF573	
ZNF572	1	ZNF572	
PHLDB1	1	PHLDB1	
ZNF571	1	ZNF571	
CSF3R	1	CSF3R	
ZNF570	1	ZNF570	
IRS1	1	IRS1	
IRS2	1	IRS2	
YEATS4	1	YEATS4	
METRNL	1	METRNL	
ZNF569	1	ZNF569	
ZNF568	1	ZNF568	
ZNF567	1	ZNF567	
PHLDA2	1	PHLDA2	
ZNF566	1	ZNF566	
PHLDA1	1	PHLDA1	
ZNF565	1	ZNF565	
ZNF564	1	ZNF564	
FERRY3	1	C12orf4	
PHLDA3	1	PHLDA3	
ZNF563	1	ZNF563	
ZNF562	1	ZNF562	
PNISR	1	SFRS18	
ZNF561	1	ZNF561	
SLC15A1	1	SLC15A1	
SLC15A2	1	SLC15A2	
ENKUR	1	ENKUR	
KIAA1614	1	KIAA1614	
STIM1	1	STIM1	
STIM2	1	STIM2	
ZNF559	1	ZNF559	
ZNF558	1	ZNF558	
ZNF557	1	ZNF557	
PHLDB3	1	PHLDB3	
ZNF555	1	ZNF555	
PHLDB2	1	PHLDB2	
ZNF554	1	ZNF554	
GLYR1	1	GLYR1	
ZNF552	1	ZNF552	
ZNF551	1	ZNF551	
CSF1R	1	CSF1R	
ZNF550	1	ZNF550	
GLO1	1	GLO1	
PHF21A	1	PHF21A	
PHF21B	1	PHF21B	
STIP1	1	STIP1	
ZNF549	1	ZNF549	
ZNF548	1	ZNF548	
PAXIP1-DT	1	LOC202781	
ZNF547	1	ZNF547	
ZNF546	1	ZNF546	
SLC15A3	1	SLC15A3	
ZNF544	1	ZNF544	
KIAA0319	1	KIAA0319	
SLC15A4	1	SLC15A4	
ZNF543	1	ZNF543	
IMPG1	1	IMPG1	
IMPG2	1	IMPG2	
ZNF541	1	ZNF541	
ZNF540	1	ZNF540	
GLMN	1	GLMN	
GLMP	1	C1orf85	
CYBRD1	1	CYBRD1	
HOPX	1	HOPX	
CHERP	1	CHERP	
RIOX1	1	C14orf169	
YEATS2	1	YEATS2	
RIOX2	1	MINA	
RLN2	1	RLN2	
SPIRE2	1	SPIRE2	
SPIRE1	1	SPIRE1	
ZNF536	1	ZNF536	
EFHB	1	EFHB	
ZNF534	1	ZNF534	
ZNF532	1	ZNF532	
ZNF530	1	ZNF530	
KIAA1671	1	KIAA1671	
PPP6C	1	PPP6C	
SART1	1	SART1	
SART3	1	SART3	
GM2A	1	GM2A	
ZNF529	1	ZNF529	
ZNF528	1	ZNF528	
ZNF527	1	ZNF527	
ZNF526	1	ZNF526	
ZNF525	1	ZNF525	
ZNF524	1	ZNF524	
INSL3	1	INSL3	
ZNF521	1	ZNF521	
C19orf73	1	C19orf73	
ENSG00000291228	1	LOC652276	
SORD	1	SORD	
LCA5L	1	LCA5L	
SARS1	1	SARS	
SARS2	1	SARS2	
ZNF519	1	ZNF519	
ZNF517	1	ZNF517	
ZNF516	1	ZNF516	
ZNF514	1	ZNF514	
ZNF513	1	ZNF513	
ZNF512	1	ZNF512	
SMPDL3B	1	SMPDL3B	
SOS1	1	SOS1	
ZNF511	1	ZNF511	
SMPDL3A	1	SMPDL3A	
SOS2	1	SOS2	
ZNF510	1	ZNF510	
GLS2	1	GLS2	
TYRP1	1	TYRP1	
GLRX	1	GLRX	
DENND10P1	1	FAM45B	
ZNF507	1	ZNF507	
ZNF506	1	ZNF506	
ZNF503	1	ZNF503	
ZNF502	1	ZNF502	
ZNF501	1	ZNF501	
ZNF500	1	ZNF500	
IRX1	1	IRX1	
IRX2	1	IRX2	
SKOR1	1	LBXCOR1	
IRX5	1	IRX5	
IRX6	1	IRX6	
EFL1	1	EFTUD1	
IRX3	1	IRX3	
PLCL1	1	PLCL1	
PLCL2	1	PLCL2	
RNF138P1	1	RNF138P1	
CUL4A	1	CUL4A	
RPGRIP1	1	RPGRIP1	
SVOPL	1	SVOPL	
MARCKS	1	MARCKS	
PFKL	1	PFKL	
GLRB	1	GLRB	
INSM1	1	INSM1	
PFKM	1	PFKM	
PFKP	1	PFKP	
CUL4B	1	CUL4B	
GLTP	1	GLTP	
ARL6IP1	1	ARL6IP1	
TTLL10	1	TTLL10	
DDX60L	1	DDX60L	
C19orf25	1	C19orf25	
SOX2	1	SOX2	
LRMDA	1	C10orf11	
EDNRA	1	EDNRA	
ZNF609	1	ZNF609	
EDNRB	1	EDNRB	
ZNF608	1	ZNF608	
RUSC2	1	RUSC2	
ZNF607	1	ZNF607	
RUSC1	1	RUSC1	
ZNF606	1	ZNF606	
CHEK2	1	CHEK2	
ZNF605	1	ZNF605	
CHEK1	1	CHEK1	
ARL6IP5	1	ARL6IP5	
ARL6IP4	1	ARL6IP4	
SOX8	1	SOX8	
SOX9	1	SOX9	
ZNF600	1	ZNF600	
SOX6	1	SOX6	
GLUL	1	GLUL	
SOX7	1	SOX7	
SOX4	1	SOX4	
ARL6IP6	1	ARL6IP6	
SOX5	1	SOX5	
JMJD4	1	JMJD4	
C19orf38	1	C19orf38	
RECQL	1	RECQL	
C19orf33	1	C19orf33	
JMJD8	1	JMJD8	
JMJD6	1	JMJD6	
SHLD2P1	1	FAM35B	
CENPBD1P	1	CENPBD1	
SHLD2P3	1	FAM35B2	
TTLL13	1	TTLL13	
PFN4	1	PFN4	
TTLL11	1	TTLL11	
TTLL12	1	TTLL12	
PFN1	1	PFN1	
PFN2	1	PFN2	
TMEM161B	1	TMEM161B	
TMEM161A	1	TMEM161A	
C19orf44	1	C19orf44	
C19orf47	1	C19orf47	
IRX2-DT	1	C5orf38	
FIS1	1	FIS1	
CARMIL1	1	LRRC16A	
CARMIL2	1	RLTPR	
C19orf53	1	C19orf53	
CARMIL3	1	LRRC16B	
SS18L1	1	SS18L1	
SS18L2	1	SS18L2	
ZWINT	1	ZWINT	
OCLN	1	OCLN	
CREBRF	1	C5orf41	
CC2D1A	1	CC2D1A	
CC2D1B	1	CC2D1B	
KRT23	1	KRT23	
KRT20	1	KRT20	
MKRN10P	1	LOC441455	
CCHCR1	1	CCHCR1	
CC2D2A	1	CC2D2A	
CC2D2B	1	CC2D2B	
TOMM70	1	TOMM70A	
PACRG	1	PACRG	
INSRR	1	INSRR	
PACS2	1	PACS2	
PACS1	1	PACS1	
MPPED2	1	MPPED2	
DCP2	1	DCP2	
TOMM40	1	TOMM40	
ZNF137P	1	ZNF137	
DCPS	1	DCPS	
CA12	1	CA12	
ARNT2	1	ARNT2	
CA11	1	CA11	
CA10	1	CA10	
KRT13	1	KRT13	
C19orf18	1	C19orf18	
KRT10	1	KRT10	
C19orf12	1	C19orf12	
KMT2E-AS1	2	LOC100216545:LOC723809	
KRT19	1	KRT19	
KRT18	1	KRT18	
KRT17	1	KRT17	
KRT16	1	KRT16	
KRT15	1	KRT15	
KRT14	1	KRT14	
TRIP10	1	TRIP10	
TRIP11	1	TRIP11	
TRIP12	1	TRIP12	
TRIP13	1	TRIP13	
NUCKS1	1	NUCKS1	
TOMM20	1	TOMM20	
TOMM22	1	TOMM22	
OIP5-AS1	1	LOC729082	
CMTR1	1	FTSJD2	
KRT6C	1	KRT6C	
CA14	1	CA14	
CMTR2	1	FTSJD1	
KRT6B	1	KRT6B	
CA13	1	CA13	
KRT6A	1	KRT6A	
KRT79	1	KRT79	
TOMM34	1	TOMM34	
TSC2	1	TSC2	
OCRL	1	OCRL	
TSC1	1	TSC1	
ALDH3A2	1	ALDH3A2	
DCTD	1	DCTD	
ALDH3A1	1	ALDH3A1	
FIZ1	1	FIZ1	
ISCU	1	ISCU	
HPCA	1	HPCA	
ALDH3B2	1	ALDH3B2	
ALDH3B1	1	ALDH3B1	
COBLL1	1	COBLL1	
RIPK1	1	RIPK1	
ANKZF1	1	ANKZF1	
ENKD1	1	C16orf48	
ACBD7	1	ACBD7	
BTNL9	1	BTNL9	
NACA4P	1	NACAP1	
ACBD6	1	ACBD6	
BTNL8	1	BTNL8	
ACBD5	1	ACBD5	
ACBD4	1	ACBD4	
MRGBP	1	C20orf20	
ACBD3	1	ACBD3	
CREBZF	1	CREBZF	
SCYL3	1	SCYL3	
KAAG1	1	KAAG1	
HPF1	1	C4orf27	
CA5B	1	CA5B	
CASTOR3P	1	GATS	
KYNU	1	KYNU	
NAPRT	1	NAPRT1	
SPEG	1	SPEG	
SCYL2	1	SCYL2	
SCYL1	1	SCYL1	
TSFM	1	TSFM	
JAGN1	1	JAGN1	
DCXR	1	DCXR	
RUSF1	1	C16orf58	
HPDL	1	HPDL	
HSH2D	1	HSH2D	
PXYLP1	1	ACPL2	
LUC7L3	1	LUC7L3	
ITGB3BP	1	ITGB3BP	
LUC7L2	1	LUC7L2	
PRTFDC1	1	PRTFDC1	
SASH3	1	SASH3	
KRT81	1	KRT81	
KRT80	1	KRT80	
HPGD	1	HPGD	
TUFT1	1	TUFT1	
SPG7	1	SPG7	
KRT86	1	KRT86	
U2AF1L4	1	U2AF1L4	
GMDS	1	GMDS	
SASH1	1	SASH1	
CMTM7	1	CMTM7	
SPEN	1	SPEN	
CMTM8	1	CMTM8	
CMTM3	1	CMTM3	
CMTM4	1	CMTM4	
CMTM5	1	CMTM5	
CMTM6	1	CMTM6	
PDE4DIP	1	PDE4DIP	
GDAP1	1	GDAP1	
GDAP2	1	GDAP2	
TSHR	1	TSHR	
TICRR	1	C15orf42	
RMC1	1	C18orf8	
CMTM1	1	CMTM1	
CMTM2	1	CMTM2	
TSKS	1	TSKS	
GMFB	1	GMFB	
SPI1	1	SPI1	
TUBBP5	1	TUBBP5	
GMFG	1	GMFG	
ANAPC1P2	1	LOC285074	
ISM1	1	ISM1	
TSKU	1	TSKU	
SPIB	1	SPIB	
ISLR	1	ISLR	
RAVER1	1	RAVER1	
RAVER2	1	RAVER2	
MTERF1	1	MTERF	
MLYCD	1	MLYCD	
GTSE1	1	GTSE1	
ARPIN	1	C15orf38	
ZNF271P	1	ZNF271	
ISL1	1	ISL1	
CTAGE1	1	CTAGE1	
ISL2	1	ISL2	
RPL13AP20	1	RPL13AP20	
CTAGE4	1	CTAGE4	
CTAGE9	1	CTAGE9	
TMEM126A	1	TMEM126A	
CTAGE6	1	CTAGE6	
TMEM126B	1	TMEM126B	
GTSF1	1	GTSF1	
NLRX1	1	NLRX1	
BAZ2A	1	BAZ2A	
BAZ2B	1	BAZ2B	
PLA2G5	1	PLA2G5	
PLA2G6	1	PLA2G6	
PLA2G7	1	PLA2G7	
RHOT2	1	RHOT2	
RHOT1	1	RHOT1	
AFMID	1	AFMID	
SYNDIG1	1	TMEM90B	
PRELID3A	1	SLMO1	
PRELID3B	1	SLMO2	
CCZ1B	1	C7orf28B	
MTERF3	1	MTERFD1	
TSLP	1	TSLP	
MTERF2	1	MTERFD3	
CYP4F2	1	CYP4F2	
CYP4F3	1	CYP4F3	
MTERF4	1	MTERFD2	
PGA3	1	PGA3	
POM121L8P	1	POM121L8P	
ZNF497	1	ZNF497	
ZNF496	1	ZNF496	
ANXA8L1	1	ANXA8L2	
ZNF493	1	ZNF493	
ZNF492	1	ZNF492	
LRRC10B	1	LRRC10B	
ZNF491	1	ZNF491	
ZNF490	1	ZNF490	
DDX12P	1	DDX12	
MED19	1	MED19	
MED16	1	MED16	
OSBPL11	1	OSBPL11	
MED15	1	MED15	
MED18	1	MED18	
DDA1	1	DDA1	
MED17	1	MED17	
OSBPL10	1	OSBPL10	
MECP2	1	MECP2	
MED12	1	MED12	
MED11	1	MED11	
MED14	1	MED14	
MED13	1	MED13	
TIFAB	1	TIFAB	
MECOM	1	MECOM	
MED10	1	MED10	
DDX12B	1	LOC642846	
TSPO	1	TSPO	
BMERB1	1	C16orf45	
POM121L1P	1	POM121L1P	
ZNF488	1	ZNF488	
ZNF487	1	ZNF487	
ZNF486	1	ZNF486	
ZNF485	1	ZNF485	
ZNF484	1	ZNF484	
RMI2	1	C16orf75	
ZNF483	1	ZNF483	
CNOT6L	1	CNOT6L	
RMI1	1	RMI1	
ZNF480	1	ZNF480	
KIAA1143	1	KIAA1143	
BAZ1A	1	BAZ1A	
JOSD2	1	JOSD2	
BAZ1B	1	BAZ1B	
GMIP	1	GMIP	
JOSD1	1	JOSD1	
MED27	1	MED27	
MED26	1	MED26	
MED29	1	MED29	
PGM2L1	1	PGM2L1	
DDB2	1	DDB2	
MED28	1	MED28	
DDB1	1	DDB1	
MED23	1	MED23	
MED22	1	MED22	
MED25	1	MED25	
MED24	1	MED24	
INCENP	1	INCENP	
JMJD7-PLA2G4B	1	JMJD7-PLA2G4B	
MED21	1	MED21	
MED20	1	MED20	
ZNF474	1	ZNF474	
ZNF473	1	ZNF473	
ZSWIM1	1	ZSWIM1	
ZNF471	1	ZNF471	
ZNF470	1	ZNF470	
NUDT16L2P	1	NUDT16P1	
TSR3	1	C16orf42	
CRCT1	1	CRCT1	
ODC1	1	ODC1	
ABCB11	1	ABCB11	
EGFR	1	EGFR	
ZSWIM8	1	KIAA0913	
SPOP	1	SPOP	
SPP1	1	SPP1	
ZNF469	1	ZNF469	
ZSWIM6	1	ZSWIM6	
ZNF468	1	ZNF468	
ZSWIM7	1	ZSWIM7	
ZNF467	1	ZNF467	
ZSWIM4	1	ZSWIM4	
ZSWIM5	1	ZSWIM5	
ZSWIM3	1	ZSWIM3	
GNAS-AS1	1	GNASAS	
ZNF462	1	ZNF462	
ZNF461	1	ZNF461	
ZNF460	1	ZNF460	
ODAM	1	ODAM	
NUDT22	1	NUDT22	
ST7-AS1	1	ST7OT1	
NUDT21	1	NUDT21	
ABCB10	1	ABCB10	
SLCO3A1	1	SLCO3A1	
TAOK3	1	TAOK3	
TAOK1	1	TAOK1	
TAOK2	1	TAOK2	
TSR2	1	TSR2	
TSR1	1	TSR1	
ZNF454	1	ZNF454	
ZNF451	1	ZNF451	
OLFML2B	1	OLFML2B	
NAB1	1	NAB1	
REG1B	1	REG1B	
GMNN	1	GMNN	
NAB2	1	NAB2	
REG1A	1	REG1A	
MPV17L2	1	MPV17L2	
CASC2	1	CASC2	
CASC3	1	CASC3	
OLFML2A	1	OLFML2A	
NUDT11	1	NUDT11	
NUDT10	1	NUDT10	
NUDT19	1	NUDT19	
ZNF449	1	ZNF449	
NUDT18	1	NUDT18	
NUDT17	1	NUDT17	
NUDT16	1	NUDT16	
ZNF446	1	ZNF446	
MTPAP	1	MTPAP	
NUDT15	1	NUDT15	
ZNF445	1	ZNF445	
NUDT14	1	NUDT14	
ZNF444	1	ZNF444	
NUDT13	1	NUDT13	
ZNF443	1	ZNF443	
NUDT12	1	NUDT12	
ZNF442	1	ZNF442	
ZNF441	1	ZNF441	
ZNF440	1	ZNF440	
IST1	1	KIAA0174	
ZCRB1	1	ZCRB1	
CASD1	1	CASD1	
METTL21EP	1	LOC121952	
NAAA	1	NAAA	
ZNF439	1	ZNF439	
ZNF438	1	ZNF438	
ZNF436	1	ZNF436	
PLA2R1	1	PLA2R1	
ZNF433	1	ZNF433	
ZNF432	1	ZNF432	
ZNF431	1	ZNF431	
SPATA9	1	SPATA9	
ZNF430	1	ZNF430	
REG3A	1	REG3A	
SMYD5	1	SMYD5	
TMEM121B	1	CECR6	
GMPS	1	GMPS	
SPATA1	1	SPATA1	
GMPR	1	GMPR	
SPATA2	1	SPATA2	
REG3G	1	REG3G	
SPATA6	1	SPATA6	
SPATA7	1	SPATA7	
MED30	1	MED30	
ZNF429	1	ZNF429	
MED31	1	MED31	
ZNF428	1	ZNF428	
PGK1	1	PGK1	
SMYD2	1	SMYD2	
ZNF426	1	ZNF426	
BRIX1	1	BRIX1	
SMYD4	1	SMYD4	
ZNF425	1	ZNF425	
NAE1	1	NAE1	
SMYD3	1	SMYD3	
ZNF423	1	ZNF423	
NADK	1	NADK	
ZNF420	1	ZNF420	
TMEM120B	1	TMEM120B	
ODF2	1	ODF2	
TMEM120A	1	TMEM120A	
HPS1	1	HPS1	
HPS4	1	HPS4	
RABL2A	1	RABL2A	
HPS3	1	HPS3	
RABL2B	1	RABL2B	
ARPC4	1	ARPC4	
HPS6	1	HPS6	
ARPC5	1	ARPC5	
HPS5	1	HPS5	
ARPC2	1	ARPC2	
ARPC3	1	ARPC3	
NACA	1	NACA	
ZNF419	1	ZNF419	
ZNF418	1	ZNF418	
ZNF417	1	ZNF417	
ZNF416	1	ZNF416	
ZNF415	1	ZNF415	
ZNF414	1	ZNF414	
HPSE	1	HPSE	
OSBPL1A	1	OSBPL1A	
ZNF410	1	ZNF410	
SPRN	1	SPRN	
ISY1	1	ISY1	
ITGB1	1	ITGB1	
NFYC-AS1	1	LOC100130557	
MIPEP	1	MIPEP	
CIITA	1	CIITA	
GPR89A	1	GPR89A	
ITGAM	1	ITGAM	
ITGB5	1	ITGB5	
NUMA1	1	NUMA1	
ITGB4	1	ITGB4	
ITGB3	1	ITGB3	
ITGB2	1	ITGB2	
ITGAE	1	ITGAE	
ELFN2	1	ELFN2	
ITGAL	1	ITGAL	
ELFN1	1	ELFN1	
GPR89B	2	GPR89C:GPR89B	
NKPD1	1	NKPD1	
ZNRD2	1	SSSCA1	
ZNF408	1	ZNF408	
DDI2	1	DDI2	
ZNF407	1	ZNF407	
ITGAX	1	ITGAX	
PGM3	1	PGM3	
ITGB8	1	ITGB8	
PGM2	1	PGM2	
UGT2A3	1	UGT2A3	
ZNF404	1	ZNF404	
ITGAV	1	ITGAV	
ITGB7	1	ITGB7	
PGM5	1	PGM5	
ITGB6	1	ITGB6	
PGLS	1	PGLS	
YAF2	1	YAF2	
PGM1	1	PGM1	
RMRP	1	RMRP	
TMEM255B	1	FAM70B	
ITGA4	1	ITGA4	
TMEM255A	1	FAM70A	
ITGA3	1	ITGA3	
ITGA2	1	ITGA2	
ITGA1	1	ITGA1	
AHSA1	1	AHSA1	
TFIP11	1	TFIP11	
SPTB	1	SPTB	
ADORA2A	1	ADORA2A	
ITGAD	1	ITGAD	
RRM2B	1	RRM2B	
ADORA2B	1	ADORA2B	
SPATC1	1	SPATC1	
ITGA8	1	ITGA8	
ITGA7	1	ITGA7	
ITGA6	1	ITGA6	
NAF1	1	NAF1	
ITGA5	1	ITGA5	
YAE1	1	C7orf36	
UGT2B7	1	UGT2B7	
ITGA9	1	ITGA9	
BECN1	1	BECN1	
ROCK1	1	ROCK1	
ROCK2	1	ROCK2	
FOXRED1	1	FOXRED1	
FOXRED2	1	FOXRED2	
ZNRF1	1	ZNRF1	
ZNRF2	1	ZNRF2	
ZNRF3	1	ZNRF3	
CCDC85C	1	CCDC85C	
CCDC85B	1	CCDC85B	
CCDC85A	1	CCDC85A	
FEM1C	1	FEM1C	
POLR2J3	1	POLR2J3	
POLR2J4	1	POLR2J4	
POLR2J2	1	POLR2J2	
FEM1A	1	FEM1A	
FEM1B	1	FEM1B	
CYP4B1	1	CYP4B1	
NAGA	1	NAGA	
NAGK	1	NAGK	
POU2AF3	1	C11orf93	
POU2AF1	1	POU2AF1	
POU2AF2	1	C11orf53	
RMST	1	RMST	
NAGS	1	NAGS	
LDLRAD1	1	LDLRAD1	
LDLRAD2	1	LDLRAD2	
LDLRAD3	1	LDLRAD3	
LDLRAD4	1	C18orf1	
MIR7-3HG	1	C19orf30	
CCDC102A	1	CCDC102A	
CCDC102B	1	CCDC102B	
SNRPD2	1	SNRPD2	
SNRPD1	1	SNRPD1	
SNRPD3	1	SNRPD3	
SPA17	1	SPA17	
TBC1D22A	1	TBC1D22A	
TBC1D22B	1	TBC1D22B	
EGOT	1	EGOT	
UNC93A	1	UNC93A	
FAM76B	1	FAM76B	
FAM76A	1	FAM76A	
NAIP	1	NAIP	
NUMBL	1	NUMBL	
GGNBP2	1	GGNBP2	
TBC1D9B	1	TBC1D9B	
GARRE1	1	KIAA0355	
CES1P1	1	CES4	
GSPT2	1	GSPT2	
GSPT1	1	GSPT1	
PGS1	1	PGS1	
SEC14L2	1	SEC14L2	
BRIP1	1	BRIP1	
SEC14L1	1	SEC14L1	
SEC14L4	1	SEC14L4	
SEC14L5	1	SEC14L5	
MIR1915HG	1	C10orf114	
TBC1D8B	1	TBC1D8B	
EGR1	1	EGR1	
EGR2	1	EGR2	
EGR3	1	EGR3	
EGR4	1	EGR4	
FAM78B	1	FAM78B	
FAM78A	1	FAM78A	
SIGLEC17P	1	SIGLECP3	
TSPEAR-AS1	1	C21orf90	
CALY	1	CALY	
EPRS1	2	QARS:EPRS	
CALU	1	CALU	
CALR	1	CALR	
DDR1	1	DDR1	
NAT10	1	NAT10	
NAT14	1	NAT14	
MEDAG	1	C13orf33	
NAT16	1	C7orf52	
NANP	1	NANP	
MAP1LC3B	1	MAP1LC3B	
ODR4	1	C1orf27	
MAP1LC3A	1	MAP1LC3A	
MIS18BP1	1	C14orf106	
MAP1LC3C	1	MAP1LC3C	
CHAMP1	1	ZNF828	
NANS	1	NANS	
CAMP	1	CAMP	
HTATIP2	1	HTATIP2	
APOBEC1	1	APOBEC1	
CAP1	1	CAP1	
APOBEC2	1	APOBEC2	
NBPF10	1	NBPF10	
NBPF11	1	LOC200030	
NBPF14	1	NBPF14	
NBPF15	2	NBPF16:NBPF15	
CANX	1	CANX	
MFGE8	1	MFGE8	
FJX1	1	FJX1	
DDR2	1	DDR2	
NAPA	1	NAPA	
YAP1	1	YAP1	
NAPB	1	NAPB	
GNAI3	1	GNAI3	
CAPG	1	CAPG	
GNAI1	1	GNAI1	
NAPG	1	NAPG	
GNAI2	1	GNAI2	
PNMA1	1	PNMA1	
EPS15	1	EPS15	
CAP2	1	CAP2	
GABBR2	1	GABBR2	
GABBR1	1	GABBR1	
DDTL	1	DDTL	
PNMA5	1	PNMA5	
TTC1	1	TTC1	
PNMA3	1	PNMA3	
PNMA2	1	PNMA2	
TTC9	1	TTC9	
ITCH	1	ITCH	
TTC8	1	TTC8	
TTC5	1	TTC5	
TTC4	1	TTC4	
TTC3	1	TTC3	
RTN4IP1	1	RTN4IP1	
CAPS	1	CAPS	
NARF	1	NARF	
TBC1D3B	1	TBC1D3B	
SNORD1C	1	SNORD1C	
MSMO1	1	SC4MOL	
TBC1D3C	1	TBC1D3C	
TTF2	1	TTF2	
TTF1	1	TTF1	
YARS1	1	YARS	
CARF	1	ALS2CR8	
YARS2	1	YARS2	
TBC1D3H	1	TBC1D3H	
AKR7A2	1	AKR7A2	
SNORD17	1	SNORD17	
AKR7A3	1	AKR7A3	
TBC1D31	1	WDR67	
TBC1D32	1	C6orf170	
CAST	1	CAST	
CASR	1	CASR	
IRAG1	1	MRVI1	
CASK	1	CASK	
IRAG2	1	LRMP	
CDKAL1	1	CDKAL1	
TBC1D2B	1	TBC1D2B	
TBC1D20	1	TBC1D20	
TBC1D24	1	TBC1D24	
WDFY1	1	WDFY1	
TBC1D25	1	TBC1D25	
WDFY3	1	WDFY3	
TBC1D23	1	TBC1D23	
TSNARE1	1	TSNARE1	
WDFY2	1	WDFY2	
CARS1	1	CARS	
CARS2	1	CARS2	
WDFY4	1	WDFY4	
EMID1	1	EMID1	
DDX6	1	DDX6	
GNAZ	1	GNAZ	
DDX5	1	DDX5	
TBC1D19	1	TBC1D19	
PKDCC	1	PKDCC	
DDX1	1	DDX1	
VCPIP1	1	VCPIP1	
IRAK1	1	IRAK1	
IRAK2	1	IRAK2	
RHPN1	1	RHPN1	
TBC1D13	1	TBC1D13	
TBC1D14	1	TBC1D14	
RHPN2	1	RHPN2	
TBC1D12	1	TBC1D12	
TBC1D17	1	TBC1D17	
TBC1D15	1	TBC1D15	
TBC1D16	1	TBC1D16	
CAV2	1	CAV2	
CAV1	1	CAV1	
CNOT10	1	CNOT10	
GNAO1	1	GNAO1	
UEVLD	1	UEVLD	
GNAL	1	GNAL	
NAT8	1	NAT8	
NASP	1	NASP	
NAT1	1	NAT1	
CNOT11	1	C2orf29	
NAT2	1	NAT2	
GNAQ	1	GNAQ	
GNB2	1	GNB2	
GNB1	1	GNB1	
GNAS	1	GNAS	
GNB4	1	GNB4	
GNB3	1	GNB3	
GNB5	1	GNB5	
NAT9	1	NAT9	
PTMAP11	1	LOC441454	
SLC35E2A	1	SLC35E2	
DYRK4	1	DYRK4	
DYRK3	1	DYRK3	
DYRK2	1	DYRK2	
HP1BP3	1	HP1BP3	
DPY30	1	DPY30	
RND2	1	RND2	
RND3	1	RND3	
RND1	1	RND1	
IDI2-AS1	1	C10orf110	
MYO18B	1	MYO18B	
MYO18A	2	TIAF1:MYO18A	
FBXL19-AS1	1	NCRNA00095	
CARMN	1	LOC728264	
NAT8B	1	NAT8B	
PDPK1	1	PDPK1	
IRAK3	1	IRAK3	
NAV1	1	NAV1	
IRAK4	1	IRAK4	
NAV2	1	NAV2	
QRSL1	1	QRSL1	
TTI2	1	C8orf41	
TTI1	1	KIAA0406	
TAPBP	1	TAPBP	
NAV3	1	NAV3	
GNB1L	1	GNB1L	
FAM72D	1	FAM72D	
NAT8L	1	NAT8L	
CLRN3	1	CLRN3	
FAM72B	1	FAM72B	
FAM72A	1	FAM72A	
NBPF7P	1	NBPF7	
NAXE	1	APOA1BP	
RNF8	1	RNF8	
RNF6	1	RNF6	
RSPH9	1	RSPH9	
RNF7	1	RNF7	
RNF4	1	RNF4	
RNF5	1	RNF5	
RNF2	1	RNF2	
GNG3	1	GNG3	
GNG2	1	GNG2	
GNG5	1	GNG5	
GNG4	1	GNG4	
GNG7	1	GNG7	
TRA2B	1	TRA2B	
TRA2A	1	TRA2A	
TMED7-TICAM2	1	TMED7-TICAM2	
RSPH3	1	RSPH3	
RSPH1	1	RSPH1	
MYO15B	1	MYO15B	
MYO15A	1	MYO15A	
SIMC1	1	C5orf25	
CARM1	1	CARM1	
NAXD	1	CARKD	
NRDE2	1	C14orf102	
PHB1	1	PHB	
RNH1	1	RNH1	
GPATCH2	1	GPATCH2	
GPATCH1	1	GPATCH1	
HNRNPU	2	NCRNA00201:HNRNPU	
GPATCH4	1	GPATCH4	
HNRNPR	1	HNRNPR	
PHAX	1	PHAX	
ADARB1	1	ADARB1	
GPATCH3	1	GPATCH3	
ADARB2	1	ADARB2	
PHB2	1	PHB2	
GPATCH8	1	GPATCH8	
MIR22HG	1	C17orf91	
CMKLR2	1	GPR1	
CMKLR1	1	CMKLR1	
DDX17	1	DDX17	
DDX18	1	DDX18	
DDX11	1	DDX11	
DDX10	1	DDX10	
MSL3B	1	MSL3L2	
ASTN2	1	ASTN2	
ASTN1	1	ASTN1	
RHNO1	1	C12orf32	
ZNF398	1	ZNF398	
ZNF397	1	ZNF397	
ZNF396	1	ZNF396	
ZNF395	1	ZNF395	
ZNF394	1	ZNF394	
PDXDC1	1	PDXDC1	
ZNF391	1	ZNF391	
PHYHIPL	1	PHYHIPL	
NTHL1	1	NTHL1	
TTPA	1	TTPA	
NCKAP1L	1	NCKAP1L	
PLEK2	1	PLEK2	
NRBF2	1	NRBF2	
NHEJ1	1	NHEJ1	
PRELID2	1	PRELID2	
PHC2	1	PHC2	
PRELID1	1	PRELID1	
ZNF384	1	ZNF384	
PHC1	1	PHC1	
ZNF383	1	ZNF383	
ZNF382	1	ZNF382	
PHC3	1	PHC3	
PAFAH2	1	PAFAH2	
EHD1	1	EHD1	
HNRNPL	1	HNRNPL	
EHD2	1	EHD2	
HNRNPM	1	HNRNPM	
SQLE	1	SQLE	
EHD3	1	EHD3	
EHD4	1	EHD4	
HNRNPK	1	HNRNPK	
ZNF37A	1	ZNF37A	
HNRNPF	1	HNRNPF	
HNRNPD	1	HNRNPD	
HNRNPC	1	HNRNPC	
DANCR	1	KIAA0114	
DAND5	1	DAND5	
ITPA	1	ITPA	
PHF3	1	PHF3	
SERPINA11	1	SERPINA11	
PHF2	1	PHF2	
PHF1	1	PHF1	
SERPINA10	1	SERPINA10	
C1QTNF9	1	C1QTNF9	
ABCC10	1	ABCC10	
PHF7	1	PHF7	
ABCC11	1	ABCC11	
PHF6	1	PHF6	
PHEX	1	PHEX	
PHF8	1	PHF8	
C1QTNF4	1	C1QTNF4	
ZNF280D	1	ZNF280D	
C1QTNF3	1	C1QTNF3	
C1QTNF2	1	C1QTNF2	
RPSAP52	1	RPSAP52	
C1QTNF1	1	C1QTNF1	
CATIP	1	C2orf62	
C1QTNF7	1	C1QTNF7	
GNLY	1	GNLY	
TCTN3	1	TCTN3	
C1QTNF6	1	C1QTNF6	
TCTN2	1	TCTN2	
ZNF280B	1	ZNF280B	
TCTN1	1	TCTN1	
ZNF280C	1	ZNF280C	
RBPMS2	1	RBPMS2	
JARID2	1	JARID2	
ZNF367	1	ZNF367	
ZNF366	1	ZNF366	
ZNF365	1	ZNF365	
GRAMD2B	1	GRAMD3	
ZNF362	1	ZNF362	
GRAMD2A	1	GRAMD2	
ELMOD2	1	ELMOD2	
ELMOD1	1	ELMOD1	
ELMOD3	1	ELMOD3	
GNL2	1	GNL2	
COQ10B	1	COQ10B	
GNL1	1	GNL1	
COQ10A	1	COQ10A	
GNL3	1	GNL3	
APBB1IP	1	APBB1IP	
SIKE1	1	SIKE1	
TUBB2B	1	TUBB2B	
ZEB2	1	ZEB2	
TUBB2A	1	TUBB2A	
ZEB1	1	ZEB1	
ZNF358	1	ZNF358	
GRAMD1C	1	GRAMD1C	
GRAMD1B	1	GRAMD1B	
GRAMD1A	1	GRAMD1A	
NBAS	1	NBAS	
ZNF350	1	ZNF350	
RNMT	1	RNMT	
WDR45B	1	WDR45L	
ABI3BP	1	ABI3BP	
ZNF347	1	ZNF347	
ZNF346	1	ZNF346	
ZNF345	1	ZNF345	
DEDD	1	DEDD	
ZNF343	1	ZNF343	
ZNF341	1	ZNF341	
COLCA1	1	C11orf92	
RNLS	1	RNLS	
GLYCTK	1	GLYCTK	
SQOR	1	SQRDL	
DEF8	1	DEF8	
TUBB4B	1	TUBB2C	
TUBB4A	1	TUBB4	
DEF6	1	DEF6	
GNMT	1	GNMT	
ZNF33B	1	ZNF33B	
ZNF33A	1	ZNF33A	
NUDT9P1	1	NUDT9P1	
ZNF337	1	ZNF337	
ZNF335	1	ZNF335	
ZNF334	1	ZNF334	
ZNF333	1	ZNF333	
CCDC71L	1	FLJ36031	
ZNF331	1	ZNF331	
VKORC1L1	1	VKORC1L1	
ZNF330	1	ZNF330	
TMEM131L	1	KIAA0922	
TM7SF3	1	TM7SF3	
TM7SF2	1	TM7SF2	
NRBP2	1	NRBP2	
DEPTOR	1	DEPDC6	
FCGRT	1	FCGRT	
PDCL3P4	1	LOC285359	
SLCO2B1	1	SLCO2B1	
ZNF329	1	ZNF329	
TUBB7P	1	TUBB4Q	
ZNF326	1	ZNF326	
ZNF324	1	ZNF324	
ZNF322	1	ZNF322A	
ZNF320	1	ZNF320	
SERF1A	1	SERF1A	
THNSL1	1	THNSL1	
THNSL2	1	THNSL2	
NRBP1	1	NRBP1	
CXorf65	1	CXorf65	
ZNF319	1	ZNF319	
SLCO2A1	1	SLCO2A1	
ZNF318	1	ZNF318	
ZNF317	1	ZNF317	
PHIP	1	PHIP	
SREK1	1	SFRS12	
FAM8A1	1	FAM8A1	
ZNF311	1	ZNF311	
MAGEL2	1	MAGEL2	
CBFB	1	CBFB	
YBEY	1	C21orf57	
ZNF304	1	ZNF304	
ZNF302	1	ZNF302	
ZNF300	1	ZNF300	
TMEM132D	1	TMEM132D	
TMEM132C	1	TMEM132C	
TMEM132E	1	TMEM132E	
POLR3GL	1	POLR3GL	
TMEM132B	1	TMEM132B	
TMEM132A	1	TMEM132A	
PHKB	1	PHKB	
NBDY	1	LOC550643	
REEP1	1	REEP1	
ADCY10	1	ADCY10	
IRAK1BP1	1	IRAK1BP1	
NBEA	1	NBEA	
REEP5	1	REEP5	
REEP4	1	REEP4	
REEP3	1	REEP3	
REEP2	1	REEP2	
REEP6	1	REEP6	
DIDO1	1	DIDO1	
CXorf38	1	CXorf38	
RO60	1	TROVE2	
PSTPIP1	1	PSTPIP1	
PSTPIP2	1	PSTPIP2	
CDADC1	1	CDADC1	
UGT1A1	1	UGT1A1	
FAAH2	1	FAAH2	
HAUS4	1	HAUS4	
HAUS3	1	HAUS3	
HAUS6	1	HAUS6	
HAUS5	1	HAUS5	
HAUS2	1	HAUS2	
HAUS1	1	HAUS1	
CCDC74B	1	CCDC74B	
CCDC74A	1	CCDC74A	
PECAM1	1	PECAM1	
FRRS1	1	FRRS1	
RPEL1	1	LOC729020	
EI24	1	EI24	
NLRC5	1	NLRC5	
DENND3	1	DENND3	
NLRC3	1	NLRC3	
NLRC4	1	NLRC4	
CYP3A4	1	CYP3A4	
CYP3A5	1	CYP3A5	
CYP3A7	1	CYP3A7	
ASTE1	1	ASTE1	
FIP1L1	1	FIP1L1	
HAUS8	1	HAUS8	
HAUS7	1	HAUS7	
CEACAM21	1	CEACAM21	
UGT1A9	1	UGT1A9	
UGT1A8	1	UGT1A8	
FKTN	1	FKTN	
UGT1A6	1	UGT1A6	
MLXIP	1	MLXIP	
FKRP	1	FKRP	
NCKAP5L	1	NCKAP5L	
CYP51A1	1	CYP51A1	
CEACAM19	1	CEACAM19	
DOLPP1	1	DOLPP1	
PI15	1	PI15	
PI16	1	PI16	
NECTIN4	1	PVRL4	
NECTIN3	1	PVRL3	
NECTIN2	1	PVRL2	
NECTIN1	1	PVRL1	
IFI27L1	1	IFI27L1	
IFI27L2	1	IFI27L2	
ISCA2	1	ISCA2	
ISCA1	1	ISCA1	
FAM89B	1	FAM89B	
FAM89A	1	FAM89A	
CBLC	1	CBLC	
CBLB	1	CBLB	
FLAD1	1	FLAD1	
PCLAF	1	KIAA0101	
TBC1D10C	1	TBC1D10C	
DENR	1	DENR	
TBC1D10A	1	TBC1D10A	
TBC1D10B	1	TBC1D10B	
METTL1	1	METTL1	
METTL3	1	METTL3	
HSD11B1L	1	HSD11B1L	
AZGP1	1	AZGP1	
FLJ13224	1	FLJ13224	
CYP2U1	1	CYP2U1	
KATNAL1	1	KATNAL1	
KATNAL2	1	KATNAL2	
NBL1	1	NBL1	
BLZF1	1	BLZF1	
CASZ1	1	CASZ1	
DCUN1D5	1	DCUN1D5	
MAGED1	1	MAGED1	
DCUN1D3	1	DCUN1D3	
DCUN1D4	1	DCUN1D4	
DCUN1D1	1	DCUN1D1	
DCUN1D2	1	DCUN1D2	
RALGDS	1	RALGDS	
ZRANB3	1	ZRANB3	
ZRANB1	1	ZRANB1	
ZRANB2	1	ZRANB2	
MAGEE1	1	MAGEE1	
MAGEE2	1	MAGEE2	
ATPSCKMT	1	FAM173B	
REX1BD	1	C19orf60	
DERA	1	DERA	
RAET1E	1	RAET1E	
RAET1G	1	RAET1G	
CYP2S1	1	CYP2S1	
MAGED4	1	MAGED4	
RAET1L	1	RAET1L	
RAET1K	1	RAET1K	
MAGED2	1	MAGED2	
ROBO2	1	ROBO2	
DET1	1	DET1	
ROBO3	1	ROBO3	
ROBO4	1	ROBO4	
MAGEF1	1	MAGEF1	
SRA1	1	SRA1	
SGF29	1	CCDC101	
ROBO1	1	ROBO1	
SLC22A13	1	SLC22A13	
SLC22A15	1	SLC22A15	
SLC22A16	1	SLC22A16	
SLC22A17	1	SLC22A17	
CHMP1B	1	CHMP1B	
SLC22A18	1	SLC22A18	
CHMP1A	1	CHMP1A	
HRAS	1	HRAS	
SLC22A11	1	SLC22A11	
VENTX	1	VENTX	
CBR1	1	CBR1	
ZER1	1	ZER1	
BHMT2	1	BHMT2	
TUBB	1	TUBB	
PPRC1	1	PPRC1	
ITFG2	1	ITFG2	
ITFG1	1	ITFG1	
TOPORS	1	TOPORS	
SLC22A23	1	SLC22A23	
RGS7BP	1	RGS7BP	
MAGEH1	1	MAGEH1	
ADH1C	1	ADH1C	
ADH1B	1	ADH1B	
ADH1A	1	ADH1A	
FAM86C1P	2	FLJ10661:FAM86C	
DCST2	1	DCST2	
METTL4	1	METTL4	
METTL5	1	METTL5	
GPBP1L1	1	GPBP1L1	
METTL6	1	METTL6	
METTL8	1	METTL8	
METTL9	1	METTL9	
CBR4	1	CBR4	
SCGB1B2P	1	LOC643719	
RTRAF	1	C14orf166	
CBR3	1	CBR3	
UBL4A	1	UBL4A	
LHFPL5	1	LHFPL5	
LHFPL4	1	LHFPL4	
LHFPL3	1	LHFPL3	
FAM86C2P	1	LOC645332	
LHFPL2	1	LHFPL2	
NBR2	1	NBR2	
CYP2W1	1	CYP2W1	
LHFPL6	1	LHFP	
NBR1	1	NBR1	
FCGBP	1	FCGBP	
GUCY1B2	1	GUCY1B2	
GUCY1B1	1	GUCY1B3	
KDM1A	1	KDM1A	
KDM1B	1	KDM1B	
MRFAP1	1	MRFAP1	
NARS1	1	NARS	
NARS2	1	NARS2	
NRCAM	1	NRCAM	
FAM81B	1	FAM81B	
FAM81A	1	FAM81A	
GUCY1A2	1	GUCY1A2	
GAS2L3	1	GAS2L3	
GUCY1A1	1	GUCY1A3	
PHYH	1	PHYH	
KDM2A	1	KDM2A	
KDM2B	1	KDM2B	
SYCE1L	1	SYCE1L	
TUG1	1	TUG1	
DEXI	1	DEXI	
TUFM	1	TUFM	
SILC1	1	LOC150622	
CHMP4C	1	CHMP4C	
CHMP4B	1	CHMP4B	
CHMP4A	1	CHMP4A	
PNLIP	1	PNLIP	
FAM83H	1	FAM83H	
FAM83G	1	FAM83G	
FAM83F	1	FAM83F	
HRH1	1	HRH1	
FAM83E	1	FAM83E	
NLRP9	1	NLRP9	
NLRP6	1	NLRP6	
HRH2	1	HRH2	
NLRP7	1	NLRP7	
HRH4	1	HRH4	
NLRP2	1	NLRP2	
NLRP3	1	NLRP3	
CLSPN	1	CLSPN	
NLRP1	1	NLRP1	
FAM83D	1	FAM83D	
GAS2L1	1	GAS2L1	
GAS2L2	1	GAS2L2	
FAM83B	1	FAM83B	
FAM83A	1	FAM83A	
CBX8	1	CBX8	
CYP2J2	1	CYP2J2	
CBX7	1	CBX7	
CBX6	1	CBX6	
CBX5	1	CBX5	
CBX4	1	CBX4	
CBX3	1	CBX3	
CBX2	1	CBX2	
CBX1	1	CBX1	
LRP1B	1	LRP1B	
AMACR	1	AMACR	
CAPRIN1	1	CAPRIN1	
CAPRIN2	1	CAPRIN2	
CHMP2B	1	CHMP2B	
CASS4	1	CASS4	
CHMP2A	1	CHMP2A	
CYP4F35P	1	LOC284233	
NMUR2	1	NMUR2	
NMUR1	1	NMUR1	
BMPR1B	1	BMPR1B	
LRP10	1	LRP10	
LRP12	1	LRP12	
BMPR1A	1	BMPR1A	
LRP11	1	LRP11	
KDM5A	1	KDM5A	
MUS81	1	MUS81	
KDM5B	1	KDM5B	
KDM5C	1	KDM5C	
CBY1	1	CBY1	
YBX2	1	YBX2	
YBX1	1	YBX1	
YBX3	1	CSDA	
HS2ST1	1	HS2ST1	
CASP9	1	CASP9	
SPRED3	1	SPRED3	
FLCN	1	FLCN	
SPRED2	1	SPRED2	
CASP7	1	CASP7	
SPRED1	1	SPRED1	
ZKSCAN8P1	1	ZNF389	
CASP8	1	CASP8	
CASP5	1	CASP5	
LRP5L	1	LRP5L	
OBP2A	1	OBP2A	
CIMIP6	1	C2orf73	
CASP6	1	CASP6	
POM121L9P	1	POM121L9P	
CASP3	1	CASP3	
CASP4	1	CASP4	
CYP2R1	1	CYP2R1	
CASP1	1	CASP1	
CASP2	1	CASP2	
RIMBP3C	1	RIMBP3C	
CIMIP5	1	C2orf50	
KDM6A	1	KDM6A	
PROSER2	1	C10orf47	
KDM6B	1	KDM6B	
SRGN	1	SRGN	
PROSER1	1	C13orf23	
SPATS2	1	SPATS2	
POMGNT2	1	C3orf39	
POMGNT1	1	POMGNT1	
CASQ2	1	CASQ2	
CASQ1	1	CASQ1	
KDM7A	1	JHDM1D	
TRARG1	1	TUSC5	
VAC14	1	VAC14	
KDM3A	1	KDM3A	
KDM3B	1	KDM3B	
PERM1	1	C1orf170	
THBS2	1	THBS2	
THBS1	1	THBS1	
THBS4	1	THBS4	
TBRG4	1	TBRG4	
THBS3	1	THBS3	
GNA13	1	GNA13	
TBRG1	1	TBRG1	
GNA14	1	GNA14	
GNA15	1	GNA15	
AFG3L1P	1	AFG3L1	
GNA11	1	GNA11	
GNA12	1	GNA12	
SND1-IT1	1	C7orf54	
ZNF286B	1	ZNF286B	
CYYR1	1	CYYR1	
ZNF286A	1	ZNF286A	
KDM4A	1	KDM4A	
TCF7L2	1	TCF7L2	
KDM4B	1	KDM4B	
TCF7L1	1	TCF7L1	
KDM4C	1	KDM4C	
KDM4D	1	KDM4D	
CDK2AP2	1	CDK2AP2	
CDK2AP1	1	CDK2AP1	
LPIN1	1	LPIN1	
LPIN2	1	LPIN2	
LPIN3	1	LPIN3	
CHIC2	1	CHIC2	
LRRC37A16P	1	LOC651250	
ZNF296	1	ZNF296	
CHIC1	1	CHIC1	
PID1	1	PID1	
OSGEPL1	1	OSGEPL1	
UXS1	1	UXS1	
ZNF292	1	ZNF292	
SPRING1	1	C12orf49	
VPREB3	1	VPREB3	
KRTCAP3	1	KRTCAP3	
AS3MT	1	AS3MT	
KRTCAP2	1	KRTCAP2	
A1BG-AS1	1	NCRNA00181	
CHID1	1	CHID1	
MEF2A	1	MEF2A	
ZNF287	1	ZNF287	
WDHD1	1	WDHD1	
MEF2C	1	MEF2C	
ZNF285	1	ZNF285	
MEF2B	1	MEF2B	
RBFOX2	1	RBM9	
ZNF284	1	ZNF284	
RBFOX3	1	HRNBP3	
ZNF283	1	ZNF283	
ZNF282	1	ZNF282	
DNMBP-AS1	1	NCRNA00093	
ZNF281	1	ZNF281	
TOMM20L	1	TOMM20L	
SETMAR	1	SETMAR	
LRRC37B	1	LRRC37B	
LRRC37A	1	LRRC37A	
EID1	1	EID1	
EID2	1	EID2	
DDX39A	1	DDX39	
EID3	1	EID3	
DDX39B	1	BAT1	
LETMD1	1	LETMD1	
ZNF277	1	ZNF277	
ZNF276	1	ZNF276	
CELA3A	1	CELA3A	
PIF1	1	PIF1	
ZNF275	1	ZNF275	
CELA3B	1	CELA3B	
ZBTB8A	1	ZBTB8A	
ZNF274	1	ZNF274	
ABCB1	1	ABCB1	
ZNF273	1	ZNF273	
ABCB6	1	ABCB6	
ABCB7	1	ABCB7	
HHLA2	1	HHLA2	
ABCB4	1	ABCB4	
FLII	1	FLII	
ABCB5	1	ABCB5	
COPS7B	1	COPS7B	
ABCB8	1	ABCB8	
COPS7A	1	COPS7A	
ABCB9	1	ABCB9	
IQGAP1	1	IQGAP1	
TAPBPL	1	TAPBPL	
IQGAP2	1	IQGAP2	
IQGAP3	1	IQGAP3	
KIAA0040	1	KIAA0040	
PCNX3	1	PCNXL3	
PCNX4	1	C14orf135	
PCNX1	1	PCNX	
PCNX2	1	PCNXL2	
GRPEL1	1	GRPEL1	
GRPEL2	1	GRPEL2	
ZBTB7B	1	ZBTB7B	
ZBTB7A	1	ZBTB7A	
ZNF268	1	ZNF268	
ZNF267	1	ZNF267	
ZBTB7C	1	ZBTB7C	
ZNF266	1	ZNF266	
ABCA1	1	ABCA1	
ABCA2	1	ABCA2	
ZNF264	1	ZNF264	
ZNF263	1	ZNF263	
SRMS	1	SRMS	
ABCA5	1	ABCA5	
ABCA6	1	ABCA6	
ZNF260	1	ZNF260	
ABCA3	1	ABCA3	
ABCA4	1	ABCA4	
ABCA9	1	ABCA9	
ABCA7	1	ABCA7	
ABCA8	1	ABCA8	
H1-0	1	H1F0	
FLI1	1	FLI1	
H1-3	1	HIST1H1D	
EIF1	1	EIF1	
H1-2	1	HIST1H1C	
HRNR	1	HRNR	
FERMT1	1	FERMT1	
H1-4	1	HIST1H1E	
EIF5	1	EIF5	
EIF6	1	EIF6	
ZFAT	1	ZFAT	
HROB	1	C17orf53	
ZNF257	1	ZNF257	
FERMT2	1	FERMT2	
ZNF256	1	ZNF256	
FERMT3	1	FERMT3	
PIGS	1	PIGS	
ZNF254	1	ZNF254	
PIGR	1	PIGR	
SRPX	1	SRPX	
ZNF253	1	ZNF253	
PIGU	1	PIGU	
PIGT	1	PIGT	
TUT7	1	ZCCHC6	
ZNF251	1	ZNF251	
PIGO	1	PIGO	
ZNF250	1	ZNF250	
PIGN	1	PIGN	
PIGQ	1	PIGQ	
TUT4	1	ZCCHC11	
PIGP	1	PIGP	
LRRC4	1	LRRC4	
LRRC3	1	LRRC3	
PIGZ	1	PIGZ	
PIGW	1	PIGW	
PIGV	1	PIGV	
LRRC2	1	LRRC2	
PIGY	1	PIGY	
LRRC1	1	LRRC1	
PIGX	1	PIGX	
EDRF1	1	C10orf137	
LMBR1	1	LMBR1	
CTLA4	1	CTLA4	
NELFCD	1	TH1L	
ZNF248	1	ZNF248	
OFD1	1	OFD1	
DFFB	1	DFFB	
LYPLA2	1	LYPLA2	
SS18	1	SS18	
CLUL1	1	CLUL1	
DFFA	1	DFFA	
LYPLA1	1	LYPLA1	
ROM1	1	ROM1	
SRP9	1	SRP9	
GON7	1	C14orf142	
PIGC	1	PIGC	
PIGB	1	PIGB	
LRRC7	1	LRRC7	
PIGA	1	PIGA	
PIGK	1	PIGK	
TMEM106C	1	TMEM106C	
TMEM106B	1	TMEM106B	
TUT1	1	TUT1	
ZNF239	1	ZNF239	
PIGM	1	PIGM	
TLR10	1	TLR10	
PIGL	1	PIGL	
PIGG	1	PIGG	
ZNF236	1	ZNF236	
PIGF	1	PIGF	
ZNF235	1	ZNF235	
TMEM106A	1	TMEM106A	
ZNF234	1	ZNF234	
PIGH	1	PIGH	
ZNF233	1	ZNF233	
ZNF232	1	ZNF232	
TAMALIN	1	GRASP	
ZNF230	1	ZNF230	
SRRT	1	SRRT	
KIAA0087	1	KIAA0087	
BGLAP	1	BGLAP	
ZNF229	1	ZNF229	
FLNA	1	FLNA	
FLNB	1	FLNB	
ZNF227	1	ZNF227	
FLNC	1	FLNC	
NCDN	1	NCDN	
ZNF226	1	ZNF226	
ZNF225	1	ZNF225	
MEF2D	1	MEF2D	
ZNF224	1	ZNF224	
ZNF223	1	ZNF223	
ZNF222	1	ZNF222	
ZNF221	1	ZNF221	
FABP1	1	FABP1	
FABP3	1	FABP3	
FABP4	1	FABP4	
FABP5	1	FABP5	
FABP6	1	FABP6	
SRRD	1	SRRD	
ZNF219	1	ZNF219	
ZNF217	1	ZNF217	
GOPC	1	GOPC	
ZNF215	1	ZNF215	
ZNF214	1	ZNF214	
ZNF213	1	ZNF213	
ZNF212	1	ZNF212	
ZNF211	1	ZNF211	
NCF1	1	NCF1	
ZBTB25	1	ZBTB25	
NCF2	1	NCF2	
ZBTB24	1	ZBTB24	
NCF4	1	NCF4	
ZBTB26	1	ZBTB26	
RORC	1	RORC	
ZBTB21	1	ZNF295	
F13A1	1	F13A1	
ZBTB20	1	ZBTB20	
SAYSD1	1	C6orf64	
RORA	1	RORA	
RORB	1	RORB	
ZBTB22	1	ZBTB22	
TSEN2	1	TSEN2	
PTENP1	1	PTENP1	
MTRF1	1	MTRF1	
ZNF208	1	ZNF208	
PIM1	1	PIM1	
ZNF207	1	ZNF207	
PIM3	1	PIM3	
MTREX	1	SKIV2L2	
ZNF205	1	ZNF205	
PIM2	1	PIM2	
ROS1	1	ROS1	
ZNF202	1	ZNF202	
ZNF200	1	ZNF200	
ZBTB39	1	ZBTB39	
ZBTB38	1	ZBTB38	
ZBTB37	1	ZBTB37	
ZBTB32	1	ZBTB32	
ZBTB34	1	ZBTB34	
ZBTB33	1	ZBTB33	
ROR1	1	ROR1	
RAD54L2	1	RAD54L2	
ROR2	1	ROR2	
OSBP2	1	OSBP2	
RCC1L	1	WBSCR16	
ATXN3	1	ATXN3	
ATXN2	1	ATXN2	
PORCN	1	PORCN	
ATXN1	1	ATXN1	
ATXN7	1	ATXN7	
SLCO1B3	1	SLCO1B3	
THEM5	1	THEM5	
THEM4	1	THEM4	
THEM6	1	C8orf55	
MFSD14CP	1	HIATL2	
C9orf85	1	C9orf85	
ZBTB18	1	ZNF238	
ZBTB17	1	ZBTB17	
GOT1	1	GOT1	
ZBTB14	1	ZFP161	
ZBTB16	1	ZBTB16	
GOT2	1	GOT2	
ZBTB10	1	ZBTB10	
ZBTB12	1	ZBTB12	
ZBTB11	1	ZBTB11	
PIN1	1	PIN1	
MYCBPAP	1	MYCBPAP	
PIN4	1	PIN4	
FLT1	1	FLT1	
HSP90AB1	1	HSP90AB1	
FLT3	1	FLT3	
FLT4	1	FLT4	
LRRK2	1	LRRK2	
RASGRF2	1	RASGRF2	
LRRK1	1	LRRK1	
RASGRF1	1	RASGRF1	
HUS1B	1	HUS1B	
ARRB1	1	ARRB1	
ARRB2	1	ARRB2	
FUNDC2	1	FUNDC2	
FUNDC1	1	FUNDC1	
NCK2	1	NCK2	
HMG20B	1	HMG20B	
CCIN	1	CCIN	
HMG20A	1	HMG20A	
NCK1	1	NCK1	
CFC1B	1	CFC1B	
HSP90AA1	1	HSP90AA1	
NDUFC2	1	NDUFC2	
NDUFC1	1	NDUFC1	
PARD3B	1	PARD3B	
SLCO1C1	1	SLCO1C1	
SYNPO2L	1	SYNPO2L	
BIRC5	1	BIRC5	
C9orf78	1	C9orf78	
BIRC6	1	BIRC6	
BIRC7	1	BIRC7	
BIRC2	1	BIRC2	
R3HCC1L	1	C10orf28	
BIRC3	1	BIRC3	
C9orf72	1	C9orf72	
ITIH5	1	ITIH5	
ITIH4	1	ITIH4	
NDUFB9	1	NDUFB9	
ITIH3	1	ITIH3	
NDUFB8	1	NDUFB8	
ITIH2	1	ITIH2	
NDUFB7	1	NDUFB7	
NDUFB6	1	NDUFB6	
PCOLCE2	1	PCOLCE2	
ZBTB47	1	ZBTB47	
NDUFB5	1	NDUFB5	
ZBTB46	1	ZBTB46	
NDUFB4	1	NDUFB4	
ZBTB49	1	ZBTB49	
NDUFB3	1	NDUFB3	
ZBTB48	1	ZBTB48	
CXXC1	1	CXXC1	
NDUFB2	1	NDUFB2	
ZBTB43	1	ZBTB43	
NDUFB1	1	NDUFB1	
PARD6G	1	PARD6G	
ZBTB42	1	ZBTB42	
ZBTB45	1	ZBTB45	
ZBTB44	1	ZBTB44	
CXXC5	1	CXXC5	
ITIH1	1	ITIH1	
CXXC4	1	CXXC4	
ZBTB41	1	ZBTB41	
ZBTB40	1	ZBTB40	
GTF2IP1	1	GTF2IP1	
PARD6B	1	PARD6B	
CCL8	1	CCL8	
KIAA1328	1	KIAA1328	
NCLN	1	NCLN	
PARD6A	1	PARD6A	
RP9P	1	RP9P	
CCL7	1	CCL7	
FCHO1	1	FCHO1	
CCL5	1	CCL5	
CCL4	1	CCL4	
FCHO2	1	FCHO2	
CCL3	1	CCL3	
CCL2	1	CCL2	
IARS2	1	IARS2	
C9orf43	1	C9orf43	
IARS1	1	IARS	
C9orf40	1	C9orf40	
PIRT	1	PIRT	
AKAIN1	1	LOC642597	
NDUFA9	1	NDUFA9	
NDUFA8	1	NDUFA8	
NDUFA7	1	NDUFA7	
NDUFA6	1	NDUFA6	
NDUFA5	1	NDUFA5	
NDUFA4	1	NDUFA4	
NDUFA3	1	NDUFA3	
NDUFA2	1	NDUFA2	
DONSON	1	DONSON	
HIP1R	1	HIP1R	
NDUFA1	1	NDUFA1	
MTRFR	1	C12orf65	
CCM2	1	CCM2	
C9orf50	1	C9orf50	
CCNK	1	CCNK	
CCNJ	1	CCNJ	
CCNI	1	CCNI	
CCNH	1	CCNH	
CCNF	1	CCNF	
CCNC	1	CCNC	
CCN6	1	WISP3	
FAM53C	1	FAM53C	
CCN5	1	WISP2	
FAM53B	1	FAM53B	
IL12B	1	IL12B	
CCN4	1	WISP1	
FAM53A	1	FAM53A	
IL12A	1	IL12A	
CCN3	1	NOV	
CCN2	1	CTGF	
CCN1	1	CYR61	
SEC62	1	SEC62	
SEC63	1	SEC63	
ZNF436-AS1	1	C1orf213	
ZFP1	1	ZFP1	
ZFP3	1	ZFP3	
ZFP2	1	ZFP2	
PISD	1	PISD	
CCNY	1	CCNY	
LACTB2	1	LACTB2	
ARRDC3-AS1	1	LOC100129716	
CCNQ	1	FAM58A	
CCNP	1	CNTD2	
CCNO	1	CCNO	
ILRUN	1	C6orf106	
CD1E	1	CD1E	
CD1D	1	CD1D	
CD1C	1	CD1C	
CD1B	1	CD1B	
CD1A	1	CD1A	
CD19	1	CD19	
SLAMF9	1	SLAMF9	
SLAMF8	1	SLAMF8	
ST8SIA4	1	ST8SIA4	
SLAMF7	1	SLAMF7	
ST8SIA5	1	ST8SIA5	
SURF6	1	SURF6	
SLAMF6	1	SLAMF6	
CD14	1	CD14	
A2M	1	A2M	
SLAMF1	1	SLAMF1	
CCR1	1	CCR1	
SURF1	1	SURF1	
IQSEC2	1	IQSEC2	
LRRN3	1	LRRN3	
IQSEC1	1	IQSEC1	
LRRN2	1	LRRN2	
ST8SIA1	1	ST8SIA1	
SURF2	1	SURF2	
ZFR2	1	ZFR2	
ADHFE1	1	ADHFE1	
ST8SIA2	1	ST8SIA2	
IQSEC3	1	IQSEC3	
LRRN4	1	LRRN4	
ST8SIA3	1	ST8SIA3	
SURF4	1	SURF4	
HSPA12A	1	HSPA12A	
HSPA12B	1	HSPA12B	
PAICS	1	PAICS	
ACER2	1	ACER2	
ARMC10	1	ARMC10	
ACER3	1	ACER3	
CD28	1	CD28	
CD27	1	CD27	
ARMC12	1	C6orf81	
LRRN1	1	LRRN1	
CD24	1	CD24	
CD22	1	CD22	
DIRAS3	1	DIRAS3	
SEC1P	1	SEC1	
CD40	1	CD40	
DIRAS1	1	DIRAS1	
DIRAS2	1	DIRAS2	
ENSG00000267882	1	LOC100131496	
CD3G	1	CD3G	
CLEC9A	1	CLEC9A	
HSCB	1	HSCB	
CD3E	1	CD3E	
CD3D	1	CD3D	
SPTLC1	1	SPTLC1	
SPTLC2	1	SPTLC2	
RSRC1	1	RSRC1	
SPTLC3	1	SPTLC3	
NCS1	1	NCS1	
CCR9	1	CCR9	
CCR8	1	CCR8	
CD38	1	CD38	
CCR7	1	CCR7	
CD37	1	CD37	
CCR6	1	CCR6	
CD36	1	CD36	
CCR5	1	CCR5	
CCR4	1	CCR4	
CD34	1	CD34	
LMCD1	1	LMCD1	
RBBP8NL	1	C20orf151	
CCR3	1	CCR3	
CD33	1	CD33	
CCR2	1	CCR2	
CCT3	1	CCT3	
CD53	1	CD53	
CCT2	1	CCT2	
CD52	1	CD52	
SEC13	1	SEC13	
PDRG1	1	PDRG1	
ZFTA	1	C11orf95	
NCR3	1	NCR3	
CD48	1	CD48	
CD47	1	CD47	
GLCCI1	1	GLCCI1	
CD46	1	CD46	
CD44	1	CD44	
CD63	1	CD63	
MIS12	1	MIS12	
CREG1	1	CREG1	
GPC1	1	GPC1	
HSF2	1	HSF2	
CREG2	1	CREG2	
HSF1	1	HSF1	
ANKRD36BP1	1	ANKRD36BP1	
GPC3	1	GPC3	
HSF4	1	HSF4	
GPC2	1	GPC2	
CD59	1	CD59	
GPC5	1	GPC5	
CCT8	1	CCT8	
CD58	1	CD58	
GPC4	1	GPC4	
HSF5	1	HSF5	
CCT7	1	CCT7	
GPC6	1	GPC6	
CCT5	1	CCT5	
CD55	1	CD55	
CCT4	1	CCT4	
CD74	1	CD74	
CD72	1	CD72	
CD70	1	CD70	
DKKL1	1	DKKL1	
RPA1	1	RPA1	
TMUB1	1	TMUB1	
RPA2	1	RPA2	
RSRC2	1	RSRC2	
TMUB2	1	TMUB2	
NLRP12	1	NLRP12	
NLRP11	1	NLRP11	
GPAM	1	GPAM	
RPA3	1	RPA3	
RPA4	1	RPA4	
CD69	1	CD69	
CD68	1	CD68	
IL17D	1	IL17D	
IL17C	1	IL17C	
IL17B	1	IL17B	
SPC24	1	SPC24	
SPC25	1	SPC25	
CD86	1	CD86	
DPAGT1	1	DPAGT1	
CD84	1	CD84	
CD83	1	CD83	
CD82	1	CD82	
CD81	1	CD81	
CD80	1	CD80	
GEMIN2	1	SIP1	
PPFIA1	1	PPFIA1	
EP300	1	EP300	
BAHCC1	1	BAHCC1	
PPFIA4	1	PPFIA4	
PPFIA3	1	PPFIA3	
PPFIA2	1	PPFIA2	
KIRREL3	1	KIRREL3	
CD96	1	CD96	
KIRREL1	1	KIRREL	
KIRREL2	1	KIRREL2	
CD93	1	CD93	
RUNDC3B	1	RUNDC3B	
RUNDC3A	1	RUNDC3A	
OSCAR	1	OSCAR	
CD8B	1	CD8B	
CD8A	1	CD8A	
GPD2	1	GPD2	
GPD1	1	GPD1	
GEMIN4	1	GEMIN4	
GEMIN5	1	GEMIN5	
GEMIN6	1	GEMIN6	
GEMIN7	1	GEMIN7	
GEMIN8	1	GEMIN8	
SLC1A1	1	SLC1A1	
SLC1A2	1	SLC1A2	
SLC1A3	1	SLC1A3	
TOR1AIP2	1	TOR1AIP2	
SLC1A4	1	SLC1A4	
PDS5B	1	PDS5B	
SLC1A5	1	SLC1A5	
DDX60	1	DDX60	
PDS5A	1	PDS5A	
RASGRP2	1	RASGRP2	
RPF2	1	RPF2	
RASGRP1	1	RASGRP1	
SLC1A7	1	SLC1A7	
RASGRP4	1	RASGRP4	
TOR1AIP1	1	TOR1AIP1	
RASGRP3	1	RASGRP3	
RPF1	1	RPF1	
CLTRN	1	TMEM27	
PACSIN2	1	PACSIN2	
PACSIN3	1	PACSIN3	
NDUFV3	1	NDUFV3	
NDUFV2	1	NDUFV2	
NDUFV1	1	NDUFV1	
CD99	1	CD99	
PACSIN1	1	PACSIN1	
IVNS1ABP	1	IVNS1ABP	
CCZ1	1	C7orf28A	
ISG15	1	ISG15	
SSH2	1	SSH2	
SSH3	1	SSH3	
SSH1	1	SSH1	
ISG20	1	ISG20	
FMC1	1	C7orf55	
RSRP1	1	C1orf63	
SERGEF	1	SERGEF	
MKRN7P	1	LOC100240726	
DDX3Y	1	DDX3Y	
DDX3X	1	DDX3X	
DDX49	1	DDX49	
DDX46	1	DDX46	
DDX47	1	DDX47	
DDX42	1	DDX42	
DDX43	1	DDX43	
SIRPB2	1	SIRPB2	
ARHGEF10L	1	ARHGEF10L	
DDX41	1	DDX41	
GPHN	1	GPHN	
SIRPB1	1	SIRPB1	
RPGR	1	RPGR	
H2BC26	1	HIST3H2BB	
H2BC21	1	HIST2H2BE	
NUP62	1	NUP62	
VCPKMT	1	C14orf138	
A4GALT	1	A4GALT	
SAXO5	1	C19orf45	
CELA2A	1	CELA2A	
DDX59	1	DDX59	
CELA2B	1	CELA2B	
DDX55	1	DDX55	
DDX56	1	DDX56	
DDX54	1	DDX54	
DDX51	1	DDX51	
DDX52	1	DDX52	
DDX50	1	DDX50	
H2BC17	1	HIST1H2BO	
H2BC18	1	HIST2H2BF	
PJA2	1	PJA2	
PJA1	1	PJA1	
H2BC12	1	HIST1H2BK	
CREB3	1	CREB3	
CREB1	1	CREB1	
H2BC15	1	HIST1H2BN	
NDUFS8	1	NDUFS8	
TMIGD2	1	TMIGD2	
NDUFS7	1	NDUFS7	
NDUFS6	1	NDUFS6	
NDUFS5	1	NDUFS5	
NUP50	1	NUP50	
H2BC11	1	HIST1H2BJ	
NDUFS4	1	NDUFS4	
NDUFS3	1	NDUFS3	
NDUFS2	1	NDUFS2	
NDUFS1	1	NDUFS1	
NUP54	1	NUP54	
SAXO2	1	FAM154B	
NUP58	1	NUPL1	
SAXO4	1	C11orf66	
CREB5	1	CREB5	
DCTN6	1	DCTN6	
DDX28	1	DDX28	
DCTN5	1	DCTN5	
NIM1K	1	MGC42105	
DDX27	1	DDX27	
DCTN2	1	DCTN2	
DDX24	1	DDX24	
DCTN1	1	DCTN1	
DDX25	1	DDX25	
DCTN4	1	DCTN4	
CYP4F29P	1	C21orf15	
DCTN3	1	DCTN3	
DDX23	1	DDX23	
DDX20	1	DDX20	
CSTF2T	1	CSTF2T	
DDX21	1	DDX21	
ERLEC1	1	ERLEC1	
NUP42	1	NUPL2	
NUP43	1	NUP43	
DDX31	1	DDX31	
RPIA	1	RPIA	
HSP90B3P	1	HSP90B3P	
KATNBL1	1	C15orf29	
SHLD2	1	FAM35A	
SHLD1	1	C20orf196	
NUP35	1	NUP35	
FAM50B	1	FAM50B	
FAM50A	1	FAM50A	
NUP37	1	NUP37	
RPL4	1	RPL4	
ZNF177	1	ZNF177	
RPL5	1	RPL5	
ZNF175	1	ZNF175	
SPAAR	1	LOC158376	
RPL3	1	RPL3	
ZNF174	1	ZNF174	
STMN2	1	STMN2	
STMN3	1	STMN3	
STMN4	1	STMN4	
RPL8	1	RPL8	
RPL9	1	RPL9	
RPL6	1	RPL6	
RPL7	1	RPL7	
PCMT1	1	PCMT1	
GNAT2	1	GNAT2	
STMN1	1	STMN1	
ZNF169	1	ZNF169	
TSPYL2	1	TSPYL2	
ZNF165	1	ZNF165	
TSPYL1	1	TSPYL1	
DAPK1	1	DAPK1	
DAPK2	1	DAPK2	
ZNF160	1	ZNF160	
DAPK3	1	DAPK3	
KIAA1217	1	KIAA1217	
SPIN2B	1	SPIN2B	
SPIN2A	1	SPIN2A	
TSPYL4	1	TSPYL4	
TSPYL5	1	TSPYL5	
ZNF155	1	ZNF155	
ZNF154	1	ZNF154	
ENPEP	1	ENPEP	
RPN2	1	RPN2	
RPN1	1	RPN1	
ABO	1	ABO	
ABR	1	ABR	
STMP1	1	PL-5283	
PTPMT1	1	PTPMT1	
SLC19A3	1	SLC19A3	
SSR1	1	SSR1	
ZNF148	1	ZNF148	
SLC19A1	1	SLC19A1	
ZNF146	1	ZNF146	
SLC19A2	1	SLC19A2	
ZNF143	1	ZNF143	
ACD	1	ACD	
ST14	1	ST14	
ZNF142	1	ZNF142	
ACE	1	ACE	
ZNF141	1	ZNF141	
ZNF140	1	ZNF140	
ST13	1	ST13	
THAP12	1	PRKRIR	
CDC7	1	CDC7	
CDC6	1	CDC6	
GPN2	1	GPN2	
GPN1	1	GPN1	
ST18	1	ST18	
THAP10	1	THAP10	
GPN3	1	GPN3	
THAP11	1	THAP11	
ACR	1	ACR	
TADA2B	1	TADA2B	
TADA2A	1	TADA2A	
OGDH	1	OGDH	
SSPN	1	SSPN	
ST20	1	ST20	
MESTIT1	1	MESTIT1	
ZNF138	1	ZNF138	
ZNF136	1	ZNF136	
ADA	1	ADA	
ZNF135	1	ZNF135	
ZNF134	1	ZNF134	
OGFR	1	OGFR	
ZNF133	1	ZNF133	
BRME1	1	C19orf57	
ZNF132	1	ZNF132	
ZNF131	1	ZNF131	
OGG1	1	OGG1	
ADK	1	ADK	
ADM	1	ADM	
FMN1	1	FMN1	
FMN2	1	FMN2	
ADO	1	ADO	
CLINT1	1	CLINT1	
RSPO2	1	RSPO2	
RSPO3	1	RSPO3	
RSPO1	1	RSPO1	
HAVCR1	1	HAVCR1	
PF4V1	1	PF4V1	
RSPO4	1	RSPO4	
TIGD1	1	TIGD1	
ZNF124	1	ZNF124	
GARNL3	1	GARNL3	
HAVCR2	1	HAVCR2	
TAPT1-AS1	1	FLJ39653	
TIGD3	1	TIGD3	
NDC1	1	TMEM48	
TIGD2	1	TIGD2	
ZNF121	1	ZNF121	
TIGD5	1	TIGD5	
TIMM29	1	C19orf52	
TIGD4	1	TIGD4	
SSR4	1	SSR4	
TIGD7	1	TIGD7	
TIGD6	1	TIGD6	
NFAM1	1	NFAM1	
SSR2	1	SSR2	
SSR3	1	SSR3	
TMT1A	1	METTL7A	
AEN	1	AEN	
TIMM22	1	TIMM22	
TIMM21	1	C18orf55	
BAAT	1	BAAT	
TMT1B	1	METTL7B	
CD200R1	1	CD200R1	
ZNF117	1	ZNF117	
ZNF114	1	ZNF114	
ZNF112	1	ZFP112	
SCARNA12	1	SCARNA12	
SCARNA10	1	SCARNA10	
GPS1	1	GPS1	
TIMM13	1	TIMM13	
GPS2	1	GPS2	
TIMM10	1	TIMM10	
SCARNA17	1	SCARNA17	
ECPAS	1	KIAA0368	
ATP6AP1L	1	ATP6AP1L	
BCLAF3	1	CXorf23	
LMAN1	1	LMAN1	
BCLAF1	1	BCLAF1	
LMAN2	1	LMAN2	
RPS3	1	RPS3	
ZNF107	1	ZNF107	
ALKAL2	1	FAM150B	
ZNF106	1	ZFP106	
AGA	1	AGA	
ALKAL1	1	FAM150A	
RPS2	1	RPS2	
RPRM	1	RPRM	
ZNF101	1	ZNF101	
ZNF100	1	ZNF100	
TIGAR	1	C12orf5	
AGK	1	AGK	
AGL	1	AGL	
NDE1	1	NDE1	
FMO1	1	FMO1	
FMO2	1	FMO2	
GPR4	1	GPR4	
TYW1B	1	TYW1B	
FMO3	1	FMO3	
GPR3	1	GPR3	
FMO4	1	FMO4	
FMO5	1	FMO5	
AGT	1	AGT	
HINFP	1	HINFP	
XAB2	1	XAB2	
THSD1P1	1	THSD1P1	
VEPH1	1	VEPH1	
FMOD	1	FMOD	
DGKG	1	DGKG	
DGKE	1	DGKE	
DGKD	1	DGKD	
DGKB	1	DGKB	
CTNND2	1	CTNND2	
DGKA	1	DGKA	
FMR1	1	FMR1	
CTNND1	1	CTNND1	
AHR	1	AHR	
OTOAP1	1	LOC653786	
WASH2P	1	WASH2P	
CDH8	1	CDH8	
CDH6	1	CDH6	
RPH3A	1	RPH3A	
CDH5	1	CDH5	
CDH4	1	CDH4	
CDH3	1	CDH3	
MAEA	1	MAEA	
APMAP	1	C20orf3	
CDH2	1	CDH2	
CDH1	1	CDH1	
CLEC5A	1	CLEC5A	
MAEL	1	MAEL	
MAF1	1	MAF1	
RPS9	1	RPS9	
PPTC7	1	PPTC7	
RPS7	1	RPS7	
RPS8	1	RPS8	
GPT2	1	GPT2	
RPS5	1	RPS5	
RPS6	1	RPS6	
AIP	1	AIP	
RPSA	1	RPSA	
DGKZ	1	DGKZ	
MOB3B	1	MOBKL2B	
MOB3A	1	MOBKL2A	
TRAIP	1	TRAIP	
ARMCX3	1	ARMCX3	
CLEC4A	1	CLEC4A	
ST7L	1	ST7L	
GPATCH11	1	CCDC75	
MOB3C	1	MOBKL2C	
ARMCX1	1	ARMCX1	
ARMCX2	1	ARMCX2	
CLEC4D	1	CLEC4D	
ARMCX5	1	ARMCX5	
DGKQ	1	DGKQ	
ARMCX6	1	ARMCX6	
MADD	1	MADD	
CLEC4E	1	CLEC4E	
CLEC4F	1	CLEC4F	
CLEC4G	1	CLEC4G	
DGKI	1	DGKI	
TMPO-AS1	1	LOC100128191	
DGKH	1	DGKH	
NOTCH2	1	NOTCH2	
LSMEM2	1	C3orf45	
NOTCH3	1	NOTCH3	
NOTCH1	1	NOTCH1	
LSMEM1	1	C7orf53	
NOTCH4	1	NOTCH4	
AK1	1	AK1	
NATD1	1	C17orf103	
AK2	1	AK2	
AK3	1	AK3	
AK4	1	AK3L1	
AK5	1	AK5	
GPATCH2L	1	C14orf118	
AK7	1	AK7	
AK8	1	C9orf98	
AK9	1	AKD1	
BAG6	1	BAT3	
JMJD1C-AS1	1	LOC84989	
BAG4	1	BAG4	
BAG5	1	BAG5	
BAG2	1	BAG2	
BAG3	1	BAG3	
CLEC7A	1	CLEC7A	
MUSTN1	1	MUSTN1	
BAG1	1	BAG1	
UGT3A2	1	UGT3A2	
DSCR9	1	DSCR9	
MPDU1	1	MPDU1	
FN3K	1	FN3K	
MOAP1	1	MOAP1	
RITA1	1	C12orf52	
MAFA	1	MAFA	
WASH3P	1	WASH3P	
CDK9	1	CDK9	
MOB1B	1	MOBKL1A	
CDK8	1	CDK8	
MOB1A	1	MOBKL1B	
RCAN1	1	RCAN1	
CDK7	1	CDK7	
CDK6	1	CDK6	
MAFB	1	MAFB	
CDK5	1	CDK5	
CDK4	1	CDK4	
CDK3	1	CDK3	
MAFG	1	MAFG	
RCAN2	1	RCAN2	
ALB	1	ALB	
CDK2	1	CDK2	
MAFF	1	MAFF	
RCAN3	1	RCAN3	
CDK1	1	CDK1	
MAFK	1	MAFK	
DHCR7	1	DHCR7	
XAF1	1	XAF1	
TCAM1P	1	TCAM1P	
WRAP53	1	WRAP53	
ALK	1	ALK	
CARINH	1	C5orf56	
TRADD	1	TRADD	
PTPN20	1	PTPN20B	
PTPN21	1	PTPN21	
C16orf46	1	C16orf46	
PTPN22	1	PTPN22	
PTPN23	1	PTPN23	
PAGR1	1	C16orf53	
CLEC1A	1	CLEC1A	
SIN3B	1	SIN3B	
SIN3A	1	SIN3A	
AMH	1	AMH	
TAPT1	1	TAPT1	
AMN	1	AMN	
GPX2	1	GPX2	
GPX1	1	GPX1	
GPX4	1	GPX4	
GPX3	1	GPX3	
LIX1L	1	LIX1L	
AMT	1	AMT	
GPX8	1	GPX8	
GPX7	1	GPX7	
TRAF2	1	TRAF2	
WASH5P	1	WASH5P	
TRAF1	1	TRAF1	
YDJC	1	YDJC	
TRAF7	1	TRAF7	
WRAP73	1	WDR8	
TRAF4	1	TRAF4	
TRAF3	1	TRAF3	
TRAF6	1	TRAF6	
TRAF5	1	TRAF5	
ANG	1	ANG	
TRABD	1	TRABD	
NFAT5	1	NFAT5	
LUZP1	1	LUZP1	
CLEC2L	1	CLEC2L	
LUZP2	1	LUZP2	
CDNF	1	CDNF	
WASH8P	1	LOC100288778	
NDNF	1	C4orf31	
KIAA1210	1	KIAA1210	
ENOX2	1	ENOX2	
CLEC3B	1	CLEC3B	
HIRIP3	1	HIRIP3	
MGAT5B	1	MGAT5B	
MAL2	1	MAL2	
BAK1	1	BAK1	
FNIP1	1	FNIP1	
TIGIT	1	TIGIT	
FNIP2	1	FNIP2	
SPAG9	1	SPAG9	
PTPN18	1	PTPN18	
SPAG7	1	SPAG7	
SPAG8	1	SPAG8	
SPAG5	1	SPAG5	
SPAG6	1	SPAG6	
AHNAK2	1	AHNAK2	
SPAG4	1	SPAG4	
WASH7P	1	WASH7P	
PTPN11	1	PTPN11	
PTPN12	1	PTPN12	
PTPN13	1	PTPN13	
PTPN14	1	PTPN14	
ENOX1	1	ENOX1	
ANXA2R-AS1	1	LOC153684	
MGAT4C	1	MGAT4C	
NFASC	1	NFASC	
CLEC2B	1	CLEC2B	
APC	1	APC	
MGAT4A	1	MGAT4A	
MGAT4B	1	MGAT4B	
SPAG1	1	SPAG1	
FOLR3	1	FOLR3	
CDO1	1	CDO1	
FOLR2	1	FOLR2	
CLEC2D	1	CLEC2D	
FOLR1	1	FOLR1	
APP	1	APP	
SPARC	1	SPARC	
PJVK	1	DFNB59	
KIFAP3	1	KIFAP3	
B2M	1	B2M	
CDON	1	CDON	
AQR	1	AQR	
MRPS18B	1	MRPS18B	
MRPS18A	1	MRPS18A	
MIF4GD	1	MIF4GD	
MRPS18C	1	MRPS18C	
CHIT1	1	CHIT1	
INPP4A	1	INPP4A	
INPP4B	1	INPP4B	
ARC	1	ARC	
CEP57L1	1	C6orf182	
CRYZL1	1	CRYZL1	
MALL	1	MALL	
AURKAIP1	1	AURKAIP1	
CDS1	1	CDS1	
MAOB	1	MAOB	
MAOA	1	MAOA	
ARX	1	ARX	
TMTC3	1	TMTC3	
TWF2	1	TWF2	
STC1	1	STC1	
TMTC2	1	TMTC2	
TWF1	1	TWF1	
TMTC1	1	TMTC1	
TMTC4	1	TMTC4	
OLMALINC	1	C10orf75	
INPP5B	1	INPP5B	
CYP4X1	1	CYP4X1	
INPP5A	1	INPP5A	
SPAST	1	SPAST	
INPP5F	1	INPP5F	
MAP2	1	MAP2	
INPP5D	1	INPP5D	
STC2	1	STC2	
CMYA5	1	CMYA5	
INPP5E	1	INPP5E	
INPP5J	1	INPP5J	
ENSG00000292993	1	LOC100129534	
MAP7	1	MAP7	
INPP5K	1	INPP5K	
MAP6	1	MAP6	
ASL	1	ASL	
MAP4	1	MAP4	
CDR2	1	CDR2	
MAP9	1	MAP9	
BANP	1	BANP	
CDR1	1	CDR1	
CDT1	1	CDT1	
TRAP1	1	TRAP1	
CDSN	1	CDSN	
FAM66A	1	FAM66A	
GADD45B	1	GADD45B	
GADD45A	1	GADD45A	
STAC	1	STAC	
STAM	1	STAM	
LRP2BP	1	LRP2BP	
GADD45G	1	GADD45G	
MANF	1	MANF	
SPART	1	SPG20	
STAR	1	STAR	
FAM66D	1	FAM66D	
SPATS2L	1	SPATS2L	
ATM	1	ATM	
FAM66C	1	FAM66C	
BAP1	1	BAP1	
ATR	1	ATR	
CDS2	1	CDS2	
H2AX	1	H2AFX	
TRAM1	1	TRAM1	
HNRNPCL3	1	LOC649330	
ADIRF	1	C10orf116	
BICDL1	1	CCDC64	
BICDL2	1	CCDC64B	
VLDLR	1	VLDLR	
TRAM2	1	TRAM2	
JCHAIN	1	IGJ	
HINT1	1	HINT1	
HINT2	1	HINT2	
AUH	1	AUH	
HINT3	1	HINT3	
H3-3A	1	H3F3A	
H3-3B	1	H3F3B	
CDV3	1	CDV3	
H2AJ	1	H2AFJ	
MAPT	1	MAPT	
TRAK1	1	TRAK1	
TRAK2	1	TRAK2	
PTCHD1	1	PTCHD1	
DZANK1	1	C20orf12	
CTNNA1	1	CTNNA1	
CILP2	1	CILP2	
CTNNA3	1	CTNNA3	
PTCHD3	1	PTCHD3	
PTCHD4	1	C6orf138	
CTNNA2	1	CTNNA2	
GDF10	1	GDF10	
CGREF1	1	CGREF1	
GDF11	1	GDF11	
CDX2	1	CDX2	
CDX1	1	CDX1	
DMRT2	1	DMRT2	
GDF15	1	GDF15	
BATF	1	BATF	
AXL	1	AXL	
CTNNB1	1	CTNNB1	
SERHL2	1	SERHL2	
WASHC4	1	KIAA1033	
WASHC5	1	KIAA0196	
KIAA1191	1	KIAA1191	
DSCC1	1	DSCC1	
IL18RAP	1	IL18RAP	
WASHC3	1	CCDC53	
MAPKAPK5-AS1	1	C12orf47	
ABCG5	1	ABCG5	
DSCAM	1	DSCAM	
SLX1B	1	GIYD2	
APLP2	1	APLP2	
APLP1	1	APLP1	
MATK	1	MATK	
PPP4R3A	1	SMEK1	
CDYL	1	CDYL	
PPP4R3B	1	SMEK2	
MPEG1	1	MPEG1	
MAU2	1	KIAA0892	
PHOSPHO1	1	PHOSPHO1	
FOLH1	1	FOLH1	
PHOSPHO2	1	PHOSPHO2	
APLNR	1	APLNR	
ABCG4	1	ABCG4	
ABCG1	1	ABCG1	
ABCG2	1	ABCG2	
MORC2-AS1	1	C22orf27	
PLCXD1	1	PLCXD1	
STK4	1	STK4	
PLCXD2	1	PLCXD2	
ZFP36L2	1	ZFP36L2	
STK3	1	STK3	
ZFP36L1	1	ZFP36L1	
EP400	1	EP400	
PPP4R1L	1	PPP4R1L	
STIL	1	STIL	
AZIN2	1	ADC	
AZIN1	1	AZIN1	
SLC2A9	1	SLC2A9	
MAVS	1	MAVS	
PLCXD3	1	PLCXD3	
KCNJ5-AS1	1	C11orf45	
ABCD4	1	ABCD4	
B4GALT2	1	B4GALT2	
B4GALT3	1	B4GALT3	
ABCD2	1	ABCD2	
QNG1	1	C9orf64	
ABCD3	1	ABCD3	
B4GALT1	1	B4GALT1	
AQP10	1	AQP10	
SLC2A1	1	SLC2A1	
SLC2A2	1	SLC2A2	
SLC2A3	1	SLC2A3	
SLC2A4	1	SLC2A4	
CHTF18	1	CHTF18	
PKD2	1	PKD2	
SLC2A5	1	SLC2A5	
PKD1	1	PKD1	
SLC2A6	1	SLC2A6	
CKS1B	1	CKS1B	
SLC2A8	1	SLC2A8	
HEBP1	1	HEBP1	
HEBP2	1	HEBP2	
SDR16C5	1	SDR16C5	
CYP4V2	1	CYP4V2	
ABCD1	1	ABCD1	
ABCC3	1	ABCC3	
KLF10	1	KLF10	
ABCC4	1	ABCC4	
KLF11	1	KLF11	
ABCC1	1	ABCC1	
KLF12	1	KLF12	
ABCC2	1	ABCC2	
KLF13	1	KLF13	
AQP12B	1	AQP12B	
ABCC8	1	ABCC8	
ABCC5	1	ABCC5	
ABCC6	1	ABCC6	
TWNK	1	C10orf2	
ABCC9	1	ABCC9	
KLF14	1	KLF14	
KLF15	1	KLF15	
KLF16	1	KLF16	
TGFBR1	1	TGFBR1	
KLF17	1	KLF17	
TGFBR2	1	TGFBR2	
TGFBR3	1	TGFBR3	
DDX19A	1	DDX19A	
DDX19B	1	DDX19B	
SSR4P1	1	C21orf122	
B4GALT6	1	B4GALT6	
B4GALT7	1	B4GALT7	
B4GALT4	1	B4GALT4	
CILK1	1	ICK	
B4GALT5	1	B4GALT5	
ZNF197	1	ZNF197	
TM2D2	1	TM2D2	
ZNF195	1	ZNF195	
TM2D1	1	TM2D1	
TM2D3	1	TM2D3	
IWS1	1	IWS1	
RMND5B	1	RMND5B	
RMND5A	1	RMND5A	
STOM	1	STOM	
ABCF2	1	ABCF2	
ABCF3	1	ABCF3	
LEKR1	1	LEKR1	
ABCF1	1	ABCF1	
MUTYH	1	MUTYH	
ZNF189	1	ZNF189	
IGBP1	1	IGBP1	
STN1	1	OBFC1	
ZNF185	1	ZNF185	
ZNF184	1	ZNF184	
BAD	1	BAD	
TRAT1	1	TRAT1	
ZNF182	1	ZNF182	
ZNF181	1	ZNF181	
ZNF180	1	ZNF180	
H3-5	1	H3F3C	
PIK3IP1	1	PIK3IP1	
CLK2P1	1	CLK2P	
AQP11	1	AQP11	
BAX	1	BAX	
ABCE1	1	ABCE1	
